Id,Sales
1,3953.35986328125
2,7986.17578125
3,9365.5283203125
4,7680.8427734375
5,7304.3076171875
6,5833.9912109375
7,7417.099609375
8,8180.01123046875
9,5250.90380859375
10,5642.93505859375
11,7495.14013671875
12,8369.1376953125
13,7328.798828125
14,8597.11328125
15,5800.58251953125
16,4935.05029296875
17,8196.09765625
18,10173.015625
19,10541.16796875
20,10163.5166015625
21,8294.4677734375
22,4849.857421875
23,6046.22802734375
24,4083.552978515625
25,8160.3251953125
26,9896.0810546875
27,8667.8203125
28,5580.9267578125
29,5640.18798828125
30,3985.809326171875
31,5734.25146484375
32,10456.78125
33,6586.17431640625
34,5794.22216796875
35,6144.716796875
36,7359.14697265625
37,3703.5830078125
38,8122.01513671875
39,4629.50927734375
40,7593.53955078125
41,7582.65673828125
42,5225.9873046875
43,8019.0126953125
44,7529.30810546875
45,4814.546875
46,6945.53857421875
47,7651.43798828125
48,11560.7021484375
49,6420.33544921875
50,8217.19140625
51,6942.6533203125
52,9553.5107421875
53,6738.29296875
54,9417.861328125
55,5374.2294921875
56,5138.6279296875
57,5750.2685546875
58,5937.44287109375
59,9420.716796875
60,8078.01708984375
61,5822.45703125
62,8214.0048828125
63,6804.708984375
64,10469.265625
65,3947.451171875
66,13303.9609375
67,4982.24365234375
68,5775.88330078125
69,8434.6748046875
70,4916.22998046875
71,6468.9384765625
72,6919.1484375
73,8030.7138671875
74,7293.1181640625
75,5334.509765625
76,7470.85888671875
77,8095.3408203125
78,6645.03759765625
79,5695.255859375
80,7338.18798828125
81,12212.7880859375
82,7297.2177734375
83,5368.427734375
84,7256.26123046875
85,6023.84375
86,5487.5087890625
87,7509.78564453125
88,4160.3642578125
89,7973.35595703125
90,6252.5986328125
91,7159.9677734375
92,7544.8173828125
93,4209.052734375
94,5565.10595703125
95,4736.90234375
96,8551.703125
97,8834.7939453125
98,5384.1298828125
99,4393.42822265625
100,7549.86962890625
101,6254.287109375
102,6073.82861328125
103,7502.56298828125
104,6795.68603515625
105,7886.93212890625
106,5586.923828125
107,4481.3154296875
108,6696.9521484375
109,8499.8486328125
110,8226.8232421875
111,8374.6279296875
112,8087.66064453125
113,5653.1806640625
114,8958.3935546875
115,5724.5966796875
116,7502.2041015625
117,9785.0263671875
118,6509.34326171875
119,10467.0478515625
120,8167.60693359375
121,7815.302734375
122,6375.36767578125
123,7199.9208984375
124,8100.4296875
125,7278.595703125
126,4489.51171875
127,5808.94140625
128,8047.0859375
129,6441.79296875
130,5167.02392578125
131,8790.525390625
132,6607.2685546875
133,5881.19580078125
134,6609.32666015625
135,5555.79150390625
136,7450.50927734375
137,7188.185546875
138,7361.361328125
139,5369.92236328125
140,5262.2216796875
141,6452.77685546875
142,3786.982666015625
143,6579.6953125
144,5897.66748046875
145,8669.822265625
146,7588.6806640625
147,6885.88037109375
148,11177.107421875
149,5192.18505859375
150,5205.421875
151,10351.013671875
152,6975.86865234375
153,9009.1552734375
154,7297.7626953125
155,5725.01171875
156,6302.02197265625
157,5983.30859375
158,8799.9365234375
159,12277.0419921875
160,6556.7705078125
161,3402.836181640625
162,4677.326171875
163,8100.99072265625
164,8324.2216796875
165,6156.0341796875
166,6929.37744140625
167,5440.73876953125
168,5289.208984375
169,3907.518310546875
170,5902.083984375
171,6514.26806640625
172,7488.255859375
173,7785.48779296875
174,8247.8681640625
175,8418.7236328125
176,9701.7763671875
177,7699.69482421875
178,5176.0517578125
179,9894.9638671875
180,11004.5625
181,5950.78857421875
182,7640.07666015625
183,5742.51513671875
184,6857.359375
185,4444.3154296875
186,7717.5693359375
187,5364.88671875
188,9302.291015625
189,7384.66064453125
190,8570.974609375
191,7797.0419921875
192,5998.525390625
193,8481.7177734375
194,18847.794921875
195,10663.595703125
196,5908.46728515625
197,2887.376708984375
198,6480.240234375
199,8936.0029296875
200,6337.18505859375
201,13237.845703125
202,19537.703125
203,5975.3203125
204,6604.22265625
205,10415.04296875
206,5530.41259765625
207,8303.68359375
208,7004.97314453125
209,8039.25927734375
210,5651.38671875
211,5986.10400390625
212,6058.353515625
213,7804.16259765625
214,10492.2763671875
215,6200.19921875
216,6338.689453125
217,7770.44921875
218,5882.92333984375
219,5372.79638671875
220,7970.712890625
221,5969.3408203125
222,5850.04736328125
223,7058.49072265625
224,6481.99365234375
225,5309.0341796875
226,7655.35693359375
227,7503.0361328125
228,8723.9423828125
229,6969.53173828125
230,7588.44677734375
231,5672.63037109375
232,3720.716064453125
233,7123.484375
234,6064.34423828125
235,6262.88330078125
236,4847.7958984375
237,8341.5947265625
238,7809.44970703125
239,10108.625
240,7250.73486328125
241,6003.6572265625
242,5626.70947265625
243,5254.07666015625
244,10037.869140625
245,5185.96435546875
246,7520.1748046875
247,15022.744140625
248,6897.28125
249,7536.42724609375
250,5871.46435546875
251,4840.51904296875
252,7211.759765625
253,4231.37158203125
254,5865.56396484375
255,11239.755859375
256,5210.25146484375
257,15980.265625
258,14233.7578125
259,5471.7900390625
260,7158.59814453125
261,5698.50634765625
262,7230.93359375
263,5867.16943359375
264,11266.6923828125
265,7597.96240234375
266,9916.44140625
267,5754.716796875
268,7801.26171875
269,6378.392578125
270,8318.3203125
271,7515.3212890625
272,6337.88232421875
273,7003.83642578125
274,6786.310546875
275,8496.033203125
276,9787.4970703125
277,6176.0849609375
278,10280.2333984375
279,6717.33349609375
280,10075.841796875
281,5832.7373046875
282,5735.37841796875
283,5595.99267578125
284,10936.3076171875
285,6358.59326171875
286,8093.32177734375
287,7312.1416015625
288,8497.9775390625
289,4734.51806640625
290,8328.4912109375
291,7063.6005859375
292,4149.33642578125
293,9939.466796875
294,17997.529296875
295,7091.345703125
296,6903.2666015625
297,8887.18359375
298,10849.3564453125
299,11402.3896484375
300,5445.14111328125
301,7802.9306640625
302,5699.8134765625
303,8889.05859375
304,4026.022705078125
305,5871.3291015625
306,5642.9560546875
307,6026.67919921875
308,7482.8466796875
309,5908.86083984375
310,4920.07861328125
311,7080.92822265625
312,4282.0
313,4949.51171875
314,6620.98388671875
315,7097.474609375
316,9691.0419921875
317,8724.5693359375
318,8211.4619140625
319,6748.26123046875
320,6256.6171875
321,9433.7265625
322,7707.5107421875
323,5759.48876953125
324,4655.91259765625
325,8455.5673828125
326,4581.99853515625
327,7598.16357421875
328,3842.340576171875
329,4926.74365234375
330,9510.7333984375
331,7110.94677734375
332,6138.32275390625
333,9009.4619140625
334,10040.0537109375
335,12187.533203125
336,6273.7470703125
337,9583.9716796875
338,3018.39111328125
339,5255.271484375
340,6332.802734375
341,4726.9736328125
342,7619.28125
343,4795.16943359375
344,5852.8349609375
345,8775.6767578125
346,10073.908203125
347,9476.896484375
348,5330.46875
349,5736.16943359375
350,8453.8486328125
351,6985.77099609375
352,6145.6083984375
353,5706.49609375
354,6964.5419921875
355,9447.8095703125
356,4448.1640625
357,6413.5380859375
358,8050.654296875
359,8125.41357421875
360,13497.8310546875
361,6036.54931640625
362,15078.5390625
363,6824.62841796875
364,5417.6865234375
365,3721.27880859375
366,5940.1474609375
367,6414.04638671875
368,5971.99951171875
369,7487.40966796875
370,5670.82373046875
371,4562.591796875
372,6901.640625
373,4966.5576171875
374,6892.6767578125
375,7482.70166015625
376,8081.2509765625
377,8681.5146484375
378,6142.61572265625
379,9065.921875
380,5958.9462890625
381,5655.75146484375
382,6020.478515625
383,4720.18994140625
384,10806.2216796875
385,6775.12548828125
386,5449.498046875
387,7531.7939453125
388,9181.1640625
389,7811.71142578125
390,6257.69970703125
391,8770.072265625
392,5787.0634765625
393,6416.73193359375
394,6752.94140625
395,9274.27734375
396,6426.54931640625
397,6521.28857421875
398,6004.3486328125
399,5674.7060546875
400,4754.22021484375
401,5730.3115234375
402,7616.333984375
403,9036.9091796875
404,10040.80078125
405,11723.404296875
406,8630.0517578125
407,6004.6162109375
408,5373.01953125
409,10551.5302734375
410,10836.7939453125
411,8208.046875
412,8936.513671875
413,7922.88671875
414,6424.82080078125
415,3913.479736328125
416,8133.80322265625
417,7313.97314453125
418,6033.54638671875
419,6504.4755859375
420,2993.13134765625
421,12092.623046875
422,6114.56396484375
423,7893.1318359375
424,4901.21826171875
425,5613.98681640625
426,6690.7421875
427,8759.5546875
428,6884.98681640625
429,5046.07421875
430,4718.5791015625
431,3840.282470703125
432,4426.3466796875
433,7285.078125
434,17196.791015625
435,5113.00341796875
436,6014.39599609375
437,6355.3544921875
438,5361.6435546875
439,5227.384765625
440,5154.74951171875
441,4069.019287109375
442,7374.61328125
443,7227.90283203125
444,3827.706787109375
445,8825.833984375
446,6397.01220703125
447,5020.103515625
448,9102.2255859375
449,7406.650390625
450,9296.6484375
451,5761.78662109375
452,6745.15283203125
453,4740.75634765625
454,5451.623046875
455,13429.5078125
456,9937.16015625
457,7285.58203125
458,5620.34521484375
459,5366.095703125
460,6061.23046875
461,5672.0087890625
462,11062.4365234375
463,5541.107421875
464,5292.5419921875
465,8325.564453125
466,4711.20458984375
467,6579.43798828125
468,7532.51416015625
469,6985.1552734375
470,7914.1015625
471,4675.78369140625
472,5603.14892578125
473,6919.77587890625
474,8688.4990234375
475,8351.7900390625
476,7482.67333984375
477,4652.90087890625
478,7847.54638671875
479,5902.833984375
480,4948.94677734375
481,7113.72705078125
482,7513.10693359375
483,6926.52587890625
484,6573.3232421875
485,6163.91162109375
486,7154.65185546875
487,6400.345703125
488,7071.59033203125
489,6841.38330078125
490,6713.923828125
491,9648.357421875
492,6114.55908203125
493,5299.6083984375
494,12230.228515625
495,5024.931640625
496,4158.3564453125
497,7324.5517578125
498,8516.1142578125
499,11509.80078125
500,5006.60595703125
501,6197.32568359375
502,5990.9794921875
503,7123.33984375
504,5779.685546875
505,8420.794921875
506,3504.25341796875
507,6644.45361328125
508,6801.6376953125
509,5675.939453125
510,5626.763671875
511,7209.33642578125
512,8272.1611328125
513,6064.0390625
514,9006.7138671875
515,7246.63623046875
516,9094.765625
517,5777.59033203125
518,6987.9775390625
519,7727.40380859375
520,8643.1552734375
521,7213.73291015625
522,5300.2412109375
523,9589.59375
524,7058.72802734375
525,7663.54541015625
526,4225.79541015625
527,4207.2626953125
528,8824.4189453125
529,6859.72021484375
530,9066.791015625
531,7563.029296875
532,5468.06298828125
533,9072.3388671875
534,7252.5205078125
535,7795.0986328125
536,8193.982421875
537,6718.87744140625
538,9304.1181640625
539,10740.576171875
540,7982.61865234375
541,5271.044921875
542,6661.1015625
543,5182.3740234375
544,0.0
545,8211.2890625
546,5825.89111328125
547,8394.125
548,4788.13671875
549,5700.76513671875
550,5979.6416015625
551,8981.6240234375
552,5806.12109375
553,5372.75244140625
554,6167.169921875
555,7852.0859375
556,5600.9013671875
557,7126.208984375
558,7728.94580078125
559,8279.6689453125
560,8451.001953125
561,7299.84765625
562,6206.931640625
563,5214.64208984375
564,5421.1328125
565,10391.13671875
566,9396.423828125
567,6869.15283203125
568,15452.8837890625
569,5303.546875
570,5187.92822265625
571,5366.11962890625
572,8620.2763671875
573,10349.6123046875
574,7304.93408203125
575,8747.6005859375
576,8452.689453125
577,7855.37939453125
578,7005.38671875
579,6036.16845703125
580,5503.41455078125
581,5278.71240234375
582,4503.0458984375
583,5576.71630859375
584,8916.2607421875
585,16814.92578125
586,7170.1689453125
587,5414.50537109375
588,7494.244140625
589,5085.2958984375
590,6846.919921875
591,4460.12109375
592,9842.119140625
593,7152.7451171875
594,6385.62158203125
595,13203.1337890625
596,11630.4248046875
597,7089.28857421875
598,7207.63525390625
599,4227.736328125
600,5482.8544921875
601,5431.93359375
602,8795.595703125
603,5461.04736328125
604,4424.0830078125
605,4998.34716796875
606,5778.55908203125
607,6935.97119140625
608,7438.17919921875
609,4523.50439453125
610,7163.2041015625
611,7520.0302734375
612,8027.78955078125
613,5728.1533203125
614,4624.92626953125
615,7364.326171875
616,5398.71142578125
617,9604.00390625
618,4636.74365234375
619,5371.9697265625
620,7475.75341796875
621,6300.5556640625
622,5304.365234375
623,6990.650390625
624,6783.53125
625,9014.142578125
626,9409.822265625
627,6076.98974609375
628,4121.5107421875
629,5943.6982421875
630,5532.95947265625
631,4959.7470703125
632,6398.55712890625
633,6782.50830078125
634,11336.541015625
635,8124.69873046875
636,6594.3369140625
637,7567.48486328125
638,5693.6416015625
639,8537.5341796875
640,5962.31884765625
641,13285.779296875
642,6557.123046875
643,5481.7421875
644,5559.34033203125
645,4553.189453125
646,6825.5986328125
647,18767.302734375
648,4339.2509765625
649,5095.91455078125
650,9664.5087890625
651,6141.662109375
652,7930.40771484375
653,8365.349609375
654,6380.4375
655,5521.13037109375
656,4874.4599609375
657,10166.107421875
658,6517.63427734375
659,7189.71875
660,7979.23486328125
661,5205.6767578125
662,6844.95703125
663,5991.36669921875
664,4358.02587890625
665,9200.3916015625
666,8622.4013671875
667,4946.39990234375
668,7822.7890625
669,7316.3701171875
670,5042.951171875
671,10253.357421875
672,7396.87744140625
673,8136.01513671875
674,5161.45263671875
675,6433.4560546875
676,6482.1220703125
677,0.0
678,8518.0078125
679,3864.11181640625
680,5828.517578125
681,5029.22607421875
682,6515.5078125
683,5886.0712890625
684,6734.62109375
685,7165.916015625
686,7249.419921875
687,5937.228515625
688,6515.4609375
689,6356.6474609375
690,8737.859375
691,10300.490234375
692,7479.626953125
693,4185.5615234375
694,6119.00634765625
695,7469.12451171875
696,4310.91064453125
697,11327.203125
698,5641.439453125
699,8133.2138671875
700,10117.564453125
701,6733.6494140625
702,4929.3232421875
703,14332.2431640625
704,9773.8330078125
705,5920.07666015625
706,9296.765625
707,9426.34375
708,6225.31689453125
709,7238.8623046875
710,7477.65576171875
711,5908.5009765625
712,5498.2548828125
713,7329.77392578125
714,4892.2392578125
715,6586.5615234375
716,7568.40185546875
717,6625.09619140625
718,8588.3212890625
719,6144.99169921875
720,6036.94384765625
721,4931.18505859375
722,8148.7841796875
723,6660.52880859375
724,6862.87451171875
725,6644.91845703125
726,7629.59814453125
727,9396.6328125
728,5750.34912109375
729,5400.228515625
730,6816.01953125
731,7403.06005859375
732,5757.193359375
733,4235.5537109375
734,4583.9931640625
735,7838.35107421875
736,8129.0224609375
737,5565.71826171875
738,8192.8271484375
739,5895.22998046875
740,6247.376953125
741,5248.88037109375
742,3454.8046875
743,7793.83349609375
744,6694.32666015625
745,6338.2998046875
746,9255.0341796875
747,8054.37060546875
748,4772.15576171875
749,8630.66015625
750,4966.45703125
751,3575.678466796875
752,6919.2724609375
753,8400.19921875
754,8415.359375
755,7051.33056640625
756,5563.5234375
757,6662.94091796875
758,8754.9150390625
759,6574.224609375
760,6400.43310546875
761,5422.93359375
762,5656.2626953125
763,5957.4765625
764,5572.37158203125
765,5189.48681640625
766,5596.88037109375
767,6068.2470703125
768,4850.68212890625
769,6950.8271484375
770,6893.8525390625
771,5433.1982421875
772,6165.57666015625
773,7499.982421875
774,6256.27294921875
775,5763.65234375
776,9983.0673828125
777,7674.13720703125
778,5973.0947265625
779,3827.4326171875
780,11822.9736328125
781,6947.64306640625
782,6090.43701171875
783,8881.4892578125
784,6714.08447265625
785,7601.234375
786,6759.28173828125
787,7374.1650390625
788,8118.779296875
789,13832.2646484375
790,4506.990234375
791,4808.1796875
792,5628.10302734375
793,6456.02978515625
794,6019.080078125
795,7902.24365234375
796,8902.0205078125
797,6105.33251953125
798,4153.37939453125
799,6350.23193359375
800,9011.947265625
801,5446.61376953125
802,7890.37841796875
803,4358.486328125
804,7379.5
805,7861.55322265625
806,7282.076171875
807,8122.25146484375
808,6862.75634765625
809,5342.65576171875
810,7530.4951171875
811,7068.19677734375
812,8881.2451171875
813,7132.43017578125
814,8846.24609375
815,6214.26708984375
816,4877.0595703125
817,9532.6220703125
818,4767.70361328125
819,9506.45703125
820,6302.63232421875
821,5229.9638671875
822,6791.63037109375
823,6105.97607421875
824,7831.39892578125
825,8213.9208984375
826,4453.92529296875
827,4859.4189453125
828,8211.017578125
829,8949.5048828125
830,9731.03515625
831,5593.1044921875
832,6101.8486328125
833,6188.5732421875
834,7417.75732421875
835,6269.16455078125
836,9467.61328125
837,9444.826171875
838,10999.0966796875
839,5019.84228515625
840,6084.89892578125
841,0.0
842,8273.3515625
843,5338.90185546875
844,9532.0625
845,6044.03662109375
846,6143.86572265625
847,5346.37109375
848,5091.787109375
849,5373.9697265625
850,5997.18798828125
851,5295.9013671875
852,4818.57177734375
853,9312.6689453125
854,7345.47216796875
855,21354.796875
856,7605.3125
857,4334.9990234375
858,8573.048828125
859,9682.552734375
860,6780.08984375
861,7719.06982421875
862,6152.0390625
863,8473.8193359375
864,8807.34375
865,7444.134765625
866,5579.34130859375
867,7337.23974609375
868,8871.5244140625
869,7449.689453125
870,8485.9306640625
871,5718.24609375
872,4929.380859375
873,8062.38525390625
874,10960.1845703125
875,10974.5693359375
876,10305.28125
877,8366.6279296875
878,5263.67236328125
879,6153.5615234375
880,4430.51611328125
881,8435.33984375
882,9431.27734375
883,9869.41796875
884,5803.9912109375
885,6458.94091796875
886,4101.9013671875
887,5523.82666015625
888,11372.0361328125
889,6640.85107421875
890,5182.888671875
891,5886.78466796875
892,8292.4580078125
893,4011.691162109375
894,8394.8125
895,4732.58984375
896,6952.94287109375
897,7579.796875
898,5696.99853515625
899,7895.306640625
900,7710.77783203125
901,5631.96923828125
902,7268.39453125
903,6934.51953125
904,10974.5341796875
905,5869.3603515625
906,8978.6708984375
907,8256.8740234375
908,9738.767578125
909,6897.86767578125
910,9457.6123046875
911,5647.3369140625
912,5457.9658203125
913,6540.404296875
914,5827.12255859375
915,9337.619140625
916,8012.48583984375
917,5992.75927734375
918,7209.89599609375
919,7452.20849609375
920,9780.568359375
921,4065.20556640625
922,15115.3603515625
923,5224.59423828125
924,6481.74658203125
925,8986.2822265625
926,5220.84228515625
927,6818.125
928,6738.6484375
929,7936.4619140625
930,7763.076171875
931,5482.859375
932,7409.1220703125
933,8452.275390625
934,7382.26806640625
935,6094.30224609375
936,7309.91943359375
937,12421.248046875
938,7633.19873046875
939,5579.140625
940,6576.8916015625
941,6382.3525390625
942,5840.814453125
943,7508.2421875
944,4589.5712890625
945,8033.3740234375
946,7100.234375
947,7607.21240234375
948,8030.083984375
949,4915.71337890625
950,6155.89404296875
951,5464.23583984375
952,8634.5693359375
953,8579.2412109375
954,5222.8544921875
955,4524.63134765625
956,7484.49658203125
957,6261.63232421875
958,6203.20849609375
959,7078.2421875
960,6826.212890625
961,7958.92529296875
962,5711.2705078125
963,4884.33056640625
964,7181.216796875
965,8206.251953125
966,8592.7587890625
967,8429.4755859375
968,8486.7294921875
969,6078.36572265625
970,9193.859375
971,6582.314453125
972,7799.4375
973,9321.1533203125
974,6264.7353515625
975,11005.4189453125
976,8034.88720703125
977,7874.953125
978,6007.48583984375
979,7763.86669921875
980,7843.92333984375
981,6934.6611328125
982,4707.19140625
983,6142.412109375
984,8739.6923828125
985,6530.3896484375
986,5283.287109375
987,9070.1982421875
988,7100.775390625
989,5930.8544921875
990,6598.61669921875
991,5971.6572265625
992,7869.1015625
993,7354.5283203125
994,7028.35693359375
995,5539.69189453125
996,5533.7607421875
997,6771.57666015625
998,4323.82470703125
999,6445.80126953125
1000,5589.8857421875
1001,8902.7158203125
1002,7849.5029296875
1003,6883.88525390625
1004,11184.04296875
1005,6604.412109375
1006,5445.728515625
1007,11158.234375
1008,7641.6845703125
1009,8692.8271484375
1010,8104.3671875
1011,4824.05908203125
1012,6437.740234375
1013,6037.13623046875
1014,8576.7451171875
1015,13006.3037109375
1016,6197.4443359375
1017,3230.09765625
1018,5635.8857421875
1019,8384.7998046875
1020,8003.64794921875
1021,6872.9638671875
1022,6886.8544921875
1023,5162.9765625
1024,5262.5556640625
1025,4283.05078125
1026,6081.19140625
1027,6424.6201171875
1028,7517.86962890625
1029,8101.265625
1030,9151.4306640625
1031,8469.4912109375
1032,9537.0029296875
1033,8066.7734375
1034,5714.48828125
1035,10490.34765625
1036,12122.9375
1037,5658.89013671875
1038,7912.1328125
1039,5552.37353515625
1040,7188.13037109375
1041,4264.9521484375
1042,7991.83251953125
1043,5775.7041015625
1044,10052.5771484375
1045,7723.57080078125
1046,8367.5615234375
1047,8357.2822265625
1048,5604.37255859375
1049,8793.3798828125
1050,19402.783203125
1051,10482.353515625
1052,6340.00732421875
1053,3244.080810546875
1054,6645.73388671875
1055,9280.361328125
1056,5117.4765625
1057,13197.85546875
1058,19462.5625
1059,6159.41796875
1060,6561.09912109375
1061,8559.5908203125
1062,6371.5546875
1063,9905.275390625
1064,7311.69921875
1065,8403.78125
1066,5802.57666015625
1067,6823.60546875
1068,5718.13330078125
1069,7848.408203125
1070,11014.7783203125
1071,5966.26123046875
1072,6379.79345703125
1073,7706.681640625
1074,6065.75048828125
1075,5617.3125
1076,8329.5791015625
1077,5752.82177734375
1078,5883.11083984375
1079,7618.52001953125
1080,6511.0458984375
1081,6300.03173828125
1082,7573.63623046875
1083,7899.14794921875
1084,8441.2333984375
1085,7208.7470703125
1086,7824.6181640625
1087,6107.64990234375
1088,4069.212646484375
1089,7165.78759765625
1090,6496.0830078125
1091,6358.4716796875
1092,4924.43212890625
1093,8820.3115234375
1094,7548.64111328125
1095,10385.41015625
1096,7783.90673828125
1097,5942.412109375
1098,5404.5693359375
1099,5317.55419921875
1100,10114.3828125
1101,4989.50732421875
1102,7362.0830078125
1103,15506.3740234375
1104,6639.90576171875
1105,6284.724609375
1106,5254.1103515625
1107,5275.69873046875
1108,6770.1357421875
1109,4686.9375
1110,6040.10986328125
1111,11312.5869140625
1112,5517.6103515625
1113,17133.28125
1114,15420.2587890625
1115,4835.32177734375
1116,7153.94677734375
1117,5833.2548828125
1118,7481.91748046875
1119,6468.05126953125
1120,11409.0634765625
1121,7112.4443359375
1122,10230.1455078125
1123,5630.70458984375
1124,8193.3193359375
1125,5985.08447265625
1126,8786.3056640625
1127,6957.951171875
1128,6220.5859375
1129,6800.86767578125
1130,6626.24560546875
1131,8816.060546875
1132,9721.29296875
1133,6054.90087890625
1134,10823.068359375
1135,6683.08251953125
1136,10799.904296875
1137,5678.3984375
1138,5932.55078125
1139,6249.8427734375
1140,11792.12109375
1141,6485.4697265625
1142,7541.99365234375
1143,7420.103515625
1144,9110.501953125
1145,4742.8408203125
1146,8398.4658203125
1147,7416.30078125
1148,4373.0390625
1149,11448.41796875
1150,17827.623046875
1151,7672.9736328125
1152,7011.294921875
1153,9120.501953125
1154,11250.146484375
1155,12232.646484375
1156,5480.00927734375
1157,8424.775390625
1158,5904.72265625
1159,8763.783203125
1160,4602.92919921875
1161,6450.58984375
1162,6046.91943359375
1163,5976.6259765625
1164,7827.65966796875
1165,6184.6767578125
1166,5216.18408203125
1167,7155.91796875
1168,4246.88037109375
1169,4970.3876953125
1170,6484.09716796875
1171,7727.22705078125
1172,9741.1025390625
1173,8238.1142578125
1174,8231.5537109375
1175,6382.47021484375
1176,6297.86474609375
1177,9398.5224609375
1178,7832.92236328125
1179,5968.37646484375
1180,4993.6005859375
1181,7934.42236328125
1182,4972.9189453125
1183,7499.1650390625
1184,3846.2490234375
1185,5769.4482421875
1186,8963.673828125
1187,7064.25634765625
1188,5845.9921875
1189,9038.6953125
1190,9642.5400390625
1191,12446.455078125
1192,6721.93408203125
1193,9525.9814453125
1194,3509.604736328125
1195,5633.51123046875
1196,6452.18603515625
1197,4554.765625
1198,8315.32421875
1199,5324.68603515625
1200,6391.5380859375
1201,9150.0888671875
1202,11658.78515625
1203,8228.6826171875
1204,5534.43017578125
1205,5579.138671875
1206,10242.8818359375
1207,7942.78759765625
1208,6712.822265625
1209,5561.87255859375
1210,7435.96728515625
1211,9647.3896484375
1212,5163.92041015625
1213,6822.05517578125
1214,8726.251953125
1215,9242.390625
1216,14255.3447265625
1217,6268.23681640625
1218,16268.7578125
1219,6640.2255859375
1220,5773.77880859375
1221,3743.169921875
1222,6409.5712890625
1223,5928.29833984375
1224,5681.0126953125
1225,7585.75390625
1226,5913.43115234375
1227,4675.79248046875
1228,6962.78564453125
1229,5466.53515625
1230,7281.2802734375
1231,7699.98974609375
1232,8340.7958984375
1233,8855.2021484375
1234,5775.80029296875
1235,9450.7822265625
1236,6389.50830078125
1237,5877.853515625
1238,6113.6240234375
1239,5753.81005859375
1240,11261.1162109375
1241,6887.58056640625
1242,5143.15087890625
1243,8468.0517578125
1244,9006.580078125
1245,7873.00390625
1246,6847.67529296875
1247,9459.0458984375
1248,5853.34912109375
1249,6433.478515625
1250,6799.8134765625
1251,8961.236328125
1252,6379.2099609375
1253,6913.31591796875
1254,5817.97314453125
1255,5605.76318359375
1256,4962.2509765625
1257,5374.61181640625
1258,7001.2880859375
1259,9294.1826171875
1260,10337.8984375
1261,11689.646484375
1262,8454.0830078125
1263,6414.9501953125
1264,5427.2041015625
1265,11036.0078125
1266,10931.76171875
1267,8354.2099609375
1268,8810.255859375
1269,8078.9189453125
1270,6619.154296875
1271,4150.806640625
1272,8249.1416015625
1273,7514.11181640625
1274,6803.826171875
1275,7158.04931640625
1276,3438.35107421875
1277,12086.7451171875
1278,5770.50341796875
1279,8517.376953125
1280,5123.4912109375
1281,5843.8828125
1282,7098.3935546875
1283,9834.09375
1284,6309.0107421875
1285,5471.91943359375
1286,4796.80712890625
1287,4938.15771484375
1288,4413.81396484375
1289,7384.703125
1290,17542.28515625
1291,5081.38330078125
1292,6094.52490234375
1293,7586.17236328125
1294,5544.9970703125
1295,5390.7333984375
1296,5364.01416015625
1297,4478.82275390625
1298,7062.85693359375
1299,6720.77685546875
1300,4186.93115234375
1301,9211.2890625
1302,6715.28466796875
1303,5263.87646484375
1304,9337.5068359375
1305,8368.01171875
1306,9988.14453125
1307,6099.19384765625
1308,7131.8134765625
1309,4697.28271484375
1310,5441.57177734375
1311,15763.4140625
1312,10221.03125
1313,6768.6064453125
1314,6155.41015625
1315,4973.82958984375
1316,6409.6025390625
1317,4727.9677734375
1318,9916.6904296875
1319,6516.44091796875
1320,5348.9072265625
1321,7572.3759765625
1322,4636.05078125
1323,6854.3447265625
1324,7875.90673828125
1325,7159.03759765625
1326,7380.92578125
1327,4890.095703125
1328,5741.48193359375
1329,6422.283203125
1330,9071.00390625
1331,8557.865234375
1332,7275.9794921875
1333,4879.8603515625
1334,7689.30615234375
1335,6580.18994140625
1336,4938.7021484375
1337,7095.4921875
1338,7744.4365234375
1339,6935.73388671875
1340,6767.5341796875
1341,6744.88623046875
1342,7095.07421875
1343,6295.662109375
1344,7049.3681640625
1345,6404.33056640625
1346,6914.70458984375
1347,9054.8837890625
1348,5728.76953125
1349,5606.865234375
1350,12423.0556640625
1351,4762.10400390625
1352,4256.755859375
1353,8208.9833984375
1354,8939.1611328125
1355,12537.8740234375
1356,5386.88134765625
1357,6336.5009765625
1358,6318.0078125
1359,7786.80615234375
1360,5441.849609375
1361,8596.4365234375
1362,3901.418701171875
1363,7299.36767578125
1364,6588.4921875
1365,6146.04345703125
1366,5757.59521484375
1367,7703.19775390625
1368,8902.4453125
1369,6604.59228515625
1370,9544.19921875
1371,7119.98681640625
1372,9394.525390625
1373,5880.10595703125
1374,7176.79443359375
1375,7783.0673828125
1376,8750.439453125
1377,7744.11572265625
1378,4127.552734375
1379,9665.31640625
1380,7206.94140625
1381,7495.697265625
1382,5000.18701171875
1383,4331.78564453125
1384,8905.666015625
1385,7018.74560546875
1386,9681.8935546875
1387,7226.791015625
1388,5859.8212890625
1389,8269.541015625
1390,7255.17041015625
1391,7671.29638671875
1392,8475.1884765625
1393,6802.40234375
1394,9997.0810546875
1395,10553.693359375
1396,8226.689453125
1397,5300.43115234375
1398,6657.6279296875
1399,4617.1982421875
1400,0.0
1401,8207.2802734375
1402,5881.92578125
1403,9329.2265625
1404,4639.41259765625
1405,5891.208984375
1406,5974.66015625
1407,10356.5068359375
1408,5764.75146484375
1409,5258.626953125
1410,6426.75146484375
1411,7954.2783203125
1412,4418.703125
1413,7777.11279296875
1414,7585.205078125
1415,8729.4658203125
1416,8325.0283203125
1417,7140.8671875
1418,5808.11328125
1419,5492.05859375
1420,4795.35595703125
1421,11272.109375
1422,10371.7412109375
1423,7212.01806640625
1424,15267.10546875
1425,5971.529296875
1426,4732.2607421875
1427,6017.52490234375
1428,8590.705078125
1429,11113.724609375
1430,7844.41748046875
1431,8757.4541015625
1432,8589.625
1433,8196.3427734375
1434,7314.59765625
1435,5962.3037109375
1436,5886.55419921875
1437,5024.05126953125
1438,5066.625
1439,5808.7353515625
1440,8928.0400390625
1441,17789.16796875
1442,7663.42333984375
1443,5834.3701171875
1444,8294.599609375
1445,4804.93115234375
1446,6591.896484375
1447,4618.82275390625
1448,9645.1689453125
1449,6818.1201171875
1450,6591.41650390625
1451,13408.892578125
1452,12312.306640625
1453,7630.1220703125
1454,7256.91552734375
1455,4083.493896484375
1456,5729.111328125
1457,5869.27099609375
1458,8099.40087890625
1459,5841.69775390625
1460,4218.40576171875
1461,5853.42431640625
1462,5577.38623046875
1463,6794.0810546875
1464,7381.65869140625
1465,4510.28955078125
1466,7123.1474609375
1467,7983.93798828125
1468,8230.1171875
1469,6006.5625
1470,4847.99658203125
1471,7544.60009765625
1472,5212.494140625
1473,10027.6943359375
1474,5037.67138671875
1475,5193.9755859375
1476,7335.365234375
1477,6250.00830078125
1478,5218.7529296875
1479,6813.68115234375
1480,7565.3212890625
1481,9428.673828125
1482,10742.1064453125
1483,5856.82373046875
1484,4214.64306640625
1485,6160.43115234375
1486,5394.38671875
1487,5078.693359375
1488,6641.8642578125
1489,6890.86474609375
1490,11896.5234375
1491,8666.3798828125
1492,6570.57763671875
1493,8647.2451171875
1494,5429.80810546875
1495,8902.9384765625
1496,6280.23779296875
1497,14193.212890625
1498,6638.1083984375
1499,5417.4208984375
1500,5593.08642578125
1501,4293.27978515625
1502,7121.36083984375
1503,19539.02734375
1504,4482.6982421875
1505,4923.5654296875
1506,9252.1162109375
1507,6763.94482421875
1508,8548.8291015625
1509,8654.8310546875
1510,6147.14697265625
1511,5451.73974609375
1512,4877.236328125
1513,10483.7939453125
1514,6703.07373046875
1515,7585.44189453125
1516,8136.38330078125
1517,5784.27880859375
1518,7225.79150390625
1519,6071.2138671875
1520,4495.5400390625
1521,9319.51953125
1522,8463.36328125
1523,5028.9619140625
1524,7845.70556640625
1525,6789.69287109375
1526,4948.078125
1527,9648.6318359375
1528,6891.931640625
1529,7906.37744140625
1530,5115.83544921875
1531,6263.3232421875
1532,7839.85888671875
1533,0.0
1534,8691.8994140625
1535,4850.37744140625
1536,6322.4375
1537,5216.2158203125
1538,6704.25830078125
1539,6293.013671875
1540,7584.24609375
1541,7028.806640625
1542,7306.59619140625
1543,6009.70703125
1544,7589.37646484375
1545,6934.01220703125
1546,10198.0478515625
1547,10475.4375
1548,7683.40966796875
1549,4191.94921875
1550,6257.2802734375
1551,7434.3740234375
1552,5400.9482421875
1553,11275.5009765625
1554,5478.70068359375
1555,8633.380859375
1556,10883.6865234375
1557,6874.71533203125
1558,4997.431640625
1559,12998.2275390625
1560,10412.6435546875
1561,6085.81640625
1562,9656.4580078125
1563,9275.267578125
1564,6049.998046875
1565,8060.58203125
1566,7871.1357421875
1567,6086.88525390625
1568,5355.765625
1569,7398.65283203125
1570,4612.228515625
1571,6967.91357421875
1572,7095.52294921875
1573,6932.01220703125
1574,8860.3515625
1575,6340.75439453125
1576,6637.61865234375
1577,4594.78662109375
1578,7918.3466796875
1579,6920.962890625
1580,6924.5341796875
1581,6911.53662109375
1582,7774.9306640625
1583,9718.4150390625
1584,5940.3603515625
1585,5292.7666015625
1586,6365.2587890625
1587,7336.41943359375
1588,6139.50048828125
1589,4796.7314453125
1590,5024.77587890625
1591,8890.7119140625
1592,7787.8974609375
1593,6054.72021484375
1594,8065.5908203125
1595,6184.78466796875
1596,7273.55810546875
1597,5314.40478515625
1598,3246.81640625
1599,7773.75732421875
1600,6596.8115234375
1601,6851.15283203125
1602,9682.0166015625
1603,10168.017578125
1604,5198.35107421875
1605,8021.57373046875
1606,4804.291015625
1607,3459.897216796875
1608,7456.83349609375
1609,9609.9599609375
1610,7874.6640625
1611,7342.69873046875
1612,5152.16064453125
1613,7071.50390625
1614,9737.685546875
1615,6866.169921875
1616,5449.52978515625
1617,5743.388671875
1618,6171.36328125
1619,5652.4912109375
1620,5425.02587890625
1621,6154.859375
1622,6049.47900390625
1623,5313.01904296875
1624,4725.95361328125
1625,7330.56591796875
1626,7429.3642578125
1627,5595.84375
1628,6310.84423828125
1629,7776.67578125
1630,7165.9658203125
1631,5575.26416015625
1632,9592.02734375
1633,7965.4404296875
1634,5585.935546875
1635,4164.6435546875
1636,12416.1669921875
1637,6678.74609375
1638,6134.0361328125
1639,8863.2978515625
1640,7577.7998046875
1641,8041.005859375
1642,6721.19970703125
1643,7668.8212890625
1644,8898.1005859375
1645,14918.65234375
1646,5187.6787109375
1647,5194.6474609375
1648,5500.552734375
1649,6755.0546875
1650,5576.056640625
1651,9063.87109375
1652,8485.517578125
1653,6146.2958984375
1654,4111.2060546875
1655,6658.05712890625
1656,8680.00390625
1657,5438.9130859375
1658,7835.27587890625
1659,4382.806640625
1660,7576.24267578125
1661,8606.5830078125
1662,7482.87890625
1663,9004.3486328125
1664,7081.07666015625
1665,5147.03662109375
1666,7108.58349609375
1667,7821.10546875
1668,8875.310546875
1669,7199.873046875
1670,8526.7451171875
1671,6054.38330078125
1672,5144.52001953125
1673,10023.84765625
1674,4732.34912109375
1675,9323.318359375
1676,6260.564453125
1677,4880.361328125
1678,7438.11767578125
1679,5781.98583984375
1680,7572.62939453125
1681,8388.8193359375
1682,4763.86865234375
1683,4723.12353515625
1684,8475.291015625
1685,9756.701171875
1686,10072.7958984375
1687,6024.16259765625
1688,6008.39404296875
1689,6628.19384765625
1690,7085.7958984375
1691,6106.4873046875
1692,9440.8017578125
1693,9508.1044921875
1694,11970.5439453125
1695,4897.13525390625
1696,6028.09228515625
1697,0.0
1698,8396.5771484375
1699,5553.18798828125
1700,9833.40625
1701,6114.24267578125
1702,6058.685546875
1703,5321.17333984375
1704,5707.93017578125
1705,5586.41552734375
1706,6809.029296875
1707,5042.08154296875
1708,5228.89794921875
1709,9429.259765625
1710,6991.5107421875
1711,21689.125
1712,7130.4541015625
1713,4958.8701171875
1714,9556.298828125
1715,10904.880859375
1716,7845.064453125
1717,8620.947265625
1718,6708.60546875
1719,8457.44921875
1720,8768.74609375
1721,6663.60205078125
1722,5949.9580078125
1723,7252.73779296875
1724,9480.1005859375
1725,7905.21875
1726,8779.75
1727,6506.98486328125
1728,5231.42578125
1729,9037.494140625
1730,11758.9951171875
1731,11455.208984375
1732,12395.95703125
1733,9017.0341796875
1734,5740.88623046875
1735,6151.32080078125
1736,5071.17041015625
1737,9378.310546875
1738,10576.736328125
1739,9843.9658203125
1740,6416.87548828125
1741,6657.8212890625
1742,4955.73876953125
1743,5621.96142578125
1744,11596.1328125
1745,7468.4404296875
1746,5173.99951171875
1747,6239.79248046875
1748,7961.83837890625
1749,4203.89501953125
1750,8691.421875
1751,4921.2646484375
1752,7500.86572265625
1753,8501.10546875
1754,5564.818359375
1755,8082.3583984375
1756,8212.8818359375
1757,5810.6806640625
1758,8236.0009765625
1759,6868.64111328125
1760,11450.1982421875
1761,6399.0654296875
1762,9803.828125
1763,7854.60009765625
1764,10087.13671875
1765,7432.20458984375
1766,11027.8359375
1767,6233.919921875
1768,6246.70947265625
1769,6928.072265625
1770,6098.41796875
1771,10266.6005859375
1772,8836.8017578125
1773,6710.11083984375
1774,8123.2294921875
1775,7796.61572265625
1776,11122.3837890625
1777,4462.583984375
1778,15198.8330078125
1779,5674.9677734375
1780,7155.0869140625
1781,9484.580078125
1782,5530.0263671875
1783,7465.31494140625
1784,7490.162109375
1785,8556.8359375
1786,7635.59716796875
1787,5910.388671875
1788,7964.19287109375
1789,8728.6669921875
1790,7942.0537109375
1791,6342.39404296875
1792,7848.4296875
1793,12879.8212890625
1794,7927.12109375
1795,5861.19384765625
1796,7155.43017578125
1797,6306.5224609375
1798,6445.6083984375
1799,8395.8623046875
1800,4837.87158203125
1801,8739.9521484375
1802,7026.169921875
1803,8444.8896484375
1804,7953.560546875
1805,5354.6240234375
1806,6331.15869140625
1807,5702.76220703125
1808,9425.734375
1809,9813.4580078125
1810,5592.5361328125
1811,4933.1865234375
1812,7814.02978515625
1813,6596.8388671875
1814,6605.931640625
1815,7854.80712890625
1816,7409.171875
1817,8330.1005859375
1818,6553.34130859375
1819,4859.54150390625
1820,8243.814453125
1821,8376.3896484375
1822,9824.6875
1823,9206.5107421875
1824,8816.4580078125
1825,7033.6982421875
1826,9237.1962890625
1827,6936.9228515625
1828,8753.935546875
1829,9980.376953125
1830,6957.92578125
1831,12288.990234375
1832,8171.5576171875
1833,8743.4619140625
1834,6537.4970703125
1835,8451.541015625
1836,8273.962890625
1837,7616.96875
1838,4827.20068359375
1839,6668.17529296875
1840,9230.6865234375
1841,7129.88427734375
1842,5771.8916015625
1843,10124.9912109375
1844,7403.2626953125
1845,6748.82958984375
1846,7137.20849609375
1847,6330.5146484375
1848,8622.9765625
1849,7761.9375
1850,8209.390625
1851,5949.79248046875
1852,6098.2236328125
1853,7133.76318359375
1854,4825.44287109375
1855,7866.6826171875
1856,6610.99462890625
1857,9380.5478515625
1858,8463.6416015625
1859,7160.60498046875
1860,12329.650390625
1861,6405.3056640625
1862,5246.89794921875
1863,11655.3173828125
1864,7819.5546875
1865,9284.1904296875
1866,8288.962890625
1867,5038.53369140625
1868,6703.54248046875
1869,6695.2353515625
1870,9451.228515625
1871,13712.9736328125
1872,6572.1220703125
1873,3487.25244140625
1874,5495.2158203125
1875,8996.5322265625
1876,9136.2041015625
1877,7946.78955078125
1878,7800.14697265625
1879,5819.05126953125
1880,6093.0830078125
1881,4296.58837890625
1882,7030.03466796875
1883,6748.04345703125
1884,7822.1611328125
1885,8836.9697265625
1886,9544.1591796875
1887,9050.2880859375
1888,10199.7177734375
1889,8265.546875
1890,5669.21142578125
1891,11307.498046875
1892,13130.177734375
1893,6341.373046875
1894,8744.341796875
1895,5833.3984375
1896,7273.94384765625
1897,4571.86962890625
1898,9155.189453125
1899,6312.578125
1900,10377.765625
1901,8060.40234375
1902,8830.7265625
1903,8722.1484375
1904,5895.5869140625
1905,9839.9873046875
1906,20510.310546875
1907,11666.09765625
1908,7244.474609375
1909,3551.917724609375
1910,7077.2275390625
1911,10323.1923828125
1912,6233.2255859375
1913,13262.814453125
1914,19582.525390625
1915,6622.4677734375
1916,7200.1025390625
1917,9237.7890625
1918,6185.53173828125
1919,10150.416015625
1920,8330.6015625
1921,8893.390625
1922,5802.24560546875
1923,7183.2861328125
1924,6683.40771484375
1925,8205.51171875
1926,11300.783203125
1927,6255.2119140625
1928,6495.38720703125
1929,8215.6298828125
1930,6707.2353515625
1931,5806.8134765625
1932,9113.1259765625
1933,6130.30810546875
1934,6432.07666015625
1935,8695.931640625
1936,7326.447265625
1937,6591.431640625
1938,8440.2451171875
1939,8348.7333984375
1940,8740.0009765625
1941,6887.3212890625
1942,8921.2529296875
1943,6151.81982421875
1944,4047.04296875
1945,8539.9990234375
1946,6785.17724609375
1947,6954.6630859375
1948,5865.396484375
1949,9665.8076171875
1950,8509.619140625
1951,10683.271484375
1952,8406.970703125
1953,6442.03759765625
1954,5730.080078125
1955,5307.5673828125
1956,11541.5166015625
1957,5562.92626953125
1958,7646.73876953125
1959,17254.173828125
1960,7114.18994140625
1961,6926.845703125
1962,5168.34912109375
1963,5684.634765625
1964,7538.49755859375
1965,4629.82177734375
1966,6342.52978515625
1967,12462.7958984375
1968,5597.46826171875
1969,17609.302734375
1970,16283.3515625
1971,5060.140625
1972,7859.03271484375
1973,6233.99462890625
1974,7872.5888671875
1975,7120.375
1976,11628.7734375
1977,7972.3212890625
1978,11713.19921875
1979,6916.42041015625
1980,8640.041015625
1981,6163.43408203125
1982,9469.6103515625
1983,8178.3193359375
1984,7120.16796875
1985,7039.40771484375
1986,6609.724609375
1987,9658.5009765625
1988,10213.169921875
1989,6531.29736328125
1990,11513.982421875
1991,6546.49658203125
1992,11280.6806640625
1993,6794.07958984375
1994,6749.31396484375
1995,6538.8486328125
1996,12516.5810546875
1997,6747.30419921875
1998,8122.59619140625
1999,8114.5400390625
2000,9397.7734375
2001,4938.2587890625
2002,9786.080078125
2003,8111.95703125
2004,4569.9658203125
2005,11586.50390625
2006,18273.42578125
2007,8013.40625
2008,7575.21728515625
2009,9981.658203125
2010,12035.75
2011,12918.5537109375
2012,6841.529296875
2013,8896.330078125
2014,6310.82275390625
2015,9581.1005859375
2016,4751.75439453125
2017,7084.46337890625
2018,6017.51318359375
2019,6686.5654296875
2020,8309.0478515625
2021,6472.29296875
2022,6127.20654296875
2023,7931.22216796875
2024,4327.458984375
2025,5367.033203125
2026,7080.4970703125
2027,8162.91748046875
2028,10193.5556640625
2029,9017.412109375
2030,8695.81640625
2031,6716.56494140625
2032,6674.57373046875
2033,10080.9443359375
2034,8591.7216796875
2035,6707.09423828125
2036,5278.474609375
2037,8533.7724609375
2038,4809.1650390625
2039,7623.90673828125
2040,3978.143310546875
2041,5992.732421875
2042,9824.0947265625
2043,7278.5595703125
2044,5959.40283203125
2045,9659.2080078125
2046,10091.8876953125
2047,13326.5859375
2048,6896.37353515625
2049,9696.373046875
2050,3445.233642578125
2051,5739.64111328125
2052,6783.5849609375
2053,5222.59619140625
2054,8153.373046875
2055,5894.88720703125
2056,6569.296875
2057,9667.6630859375
2058,12210.060546875
2059,8475.716796875
2060,6148.17138671875
2061,5977.06298828125
2062,9641.015625
2063,7712.0986328125
2064,7489.22119140625
2065,6262.79150390625
2066,7930.3994140625
2067,11281.82421875
2068,5182.09130859375
2069,7385.80224609375
2070,9264.8076171875
2071,9455.4208984375
2072,15249.037109375
2073,6616.06201171875
2074,16328.2001953125
2075,7512.8505859375
2076,5888.47509765625
2077,4104.54443359375
2078,7206.4287109375
2079,6566.55615234375
2080,6422.85791015625
2081,7077.6201171875
2082,6351.31982421875
2083,5037.6455078125
2084,7016.4453125
2085,5280.47509765625
2086,7737.08251953125
2087,8342.5654296875
2088,9273.0546875
2089,9927.46484375
2090,6293.3525390625
2091,10315.998046875
2092,6791.548828125
2093,6299.37255859375
2094,6292.11181640625
2095,5638.0068359375
2096,11793.7158203125
2097,7132.619140625
2098,5987.2861328125
2099,8609.3955078125
2100,9313.6806640625
2101,8262.87890625
2102,7587.69921875
2103,9514.439453125
2104,6178.986328125
2105,6624.81298828125
2106,7554.14697265625
2107,9137.0166015625
2108,7727.47607421875
2109,7563.330078125
2110,5923.353515625
2111,6120.31005859375
2112,5157.486328125
2113,5559.48583984375
2114,7141.94580078125
2115,9407.494140625
2116,11049.3671875
2117,11927.2880859375
2118,8717.0029296875
2119,6490.8037109375
2120,5876.5625
2121,10932.4970703125
2122,11629.607421875
2123,8368.373046875
2124,9835.197265625
2125,9103.6845703125
2126,7131.6884765625
2127,4790.63037109375
2128,8959.0
2129,8048.09814453125
2130,7621.859375
2131,7301.78955078125
2132,4086.49560546875
2133,13349.4736328125
2134,6503.5029296875
2135,9049.787109375
2136,5280.259765625
2137,5610.52392578125
2138,7550.35986328125
2139,10675.2861328125
2140,6794.1689453125
2141,5763.638671875
2142,5056.3017578125
2143,4752.55029296875
2144,4877.21044921875
2145,7934.90576171875
2146,18252.861328125
2147,5896.64404296875
2148,6078.24853515625
2149,8037.02099609375
2150,6179.8720703125
2151,6069.41845703125
2152,5261.39501953125
2153,5213.919921875
2154,7519.6044921875
2155,6874.0078125
2156,4614.08203125
2157,9801.66015625
2158,7731.69140625
2159,5661.70458984375
2160,9489.197265625
2161,8799.4404296875
2162,10585.884765625
2163,6741.3740234375
2164,8056.68603515625
2165,5323.34521484375
2166,6029.8974609375
2167,15322.7998046875
2168,11176.654296875
2169,7264.6826171875
2170,6603.30322265625
2171,5032.990234375
2172,6600.26318359375
2173,5565.4072265625
2174,10470.0341796875
2175,6852.029296875
2176,5969.55224609375
2177,7939.06005859375
2178,4835.38671875
2179,7515.21435546875
2180,8958.298828125
2181,7731.5419921875
2182,8042.19580078125
2183,5321.1142578125
2184,6704.74853515625
2185,6513.51806640625
2186,9931.3212890625
2187,9122.0185546875
2188,7797.9853515625
2189,5393.90234375
2190,8055.6875
2191,6827.2431640625
2192,4903.7919921875
2193,7838.66162109375
2194,8179.23876953125
2195,7804.14697265625
2196,7041.0224609375
2197,7180.7431640625
2198,7454.8779296875
2199,7074.5634765625
2200,7638.12158203125
2201,7542.97119140625
2202,7602.8017578125
2203,9667.2548828125
2204,6365.89990234375
2205,6109.0
2206,12940.7021484375
2207,5560.2744140625
2208,5095.490234375
2209,8973.8251953125
2210,9714.484375
2211,13576.11328125
2212,5287.55810546875
2213,6867.8046875
2214,6984.958984375
2215,7990.12890625
2216,6187.79541015625
2217,8980.6787109375
2218,4276.27490234375
2219,7974.85205078125
2220,6656.89892578125
2221,6725.0283203125
2222,6738.0654296875
2223,7881.439453125
2224,9822.45703125
2225,7345.29296875
2226,10974.5654296875
2227,7739.669921875
2228,10075.046875
2229,5882.09326171875
2230,8148.59326171875
2231,8556.4306640625
2232,8821.8701171875
2233,8004.59765625
2234,4587.58984375
2235,9519.5517578125
2236,7991.72216796875
2237,8011.529296875
2238,5097.67138671875
2239,4605.35498046875
2240,9889.40625
2241,7466.880859375
2242,9997.6201171875
2243,7857.77880859375
2244,6542.001953125
2245,8855.4228515625
2246,8522.296875
2247,9002.958984375
2248,9096.7060546875
2249,7594.7060546875
2250,10071.623046875
2251,11284.193359375
2252,9548.486328125
2253,5860.6953125
2254,7382.318359375
2255,5195.2880859375
2256,0.0
2257,9367.955078125
2258,5783.24365234375
2259,10109.447265625
2260,5305.099609375
2261,6276.2529296875
2262,6727.97509765625
2263,10353.427734375
2264,6067.5966796875
2265,5938.3623046875
2266,6914.2021484375
2267,8693.21484375
2268,5130.302734375
2269,7471.3056640625
2270,8048.31689453125
2271,8897.953125
2272,8829.455078125
2273,7447.73779296875
2274,6170.3115234375
2275,6085.1328125
2276,5599.24365234375
2277,12607.2734375
2278,10415.568359375
2279,7433.3740234375
2280,15104.45703125
2281,6332.6474609375
2282,5913.16015625
2283,7081.57568359375
2284,9346.9228515625
2285,11234.5009765625
2286,8129.35693359375
2287,9787.92578125
2288,9016.9951171875
2289,8714.1923828125
2290,7550.5517578125
2291,6486.28271484375
2292,6505.26220703125
2293,5507.34521484375
2294,5035.4541015625
2295,6223.81591796875
2296,9582.0732421875
2297,17646.98046875
2298,7981.71533203125
2299,6157.09912109375
2300,8823.599609375
2301,5065.0166015625
2302,6531.71826171875
2303,4857.49853515625
2304,9279.0625
2305,7167.51123046875
2306,7259.13232421875
2307,14702.837890625
2308,12143.7939453125
2309,7767.48193359375
2310,8391.3134765625
2311,4384.74609375
2312,5882.0498046875
2313,6103.74560546875
2314,8648.0947265625
2315,6866.00732421875
2316,4694.82470703125
2317,6844.896484375
2318,6477.60693359375
2319,7975.7587890625
2320,7969.0703125
2321,5133.724609375
2322,7840.73974609375
2323,8739.466796875
2324,8501.7958984375
2325,6853.79833984375
2326,5537.52197265625
2327,8225.5078125
2328,5914.02880859375
2329,10592.142578125
2330,5287.03857421875
2331,5313.97509765625
2332,7909.41943359375
2333,6585.89794921875
2334,5546.37060546875
2335,7332.01953125
2336,7909.48583984375
2337,10268.90234375
2338,11571.5166015625
2339,6047.14306640625
2340,4646.97412109375
2341,6367.4833984375
2342,6863.4736328125
2343,5669.345703125
2344,7451.89306640625
2345,7241.64013671875
2346,12678.529296875
2347,9113.8388671875
2348,7036.52734375
2349,8624.0400390625
2350,6723.0302734375
2351,9834.5732421875
2352,6914.35986328125
2353,15309.9140625
2354,7457.87646484375
2355,6198.58154296875
2356,6362.03125
2357,4912.857421875
2358,7897.5126953125
2359,22271.12109375
2360,5311.10400390625
2361,5684.53125
2362,10447.806640625
2363,7343.83984375
2364,9344.6162109375
2365,9073.3681640625
2366,7019.0263671875
2367,5603.95703125
2368,5628.927734375
2369,11353.74609375
2370,7343.2529296875
2371,7914.833984375
2372,9026.0498046875
2373,6298.84521484375
2374,7966.0341796875
2375,6936.24755859375
2376,4440.86767578125
2377,10052.8134765625
2378,9395.583984375
2379,5370.26123046875
2380,8217.251953125
2381,6945.65283203125
2382,5196.0634765625
2383,10532.5205078125
2384,6992.1005859375
2385,8218.544921875
2386,5362.80810546875
2387,6950.25439453125
2388,7222.947265625
2389,0.0
2390,9294.267578125
2391,5318.9130859375
2392,6780.81787109375
2393,6053.73388671875
2394,7098.8203125
2395,6639.1943359375
2396,7659.98583984375
2397,7917.04296875
2398,7814.7099609375
2399,6561.0283203125
2400,7563.31396484375
2401,7447.6162109375
2402,10601.8935546875
2403,11172.1630859375
2404,8136.326171875
2405,4468.310546875
2406,7187.43115234375
2407,8267.41015625
2408,5412.28564453125
2409,11729.5810546875
2410,6177.89990234375
2411,9031.3427734375
2412,11585.6787109375
2413,7896.67919921875
2414,5079.552734375
2415,15211.6591796875
2416,10742.107421875
2417,6190.3466796875
2418,11187.1513671875
2419,10717.6337890625
2420,6471.484375
2421,8670.1494140625
2422,8464.80859375
2423,6776.33203125
2424,6095.0693359375
2425,7952.142578125
2426,5421.1884765625
2427,8119.14697265625
2428,7500.3251953125
2429,7350.85595703125
2430,9164.84375
2431,6567.00537109375
2432,7153.41943359375
2433,5257.64013671875
2434,8686.876953125
2435,7333.53076171875
2436,7137.4951171875
2437,7587.84765625
2438,8535.3349609375
2439,10693.66796875
2440,6364.02490234375
2441,5885.541015625
2442,7084.94091796875
2443,7418.83544921875
2444,6884.658203125
2445,4592.95458984375
2446,5301.853515625
2447,8491.6103515625
2448,7466.0166015625
2449,6768.35791015625
2450,8732.35546875
2451,6554.48486328125
2452,7437.44091796875
2453,5319.57763671875
2454,3601.901611328125
2455,8409.328125
2456,7057.6416015625
2457,8374.2041015625
2458,10520.486328125
2459,9885.5048828125
2460,5337.13037109375
2461,8588.7138671875
2462,4836.42041015625
2463,3674.74462890625
2464,8174.88671875
2465,10138.9794921875
2466,8482.0947265625
2467,7976.0859375
2468,6137.12548828125
2469,7850.609375
2470,10640.7861328125
2471,7787.8349609375
2472,7250.59619140625
2473,5978.2939453125
2474,5782.552734375
2475,6656.8076171875
2476,5649.3046875
2477,6268.71337890625
2478,6512.369140625
2479,5742.3701171875
2480,5013.7490234375
2481,7826.9443359375
2482,8676.9736328125
2483,6721.7685546875
2484,7140.14013671875
2485,8305.7724609375
2486,6889.13671875
2487,7108.091796875
2488,8848.6201171875
2489,8387.638671875
2490,4989.31005859375
2491,4504.94921875
2492,15474.8681640625
2493,7272.84912109375
2494,6997.28125
2495,9519.9765625
2496,7651.4677734375
2497,8577.521484375
2498,6953.91357421875
2499,8218.2529296875
2500,10087.4765625
2501,16328.8408203125
2502,6037.9951171875
2503,5865.59765625
2504,5572.78955078125
2505,6910.14404296875
2506,6165.64892578125
2507,9022.154296875
2508,9860.587890625
2509,7361.76416015625
2510,4443.2333984375
2511,7083.541015625
2512,9006.9521484375
2513,5859.322265625
2514,8270.8671875
2515,5125.75341796875
2516,8515.5498046875
2517,9490.4091796875
2518,8008.6396484375
2519,9111.9453125
2520,7414.3505859375
2521,4877.25634765625
2522,7147.95361328125
2523,9388.35546875
2524,9701.1328125
2525,7473.00146484375
2526,8948.3564453125
2527,6637.10107421875
2528,5326.76025390625
2529,10747.349609375
2530,5514.662109375
2531,10024.5205078125
2532,6340.33056640625
2533,5679.82568359375
2534,8322.2568359375
2535,6699.0390625
2536,8303.091796875
2537,9072.0126953125
2538,5233.7099609375
2539,5443.02294921875
2540,9058.63671875
2541,10666.8623046875
2542,10566.8203125
2543,6531.30078125
2544,6949.4931640625
2545,8061.68798828125
2546,7535.78515625
2547,6787.40087890625
2548,10483.1884765625
2549,9963.4755859375
2550,12818.7099609375
2551,5464.06103515625
2552,6696.8427734375
2553,0.0
2554,8869.708984375
2555,6740.28955078125
2556,10533.794921875
2557,6773.490234375
2558,7074.29931640625
2559,5618.48046875
2560,6519.71337890625
2561,5789.9951171875
2562,7626.6396484375
2563,5540.63916015625
2564,5654.31689453125
2565,10764.46484375
2566,6641.115234375
2567,20966.78125
2568,7109.5869140625
2569,5212.22509765625
2570,10029.87109375
2571,11439.17578125
2572,9112.1337890625
2573,10436.095703125
2574,7262.48095703125
2575,10026.1591796875
2576,10971.1982421875
2577,7114.4189453125
2578,7534.76416015625
2579,8970.490234375
2580,11151.1240234375
2581,9621.0380859375
2582,10160.93359375
2583,8500.970703125
2584,6364.3291015625
2585,9859.4111328125
2586,13575.865234375
2587,12535.0576171875
2588,12669.90234375
2589,12403.7646484375
2590,5725.17236328125
2591,7749.46630859375
2592,5861.685546875
2593,10740.298828125
2594,13741.1328125
2595,11587.748046875
2596,9312.5166015625
2597,7476.7373046875
2598,4864.79150390625
2599,7931.16064453125
2600,13106.04296875
2601,9239.080078125
2602,6401.07568359375
2603,7584.4482421875
2604,8917.337890625
2605,4772.47509765625
2606,10541.8056640625
2607,6509.13671875
2608,9717.0185546875
2609,10232.318359375
2610,7239.04052734375
2611,10554.8955078125
2612,10633.5595703125
2613,6859.75341796875
2614,9256.1220703125
2615,10161.716796875
2616,14844.57421875
2617,8227.814453125
2618,12030.400390625
2619,8482.4462890625
2620,11787.03125
2621,9665.361328125
2622,14099.26953125
2623,8007.82666015625
2624,7110.33203125
2625,8238.47265625
2626,7606.7275390625
2627,12396.3837890625
2628,11273.09375
2629,8214.98828125
2630,10628.1396484375
2631,8718.955078125
2632,13334.5048828125
2633,5849.8154296875
2634,18170.275390625
2635,6102.01611328125
2636,7738.58056640625
2637,10658.41796875
2638,7234.3046875
2639,9986.708984375
2640,8739.9833984375
2641,11288.5390625
2642,9072.2509765625
2643,7390.70556640625
2644,9932.384765625
2645,10031.0576171875
2646,9673.51171875
2647,7789.294921875
2648,9508.236328125
2649,16599.98046875
2650,9048.4072265625
2651,7559.1865234375
2652,9387.6298828125
2653,7448.0107421875
2654,7355.1796875
2655,9425.2333984375
2656,5667.86279296875
2657,12047.9775390625
2658,8625.400390625
2659,10434.8271484375
2660,10290.623046875
2661,5160.95361328125
2662,8400.080078125
2663,6695.04345703125
2664,11783.375
2665,10935.3115234375
2666,6795.43359375
2667,5530.22900390625
2668,9282.4287109375
2669,8297.244140625
2670,7805.427734375
2671,8814.1572265625
2672,8211.3056640625
2673,9577.7607421875
2674,8126.2744140625
2675,6138.2724609375
2676,10448.5615234375
2677,10159.6171875
2678,10699.791015625
2679,11816.2802734375
2680,11854.26171875
2681,7640.6884765625
2682,11871.0673828125
2683,8306.146484375
2684,10251.5
2685,13383.7626953125
2686,8812.2412109375
2687,14178.228515625
2688,10109.9736328125
2689,11554.05859375
2690,8175.6162109375
2691,9730.703125
2692,11954.201171875
2693,8439.6357421875
2694,5116.8466796875
2695,6849.36572265625
2696,11561.48046875
2697,8212.0888671875
2698,6651.93212890625
2699,13182.84375
2700,7790.353515625
2701,7212.98876953125
2702,8163.56103515625
2703,8357.76953125
2704,10212.8427734375
2705,9880.408203125
2706,9658.6435546875
2707,7745.50048828125
2708,7633.6328125
2709,9565.6630859375
2710,5494.75146484375
2711,8919.248046875
2712,8288.357421875
2713,11279.4482421875
2714,9141.3974609375
2715,7526.005859375
2716,14035.185546875
2717,7506.89501953125
2718,6436.88134765625
2719,13602.6455078125
2720,8815.3193359375
2721,12016.47265625
2722,9105.0107421875
2723,6237.8232421875
2724,8251.880859375
2725,7289.60498046875
2726,11154.6240234375
2727,17787.96875
2728,7996.533203125
2729,4297.67041015625
2730,6432.64111328125
2731,10766.033203125
2732,11190.91015625
2733,8941.02734375
2734,9524.9541015625
2735,6499.17041015625
2736,6261.38720703125
2737,4589.1650390625
2738,7724.97802734375
2739,8196.9677734375
2740,9829.4365234375
2741,9714.1123046875
2742,10845.5693359375
2743,10621.3515625
2744,11921.1025390625
2745,10063.0166015625
2746,8102.56884765625
2747,12720.8486328125
2748,17933.74609375
2749,8348.41015625
2750,10238.3193359375
2751,7718.5283203125
2752,9138.4892578125
2753,7002.2255859375
2754,10566.537109375
2755,8118.66845703125
2756,11593.84375
2757,9096.17578125
2758,11121.25
2759,9721.326171875
2760,7473.525390625
2761,12981.6220703125
2762,23434.103515625
2763,15928.0234375
2764,9186.58984375
2765,4398.7919921875
2766,8378.8525390625
2767,11750.0126953125
2768,7439.4375
2769,13439.4951171875
2770,20013.94921875
2771,7130.5791015625
2772,9136.2666015625
2773,10962.451171875
2774,7617.97412109375
2775,12864.634765625
2776,9776.66015625
2777,11615.6357421875
2778,6879.3818359375
2779,8268.0283203125
2780,8936.3544921875
2781,9967.068359375
2782,15638.771484375
2783,7545.8330078125
2784,8110.8896484375
2785,9325.953125
2786,7995.47412109375
2787,6931.17431640625
2788,10758.38671875
2789,8747.4697265625
2790,8575.84765625
2791,10699.947265625
2792,7848.90087890625
2793,7530.0537109375
2794,9258.9326171875
2795,10591.50390625
2796,11344.8544921875
2797,9495.5439453125
2798,9011.51171875
2799,6524.546875
2800,5719.80224609375
2801,9579.1455078125
2802,8371.162109375
2803,8979.03125
2804,6031.34716796875
2805,10756.09765625
2806,10920.16015625
2807,13404.7431640625
2808,9483.0556640625
2809,8600.470703125
2810,7178.3388671875
2811,6548.99462890625
2812,14709.205078125
2813,6911.47509765625
2814,9195.857421875
2815,19713.9765625
2816,8445.8642578125
2817,7508.00830078125
2818,6873.0634765625
2819,6164.32861328125
2820,9819.6904296875
2821,5309.88427734375
2822,7502.353515625
2823,13173.3359375
2824,7050.41943359375
2825,21102.912109375
2826,17396.779296875
2827,6140.9619140625
2828,9630.83203125
2829,6950.919921875
2830,9652.4111328125
2831,7829.98486328125
2832,14421.064453125
2833,8968.0
2834,12891.779296875
2835,7645.662109375
2836,9946.3603515625
2837,8112.6005859375
2838,11007.185546875
2839,9765.1064453125
2840,9033.3837890625
2841,8497.984375
2842,7373.30517578125
2843,12488.322265625
2844,11869.16015625
2845,8077.76904296875
2846,15348.0703125
2847,8424.6025390625
2848,13356.3046875
2849,7193.32568359375
2850,7722.2841796875
2851,8652.0908203125
2852,16916.041015625
2853,8708.19140625
2854,10838.7890625
2855,10144.2216796875
2856,11456.0615234375
2857,6581.7109375
2858,10004.576171875
2859,9112.904296875
2860,5972.57373046875
2861,12823.9140625
2862,20595.25
2863,10510.9072265625
2864,9861.7783203125
2865,12632.95703125
2866,14944.7138671875
2867,14638.9423828125
2868,7363.23681640625
2869,11762.46484375
2870,8825.7392578125
2871,11691.220703125
2872,4915.45849609375
2873,8446.6015625
2874,7566.416015625
2875,7774.3154296875
2876,9926.630859375
2877,7567.1787109375
2878,7342.6572265625
2879,9751.6123046875
2880,5300.3564453125
2881,7027.15771484375
2882,7980.46630859375
2883,9454.8466796875
2884,13789.4755859375
2885,11162.7421875
2886,10108.8896484375
2887,8249.912109375
2888,8946.0810546875
2889,11882.587890625
2890,9768.6103515625
2891,7774.73583984375
2892,6862.01513671875
2893,10940.7529296875
2894,5436.07666015625
2895,9665.5498046875
2896,5090.88818359375
2897,6855.75390625
2898,12171.8759765625
2899,8745.6494140625
2900,8328.21484375
2901,12074.8564453125
2902,12352.2451171875
2903,14782.876953125
2904,8258.337890625
2905,12285.134765625
2906,4320.830078125
2907,7363.7392578125
2908,8428.146484375
2909,6296.755859375
2910,8735.396484375
2911,7435.353515625
2912,8073.416015625
2913,11879.1826171875
2914,14202.359375
2915,10691.7861328125
2916,7176.08837890625
2917,7826.29052734375
2918,11468.5361328125
2919,9385.9150390625
2920,8461.2607421875
2921,7927.8330078125
2922,9869.451171875
2923,12781.3125
2924,6661.92578125
2925,9201.078125
2926,11855.49609375
2927,10959.6787109375
2928,16335.20703125
2929,8048.5322265625
2930,18095.123046875
2931,8882.435546875
2932,7274.2275390625
2933,4664.8203125
2934,7738.8544921875
2935,8598.888671875
2936,8178.09375
2937,8774.419921875
2938,7523.67138671875
2939,6122.29150390625
2940,7824.0771484375
2941,6578.81591796875
2942,8886.39453125
2943,10167.013671875
2944,10786.0263671875
2945,11578.3076171875
2946,8451.6884765625
2947,11337.15625
2948,6797.9521484375
2949,7376.31494140625
2950,7601.365234375
2951,6453.8154296875
2952,13516.787109375
2953,8993.32421875
2954,7492.28271484375
2955,10929.51171875
2956,12546.04296875
2957,9879.93359375
2958,9455.5439453125
2959,11540.5205078125
2960,7399.595703125
2961,7683.31689453125
2962,9225.0478515625
2963,11323.8955078125
2964,8847.8203125
2965,9417.642578125
2966,8159.67724609375
2967,7328.2705078125
2968,6082.71240234375
2969,6780.1474609375
2970,10093.607421875
2971,11544.4970703125
2972,13342.044921875
2973,15360.306640625
2974,11227.1328125
2975,7933.25146484375
2976,6636.2021484375
2977,12998.97265625
2978,15628.8857421875
2979,11251.1259765625
2980,11456.130859375
2981,9962.9970703125
2982,7175.51611328125
2983,5729.7080078125
2984,10257.6669921875
2985,9605.876953125
2986,9889.619140625
2987,9658.015625
2988,4369.75439453125
2989,14798.583984375
2990,8350.3486328125
2991,9680.1591796875
2992,5885.677734375
2993,7120.06591796875
2994,8747.076171875
2995,14973.068359375
2996,8073.7294921875
2997,6853.39599609375
2998,5984.02392578125
2999,5653.3466796875
3000,4353.8203125
3001,9275.142578125
3002,19852.603515625
3003,5817.34130859375
3004,7602.2255859375
3005,9387.66015625
3006,6848.95068359375
3007,7320.13134765625
3008,6460.2392578125
3009,5732.2509765625
3010,10135.4541015625
3011,9737.548828125
3012,5271.5771484375
3013,12568.75390625
3014,9676.916015625
3015,6453.39306640625
3016,12458.6123046875
3017,11340.451171875
3018,11747.232421875
3019,8028.97021484375
3020,9092.775390625
3021,6549.830078125
3022,7020.7919921875
3023,17498.28515625
3024,14887.08984375
3025,8903.748046875
3026,7790.80419921875
3027,7003.98095703125
3028,7594.78466796875
3029,6229.0654296875
3030,11784.5390625
3031,8021.00732421875
3032,7040.71484375
3033,10620.130859375
3034,6245.98681640625
3035,8605.90234375
3036,9263.130859375
3037,9953.2080078125
3038,11368.767578125
3039,6454.1044921875
3040,7013.91552734375
3041,8817.212890625
3042,12296.1962890625
3043,10842.96875
3044,9899.26171875
3045,6058.2646484375
3046,9109.650390625
3047,7290.212890625
3048,6586.1220703125
3049,9227.814453125
3050,10149.94140625
3051,9431.2080078125
3052,9348.712890625
3053,8316.29296875
3054,8864.5029296875
3055,8963.14453125
3056,8483.033203125
3057,8137.6376953125
3058,10725.298828125
3059,12237.349609375
3060,7456.61962890625
3061,7042.77734375
3062,16417.99609375
3063,5958.35009765625
3064,6476.21240234375
3065,9798.0517578125
3066,11900.6796875
3067,15019.052734375
3068,6192.0087890625
3069,8753.6416015625
3070,7623.869140625
3071,9489.8134765625
3072,7992.2451171875
3073,12640.564453125
3074,4574.59033203125
3075,9515.1259765625
3076,9210.359375
3077,7960.8408203125
3078,7715.787109375
3079,9456.3642578125
3080,12196.04296875
3081,7730.88916015625
3082,11740.2783203125
3083,10483.7373046875
3084,12828.091796875
3085,7502.1689453125
3086,9442.216796875
3087,9013.646484375
3088,11254.84765625
3089,9678.5302734375
3090,5899.4873046875
3091,9812.8623046875
3092,10413.4501953125
3093,10512.673828125
3094,5802.0361328125
3095,5153.89208984375
3096,12996.5947265625
3097,9444.6962890625
3098,12259.9033203125
3099,9841.3564453125
3100,7328.6767578125
3101,11916.2978515625
3102,9917.26953125
3103,11948.419921875
3104,10002.9091796875
3105,9134.3876953125
3106,11801.3740234375
3107,14206.7724609375
3108,9992.7373046875
3109,7009.5595703125
3110,8834.9599609375
3111,7269.462890625
3112,0.0
3113,11038.546875
3114,7181.70654296875
3115,11997.2333984375
3116,6420.17236328125
3117,7515.0126953125
3118,8359.0244140625
3119,11787.3037109375
3120,7814.13671875
3121,6547.572265625
3122,8783.5419921875
3123,9916.908203125
3124,7714.5
3125,9612.0771484375
3126,9287.2001953125
3127,9990.904296875
3128,11072.6533203125
3129,8909.2822265625
3130,7425.61181640625
3131,6763.6494140625
3132,6734.59423828125
3133,15750.7548828125
3134,12189.1416015625
3135,9249.9541015625
3136,15697.2431640625
3137,7701.32958984375
3138,6623.05078125
3139,8392.662109375
3140,11570.1396484375
3141,14903.0634765625
3142,10175.8671875
3143,11720.0634765625
3144,12168.9775390625
3145,8881.9462890625
3146,9498.8583984375
3147,8282.1064453125
3148,8145.80224609375
3149,6967.310546875
3150,6282.72900390625
3151,7963.39208984375
3152,12327.150390625
3153,20757.4140625
3154,9773.53125
3155,7957.06103515625
3156,9459.767578125
3157,7475.56884765625
3158,9017.97265625
3159,5478.38671875
3160,13245.849609375
3161,9131.892578125
3162,9077.7802734375
3163,18351.716796875
3164,13881.017578125
3165,10315.0419921875
3166,9992.0283203125
3167,5220.14013671875
3168,6630.8232421875
3169,7650.8349609375
3170,11132.66796875
3171,7514.9697265625
3172,6825.67578125
3173,7262.04736328125
3174,7178.14013671875
3175,9372.9697265625
3176,10036.626953125
3177,3959.552001953125
3178,9459.6689453125
3179,10853.37890625
3180,11168.587890625
3181,9095.9013671875
3182,6743.12548828125
3183,8668.15234375
3184,6613.56494140625
3185,13273.310546875
3186,6618.62646484375
3187,7118.12158203125
3188,9222.541015625
3189,8173.4970703125
3190,6565.177734375
3191,8635.3603515625
3192,9570.1689453125
3193,12027.54296875
3194,14015.8798828125
3195,7702.52783203125
3196,5397.51025390625
3197,7278.82958984375
3198,7376.66796875
3199,6538.595703125
3200,9471.4609375
3201,8413.427734375
3202,14793.626953125
3203,10746.3564453125
3204,8418.796875
3205,9799.109375
3206,7350.00390625
3207,11477.3916015625
3208,7599.701171875
3209,16755.1953125
3210,9507.421875
3211,8231.953125
3212,9479.0048828125
3213,5503.51025390625
3214,8881.6005859375
3215,25991.966796875
3216,5559.4287109375
3217,6808.35400390625
3218,13056.16796875
3219,8769.626953125
3220,10396.5927734375
3221,11255.099609375
3222,9336.259765625
3223,7832.900390625
3224,6159.92236328125
3225,12804.1943359375
3226,8930.544921875
3227,8938.4384765625
3228,9990.021484375
3229,7098.1064453125
3230,9651.8203125
3231,8051.40771484375
3232,5945.572265625
3233,11654.4248046875
3234,11116.2255859375
3235,6131.2900390625
3236,10204.33984375
3237,9371.056640625
3238,7140.2080078125
3239,13127.544921875
3240,9156.3837890625
3241,9469.8037109375
3242,6514.28662109375
3243,7959.0771484375
3244,8438.0634765625
3245,0.0
3246,10835.0546875
3247,5818.6533203125
3248,7289.07763671875
3249,6237.34521484375
3250,8999.01171875
3251,6753.26171875
3252,8974.265625
3253,10904.123046875
3254,9936.380859375
3255,8668.8994140625
3256,9091.33984375
3257,7879.50390625
3258,11785.6064453125
3259,13444.6474609375
3260,8974.0849609375
3261,5108.4580078125
3262,7482.37451171875
3263,10168.6083984375
3264,5597.3359375
3265,14343.1865234375
3266,8320.607421875
3267,10374.0673828125
3268,12927.111328125
3269,7871.34912109375
3270,6976.22802734375
3271,17163.345703125
3272,13512.298828125
3273,7697.51220703125
3274,11748.9814453125
3275,12863.0478515625
3276,8748.3818359375
3277,8637.513671875
3278,9892.7880859375
3279,8374.736328125
3280,6993.63330078125
3281,9616.8349609375
3282,6318.09765625
3283,8098.806640625
3284,9811.697265625
3285,9241.021484375
3286,12752.1767578125
3287,7568.23095703125
3288,8405.2861328125
3289,5304.90478515625
3290,10036.8203125
3291,9103.15234375
3292,8423.4296875
3293,8541.9521484375
3294,10449.466796875
3295,13171.587890625
3296,8211.7021484375
3297,6880.986328125
3298,9327.095703125
3299,9161.220703125
3300,7797.3623046875
3301,5342.5009765625
3302,6041.6396484375
3303,9577.75390625
3304,8052.947265625
3305,8904.41015625
3306,10307.8388671875
3307,7986.69140625
3308,8905.458984375
3309,7129.630859375
3310,4639.10693359375
3311,10997.0908203125
3312,8672.537109375
3313,9845.201171875
3314,12218.517578125
3315,11542.9189453125
3316,5989.48046875
3317,10293.345703125
3318,5090.13818359375
3319,4626.16162109375
3320,10296.74609375
3321,13756.197265625
3322,10197.6611328125
3323,10430.71875
3324,7169.22802734375
3325,9756.966796875
3326,13005.3974609375
3327,8790.2197265625
3328,10043.66015625
3329,6985.869140625
3330,6492.16552734375
3331,7090.13671875
3332,6858.6787109375
3333,7329.240234375
3334,8305.4306640625
3335,7997.8603515625
3336,5676.6201171875
3337,8791.4951171875
3338,10717.6416015625
3339,7884.81201171875
3340,8371.6123046875
3341,9677.1103515625
3342,8211.650390625
3343,6675.93505859375
3344,12249.6845703125
3345,9889.2275390625
3346,7531.02392578125
3347,6061.4736328125
3348,17463.77734375
3349,8776.5
3350,9785.5595703125
3351,13018.958984375
3352,9401.8671875
3353,11186.236328125
3354,8449.7861328125
3355,9327.76953125
3356,12024.6064453125
3357,19279.767578125
3358,7678.04052734375
3359,7724.47802734375
3360,6669.255859375
3361,8403.6171875
3362,7748.1708984375
3363,10105.4775390625
3364,11881.931640625
3365,7164.052734375
3366,5246.0634765625
3367,8870.1640625
3368,10843.671875
3369,7283.2861328125
3370,10875.138671875
3371,4852.8125
3372,10664.9990234375
3373,10164.7802734375
3374,9914.47265625
3375,10672.525390625
3376,9506.6220703125
3377,6744.9716796875
3378,9022.8486328125
3379,10438.9013671875
3380,11036.462890625
3381,9160.759765625
3382,11318.89453125
3383,7734.34375
3384,6852.6513671875
3385,12129.0048828125
3386,6075.98486328125
3387,12024.16796875
3388,8282.6875
3389,7076.13427734375
3390,10180.822265625
3391,8290.6357421875
3392,10867.9326171875
3393,10395.4560546875
3394,6080.056640625
3395,6796.99365234375
3396,11446.7021484375
3397,13352.6171875
3398,11427.9853515625
3399,7835.9501953125
3400,8184.34033203125
3401,10316.1640625
3402,9253.64453125
3403,7662.9169921875
3404,14570.7392578125
3405,13213.0849609375
3406,13855.9580078125
3407,6183.26953125
3408,8222.248046875
3409,0.0
3410,11328.5390625
3411,7758.96435546875
3412,14530.16796875
3413,7656.66748046875
3414,8996.771484375
3415,6876.59814453125
3416,7885.8798828125
3417,6839.84912109375
3418,9609.9638671875
3419,7614.89599609375
3420,7425.08837890625
3421,15468.06640625
3422,8241.3173828125
3423,25360.60546875
3424,10046.66015625
3425,0.0
3426,0.0
3427,0.0
3428,0.0
3429,0.0
3430,0.0
3431,0.0
3432,0.0
3433,0.0
3434,0.0
3435,0.0
3436,0.0
3437,0.0
3438,0.0
3439,0.0
3440,0.0
3441,0.0
3442,0.0
3443,0.0
3444,0.0
3445,0.0
3446,0.0
3447,0.0
3448,0.0
3449,0.0
3450,0.0
3451,0.0
3452,0.0
3453,0.0
3454,0.0
3455,0.0
3456,0.0
3457,0.0
3458,0.0
3459,0.0
3460,0.0
3461,0.0
3462,0.0
3463,0.0
3464,0.0
3465,0.0
3466,0.0
3467,0.0
3468,0.0
3469,0.0
3470,0.0
3471,0.0
3472,0.0
3473,0.0
3474,0.0
3475,0.0
3476,0.0
3477,0.0
3478,0.0
3479,0.0
3480,0.0
3481,0.0
3482,0.0
3483,0.0
3484,0.0
3485,0.0
3486,0.0
3487,0.0
3488,0.0
3489,0.0
3490,0.0
3491,0.0
3492,0.0
3493,0.0
3494,0.0
3495,0.0
3496,0.0
3497,0.0
3498,0.0
3499,0.0
3500,0.0
3501,0.0
3502,0.0
3503,0.0
3504,0.0
3505,0.0
3506,0.0
3507,0.0
3508,0.0
3509,0.0
3510,0.0
3511,0.0
3512,0.0
3513,0.0
3514,0.0
3515,0.0
3516,4132.12158203125
3517,0.0
3518,0.0
3519,0.0
3520,0.0
3521,0.0
3522,0.0
3523,0.0
3524,0.0
3525,0.0
3526,0.0
3527,0.0
3528,0.0
3529,0.0
3530,0.0
3531,0.0
3532,0.0
3533,0.0
3534,0.0
3535,0.0
3536,0.0
3537,0.0
3538,0.0
3539,0.0
3540,0.0
3541,0.0
3542,0.0
3543,0.0
3544,0.0
3545,0.0
3546,0.0
3547,0.0
3548,0.0
3549,0.0
3550,0.0
3551,0.0
3552,0.0
3553,0.0
3554,0.0
3555,0.0
3556,0.0
3557,0.0
3558,0.0
3559,0.0
3560,0.0
3561,0.0
3562,0.0
3563,0.0
3564,0.0
3565,0.0
3566,0.0
3567,0.0
3568,0.0
3569,0.0
3570,0.0
3571,0.0
3572,0.0
3573,0.0
3574,0.0
3575,0.0
3576,0.0
3577,0.0
3578,0.0
3579,0.0
3580,0.0
3581,0.0
3582,0.0
3583,0.0
3584,2305.17138671875
3585,0.0
3586,0.0
3587,0.0
3588,0.0
3589,0.0
3590,0.0
3591,0.0
3592,0.0
3593,0.0
3594,0.0
3595,0.0
3596,0.0
3597,0.0
3598,0.0
3599,0.0
3600,0.0
3601,0.0
3602,0.0
3603,0.0
3604,0.0
3605,0.0
3606,0.0
3607,0.0
3608,0.0
3609,0.0
3610,0.0
3611,0.0
3612,0.0
3613,0.0
3614,0.0
3615,0.0
3616,0.0
3617,0.0
3618,0.0
3619,0.0
3620,0.0
3621,0.0
3622,0.0
3623,0.0
3624,0.0
3625,17009.5703125
3626,30150.875
3627,0.0
3628,0.0
3629,0.0
3630,0.0
3631,0.0
3632,0.0
3633,0.0
3634,8323.8505859375
3635,0.0
3636,0.0
3637,0.0
3638,0.0
3639,0.0
3640,0.0
3641,0.0
3642,0.0
3643,0.0
3644,0.0
3645,0.0
3646,0.0
3647,0.0
3648,0.0
3649,0.0
3650,0.0
3651,0.0
3652,0.0
3653,5260.60693359375
3654,0.0
3655,0.0
3656,0.0
3657,0.0
3658,0.0
3659,0.0
3660,0.0
3661,0.0
3662,0.0
3663,2993.44970703125
3664,0.0
3665,0.0
3666,0.0
3667,0.0
3668,0.0
3669,0.0
3670,0.0
3671,0.0
3672,0.0
3673,0.0
3674,0.0
3675,0.0
3676,0.0
3677,0.0
3678,0.0
3679,0.0
3680,0.0
3681,8236.1962890625
3682,0.0
3683,0.0
3684,0.0
3685,0.0
3686,0.0
3687,0.0
3688,0.0
3689,0.0
3690,0.0
3691,0.0
3692,0.0
3693,0.0
3694,0.0
3695,0.0
3696,0.0
3697,0.0
3698,9963.5693359375
3699,0.0
3700,0.0
3701,0.0
3702,0.0
3703,0.0
3704,0.0
3705,0.0
3706,0.0
3707,0.0
3708,0.0
3709,0.0
3710,0.0
3711,0.0
3712,0.0
3713,0.0
3714,0.0
3715,0.0
3716,0.0
3717,0.0
3718,0.0
3719,0.0
3720,0.0
3721,0.0
3722,0.0
3723,0.0
3724,0.0
3725,0.0
3726,0.0
3727,0.0
3728,0.0
3729,0.0
3730,0.0
3731,0.0
3732,0.0
3733,0.0
3734,0.0
3735,0.0
3736,0.0
3737,0.0
3738,0.0
3739,0.0
3740,0.0
3741,0.0
3742,0.0
3743,0.0
3744,0.0
3745,0.0
3746,0.0
3747,0.0
3748,0.0
3749,0.0
3750,0.0
3751,0.0
3752,0.0
3753,0.0
3754,0.0
3755,0.0
3756,0.0
3757,0.0
3758,0.0
3759,0.0
3760,2105.139892578125
3761,0.0
3762,0.0
3763,0.0
3764,0.0
3765,0.0
3766,0.0
3767,0.0
3768,0.0
3769,0.0
3770,0.0
3771,0.0
3772,0.0
3773,0.0
3774,4948.79638671875
3775,0.0
3776,0.0
3777,0.0
3778,0.0
3779,0.0
3780,0.0
3781,0.0
3782,0.0
3783,0.0
3784,0.0
3785,0.0
3786,0.0
3787,0.0
3788,0.0
3789,0.0
3790,0.0
3791,0.0
3792,0.0
3793,0.0
3794,0.0
3795,0.0
3796,0.0
3797,0.0
3798,0.0
3799,0.0
3800,0.0
3801,0.0
3802,0.0
3803,0.0
3804,0.0
3805,0.0
3806,0.0
3807,0.0
3808,0.0
3809,0.0
3810,0.0
3811,0.0
3812,0.0
3813,0.0
3814,0.0
3815,0.0
3816,0.0
3817,8418.580078125
3818,0.0
3819,0.0
3820,0.0
3821,0.0
3822,0.0
3823,0.0
3824,0.0
3825,0.0
3826,0.0
3827,2994.820556640625
3828,0.0
3829,0.0
3830,0.0
3831,5540.84765625
3832,0.0
3833,0.0
3834,0.0
3835,0.0
3836,0.0
3837,0.0
3838,0.0
3839,0.0
3840,0.0
3841,0.0
3842,0.0
3843,0.0
3844,0.0
3845,0.0
3846,0.0
3847,0.0
3848,0.0
3849,0.0
3850,0.0
3851,0.0
3852,0.0
3853,0.0
3854,0.0
3855,0.0
3856,0.0
3857,0.0
3858,20607.919921875
3859,0.0
3860,0.0
3861,0.0
3862,0.0
3863,0.0
3864,0.0
3865,0.0
3866,0.0
3867,0.0
3868,0.0
3869,0.0
3870,0.0
3871,0.0
3872,6655.3583984375
3873,0.0
3874,0.0
3875,0.0
3876,0.0
3877,0.0
3878,0.0
3879,0.0
3880,0.0
3881,0.0
3882,0.0
3883,0.0
3884,0.0
3885,0.0
3886,0.0
3887,0.0
3888,0.0
3889,0.0
3890,0.0
3891,0.0
3892,0.0
3893,0.0
3894,0.0
3895,0.0
3896,0.0
3897,0.0
3898,0.0
3899,0.0
3900,0.0
3901,0.0
3902,0.0
3903,0.0
3904,0.0
3905,0.0
3906,0.0
3907,0.0
3908,0.0
3909,0.0
3910,0.0
3911,0.0
3912,0.0
3913,0.0
3914,0.0
3915,0.0
3916,0.0
3917,0.0
3918,0.0
3919,0.0
3920,0.0
3921,0.0
3922,0.0
3923,0.0
3924,0.0
3925,0.0
3926,0.0
3927,0.0
3928,0.0
3929,0.0
3930,0.0
3931,0.0
3932,0.0
3933,0.0
3934,0.0
3935,0.0
3936,0.0
3937,0.0
3938,0.0
3939,0.0
3940,0.0
3941,0.0
3942,0.0
3943,0.0
3944,0.0
3945,0.0
3946,0.0
3947,14172.6435546875
3948,0.0
3949,0.0
3950,0.0
3951,0.0
3952,0.0
3953,0.0
3954,0.0
3955,0.0
3956,0.0
3957,0.0
3958,0.0
3959,0.0
3960,0.0
3961,0.0
3962,0.0
3963,0.0
3964,0.0
3965,0.0
3966,0.0
3967,0.0
3968,0.0
3969,0.0
3970,0.0
3971,0.0
3972,0.0
3973,0.0
3974,0.0
3975,0.0
3976,0.0
3977,0.0
3978,0.0
3979,0.0
3980,0.0
3981,0.0
3982,0.0
3983,0.0
3984,0.0
3985,0.0
3986,0.0
3987,0.0
3988,0.0
3989,0.0
3990,0.0
3991,4403.697265625
3992,16686.576171875
3993,0.0
3994,0.0
3995,0.0
3996,0.0
3997,0.0
3998,0.0
3999,0.0
4000,0.0
4001,0.0
4002,0.0
4003,0.0
4004,0.0
4005,0.0
4006,0.0
4007,0.0
4008,0.0
4009,0.0
4010,0.0
4011,0.0
4012,0.0
4013,0.0
4014,0.0
4015,0.0
4016,0.0
4017,0.0
4018,0.0
4019,0.0
4020,12036.369140625
4021,0.0
4022,0.0
4023,0.0
4024,0.0
4025,0.0
4026,0.0
4027,0.0
4028,0.0
4029,0.0
4030,0.0
4031,0.0
4032,0.0
4033,0.0
4034,0.0
4035,0.0
4036,0.0
4037,0.0
4038,0.0
4039,0.0
4040,0.0
4041,0.0
4042,0.0
4043,0.0
4044,0.0
4045,0.0
4046,0.0
4047,0.0
4048,0.0
4049,0.0
4050,0.0
4051,0.0
4052,0.0
4053,0.0
4054,0.0
4055,0.0
4056,0.0
4057,0.0
4058,0.0
4059,0.0
4060,0.0
4061,0.0
4062,0.0
4063,0.0
4064,0.0
4065,0.0
4066,0.0
4067,0.0
4068,0.0
4069,0.0
4070,0.0
4071,0.0
4072,0.0
4073,0.0
4074,0.0
4075,0.0
4076,0.0
4077,0.0
4078,0.0
4079,0.0
4080,0.0
4081,0.0
4082,0.0
4083,0.0
4084,0.0
4085,0.0
4086,0.0
4087,0.0
4088,0.0
4089,0.0
4090,2727.2099609375
4091,0.0
4092,0.0
4093,0.0
4094,2399.928955078125
4095,0.0
4096,0.0
4097,0.0
4098,0.0
4099,0.0
4100,0.0
4101,0.0
4102,0.0
4103,0.0
4104,0.0
4105,0.0
4106,0.0
4107,0.0
4108,0.0
4109,0.0
4110,0.0
4111,0.0
4112,0.0
4113,0.0
4114,0.0
4115,0.0
4116,0.0
4117,0.0
4118,0.0
4119,0.0
4120,0.0
4121,0.0
4122,0.0
4123,0.0
4124,0.0
4125,0.0
4126,0.0
4127,0.0
4128,0.0
4129,0.0
4130,0.0
4131,0.0
4132,0.0
4133,0.0
4134,0.0
4135,0.0
4136,0.0
4137,0.0
4138,0.0
4139,0.0
4140,0.0
4141,0.0
4142,0.0
4143,0.0
4144,0.0
4145,2379.99365234375
4146,0.0
4147,0.0
4148,0.0
4149,0.0
4150,0.0
4151,0.0
4152,0.0
4153,0.0
4154,0.0
4155,0.0
4156,0.0
4157,0.0
4158,0.0
4159,0.0
4160,12096.314453125
4161,0.0
4162,0.0
4163,0.0
4164,0.0
4165,0.0
4166,0.0
4167,0.0
4168,0.0
4169,0.0
4170,0.0
4171,0.0
4172,0.0
4173,0.0
4174,0.0
4175,0.0
4176,0.0
4177,0.0
4178,0.0
4179,0.0
4180,0.0
4181,0.0
4182,0.0
4183,0.0
4184,0.0
4185,0.0
4186,0.0
4187,0.0
4188,0.0
4189,0.0
4190,0.0
4191,0.0
4192,0.0
4193,0.0
4194,0.0
4195,0.0
4196,0.0
4197,0.0
4198,0.0
4199,0.0
4200,0.0
4201,0.0
4202,0.0
4203,0.0
4204,0.0
4205,0.0
4206,0.0
4207,0.0
4208,0.0
4209,0.0
4210,0.0
4211,0.0
4212,0.0
4213,0.0
4214,0.0
4215,0.0
4216,0.0
4217,0.0
4218,0.0
4219,0.0
4220,0.0
4221,0.0
4222,0.0
4223,0.0
4224,4012.3125
4225,0.0
4226,0.0
4227,0.0
4228,0.0
4229,0.0
4230,0.0
4231,0.0
4232,0.0
4233,0.0
4234,0.0
4235,0.0
4236,0.0
4237,0.0
4238,0.0
4239,0.0
4240,0.0
4241,0.0
4242,0.0
4243,0.0
4244,0.0
4245,0.0
4246,0.0
4247,0.0
4248,0.0
4249,0.0
4250,0.0
4251,0.0
4252,0.0
4253,0.0
4254,0.0
4255,0.0
4256,0.0
4257,0.0
4258,0.0
4259,0.0
4260,0.0
4261,0.0
4262,0.0
4263,0.0
4264,0.0
4265,13527.6748046875
4266,4738.3564453125
4267,0.0
4268,0.0
4269,0.0
4270,0.0
4271,0.0
4272,0.0
4273,0.0
4274,0.0
4275,0.0
4276,0.0
4277,0.0
4278,0.0
4279,0.0
4280,0.0
4281,4412.8798828125
4282,3420.917724609375
4283,6430.8818359375
4284,3625.40625
4285,5857.68310546875
4286,4686.044921875
4287,5310.30908203125
4288,7447.10595703125
4289,4307.458984375
4290,3300.669189453125
4291,5377.46533203125
4292,5466.2783203125
4293,4354.02099609375
4294,7525.12841796875
4295,5712.7470703125
4296,3542.0908203125
4297,4883.33740234375
4298,7087.1201171875
4299,7924.1015625
4300,6142.974609375
4301,7349.91650390625
4302,3965.302490234375
4303,5524.73388671875
4304,2308.673583984375
4305,7711.11279296875
4306,7604.6328125
4307,7781.05126953125
4308,5640.17529296875
4309,3802.15234375
4310,5193.42431640625
4311,6241.302734375
4312,7687.71435546875
4313,3952.043212890625
4314,5574.22705078125
4315,5750.78076171875
4316,5868.90087890625
4317,2733.93994140625
4318,7688.314453125
4319,4415.25732421875
4320,7564.8544921875
4321,6521.869140625
4322,3092.544921875
4323,8273.5986328125
4324,6494.93017578125
4325,4582.14794921875
4326,3985.73486328125
4327,7387.474609375
4328,9431.822265625
4329,5982.27880859375
4330,5541.861328125
4331,8248.0556640625
4332,8254.5546875
4333,5978.75244140625
4334,6445.41064453125
4335,2783.516357421875
4336,2697.168212890625
4337,4549.5048828125
4338,5687.68994140625
4339,8486.298828125
4340,7776.85009765625
4341,4099.7216796875
4342,8264.67578125
4343,9105.24609375
4344,5340.21142578125
4345,3082.663818359375
4346,9940.9091796875
4347,3118.527099609375
4348,5528.09912109375
4349,6581.7216796875
4350,4258.70361328125
4351,5801.4140625
4352,2829.86181640625
4353,5828.70556640625
4354,5821.98193359375
4355,5592.48876953125
4356,8559.025390625
4357,6894.57421875
4358,4619.6259765625
4359,3511.18701171875
4360,7583.18359375
4361,12893.517578125
4362,6375.0322265625
4363,2853.935302734375
4364,6477.2353515625
4365,5926.02490234375
4366,6076.54052734375
4367,8440.7509765625
4368,2563.07470703125
4369,7456.6552734375
4370,4938.67822265625
4371,5884.19677734375
4372,6269.451171875
4373,2678.10546875
4374,4891.60400390625
4375,5353.69677734375
4376,7882.55078125
4377,7189.02294921875
4378,4181.7412109375
4379,3976.585693359375
4380,7259.52783203125
4381,6563.22216796875
4382,4531.60986328125
4383,5102.17236328125
4384,4031.0556640625
4385,5871.685546875
4386,4851.0849609375
4387,3867.329833984375
4388,5123.61865234375
4389,6332.35302734375
4390,6306.2646484375
4391,7055.41552734375
4392,8122.9169921875
4393,3799.1748046875
4394,7734.0068359375
4395,3142.357177734375
4396,3611.6064453125
4397,8335.0185546875
4398,7216.62646484375
4399,6756.13671875
4400,9814.5810546875
4401,6789.68505859375
4402,5228.77099609375
4403,6732.818359375
4404,7485.05126953125
4405,4408.26025390625
4406,2728.299072265625
4407,5178.56201171875
4408,4917.8486328125
4409,5289.45068359375
4410,3134.033447265625
4411,5493.80126953125
4412,5915.8369140625
4413,5657.54345703125
4414,6421.96240234375
4415,3261.082275390625
4416,5954.26513671875
4417,6917.73974609375
4418,3720.992919921875
4419,5410.2802734375
4420,3725.53515625
4421,5286.236328125
4422,2695.14208984375
4423,4299.61279296875
4424,5087.291015625
4425,7399.2919921875
4426,6022.30126953125
4427,5979.8466796875
4428,11922.2802734375
4429,3867.5771484375
4430,5428.71875
4431,9998.1337890625
4432,5880.54296875
4433,7921.48876953125
4434,6324.82080078125
4435,4772.306640625
4436,6614.931640625
4437,4919.029296875
4438,4729.6982421875
4439,8181.72705078125
4440,4689.37255859375
4441,2783.717041015625
4442,3598.666015625
4443,7181.31787109375
4444,7742.78662109375
4445,5801.21875
4446,5918.166015625
4447,4734.6064453125
4448,2232.892333984375
4449,2461.07080078125
4450,3709.34326171875
4451,5897.3701171875
4452,7263.90966796875
4453,5781.55419921875
4454,8314.8935546875
4455,8381.607421875
4456,7422.0205078125
4457,7288.03955078125
4458,5101.31982421875
4459,8602.8125
4460,9390.1298828125
4461,3645.64990234375
4462,5329.16357421875
4463,5497.85791015625
4464,6756.08154296875
4465,3202.995849609375
4466,5441.369140625
4467,4512.27783203125
4468,8777.6884765625
4469,5736.91162109375
4470,7518.0947265625
4471,6848.1025390625
4472,5108.51953125
4473,7865.0732421875
4474,16926.06640625
4475,8024.2958984375
4476,4647.6201171875
4477,3780.8583984375
4478,6504.6962890625
4479,6620.0908203125
4480,3801.148193359375
4481,9816.2177734375
4482,17639.76953125
4483,4800.00390625
4484,3979.951171875
4485,10718.9228515625
4486,4049.663818359375
4487,5108.87744140625
4488,3289.308837890625
4489,6195.90771484375
4490,0.0
4491,5841.87841796875
4492,5026.3818359375
4493,5545.791015625
4494,11098.9404296875
4495,6428.44140625
4496,6129.9404296875
4497,6894.26513671875
4498,4783.98779296875
4499,6603.95556640625
4500,9118.5791015625
4501,4910.0966796875
4502,5162.591796875
4503,4160.990234375
4504,3637.0205078125
4505,5256.44287109375
4506,4209.49365234375
4507,5349.42333984375
4508,8381.701171875
4509,8208.0322265625
4510,7188.96484375
4511,4276.4453125
4512,4236.30419921875
4513,4413.4052734375
4514,4260.13525390625
4515,6764.7802734375
4516,4004.47314453125
4517,5983.7939453125
4518,5376.82275390625
4519,8079.80712890625
4520,6064.3662109375
4521,4523.56884765625
4522,2717.68701171875
4523,2527.945068359375
4524,8498.84375
4525,6075.388671875
4526,5080.83056640625
4527,12073.14453125
4528,6442.916015625
4529,4198.69091796875
4530,5698.93994140625
4531,3092.60107421875
4532,4192.18115234375
4533,3905.39892578125
4534,4197.33837890625
4535,9522.525390625
4536,4948.119140625
4537,7887.18798828125
4538,10179.16015625
4539,5891.57421875
4540,5652.14111328125
4541,4868.02783203125
4542,5094.4794921875
4543,5240.9697265625
4544,9936.9384765625
4545,5063.73095703125
4546,6835.2900390625
4547,3319.525634765625
4548,5771.140625
4549,5934.88134765625
4550,6986.826171875
4551,6528.90576171875
4552,5307.234375
4553,6445.6513671875
4554,5352.767578125
4555,8071.8603515625
4556,6708.53857421875
4557,6646.15234375
4558,8483.7900390625
4559,6695.75146484375
4560,8749.748046875
4561,3305.689453125
4562,5813.56689453125
4563,5269.38671875
4564,8286.220703125
4565,6559.22509765625
4566,6762.28759765625
4567,6126.0712890625
4568,7268.8408203125
4569,5345.45166015625
4570,6841.03759765625
4571,6095.6513671875
4572,3074.04345703125
4573,8052.4755859375
4574,16772.525390625
4575,6853.5400390625
4576,6347.66064453125
4577,6862.40576171875
4578,8192.353515625
4579,8363.65234375
4580,3351.763671875
4581,4336.18603515625
4582,5638.60546875
4583,8378.064453125
4584,2726.346923828125
4585,4478.0556640625
4586,5238.50390625
4587,5075.48779296875
4588,4634.9462890625
4589,3491.3203125
4590,2800.78857421875
4591,7700.63818359375
4592,3986.005615234375
4593,4791.98779296875
4594,6051.74951171875
4595,5472.494140625
4596,9274.998046875
4597,11584.8671875
4598,5502.73583984375
4599,7606.8212890625
4600,6493.60888671875
4601,8074.23486328125
4602,4627.85693359375
4603,3223.05078125
4604,5261.19091796875
4605,11465.1865234375
4606,4024.74462890625
4607,7558.41943359375
4608,2026.111572265625
4609,3592.744384765625
4610,8903.7216796875
4611,6721.10595703125
4612,5649.47265625
4613,8933.625
4614,8817.9443359375
4615,7699.587890625
4616,4101.12890625
4617,8445.7373046875
4618,2096.851806640625
4619,3133.898193359375
4620,6555.138671875
4621,4868.0634765625
4622,10197.7841796875
4623,2299.08984375
4624,5974.72998046875
4625,5631.58837890625
4626,7565.70947265625
4627,9628.7685546875
4628,4517.64208984375
4629,3176.946044921875
4630,7497.2421875
4631,9158.642578125
4632,4363.13134765625
4633,5697.56689453125
4634,9327.6982421875
4635,5474.5615234375
4636,4897.1552734375
4637,3851.502685546875
4638,7747.978515625
4639,4041.679443359375
4640,12061.8251953125
4641,8654.1025390625
4642,15667.7939453125
4643,6448.11865234375
4644,5398.52685546875
4645,2028.5548095703125
4646,5780.0439453125
4647,5704.87841796875
4648,5613.14013671875
4649,8113.5615234375
4650,6043.62890625
4651,2548.725341796875
4652,6536.60302734375
4653,3861.435546875
4654,7802.26611328125
4655,6728.544921875
4656,6880.0166015625
4657,7702.498046875
4658,4543.88671875
4659,7256.12060546875
4660,5802.73681640625
4661,6184.32177734375
4662,7103.7294921875
4663,3618.77587890625
4664,8788.6748046875
4665,6281.63134765625
4666,3345.1494140625
4667,5260.02099609375
4668,7743.34619140625
4669,5800.869140625
4670,4015.51123046875
4671,5187.49267578125
4672,5702.8603515625
4673,5615.767578125
4674,5423.2353515625
4675,9578.8212890625
4676,4509.6435546875
4677,3616.294677734375
4678,5499.51123046875
4679,5887.28955078125
4680,3211.682861328125
4681,5104.28173828125
4682,8483.056640625
4683,6794.60693359375
4684,9844.4375
4685,8264.98046875
4686,7599.9150390625
4687,5944.39599609375
4688,4457.82275390625
4689,9883.2177734375
4690,7891.5126953125
4691,6681.95849609375
4692,4945.9384765625
4693,5447.02490234375
4694,4388.12646484375
4695,3089.156494140625
4696,8173.11962890625
4697,6974.12939453125
4698,5457.78271484375
4699,4643.77734375
4700,1703.498046875
4701,7638.103515625
4702,5581.65966796875
4703,6912.06103515625
4704,3814.795654296875
4705,5409.87841796875
4706,5144.291015625
4707,3878.150146484375
4708,10111.7265625
4709,4948.2900390625
4710,4586.478515625
4711,3342.92822265625
4712,3345.6015625
4713,4564.5048828125
4714,13243.296875
4715,3915.192626953125
4716,5745.29052734375
4717,4492.8369140625
4718,3475.071533203125
4719,3094.366455078125
4720,5937.04150390625
4721,2729.201904296875
4722,9556.6240234375
4723,5768.14013671875
4724,2222.16455078125
4725,8245.720703125
4726,2235.17138671875
4727,4001.427734375
4728,8593.3251953125
4729,7358.88232421875
4730,7795.98486328125
4731,2555.127197265625
4732,4535.95703125
4733,4702.9453125
4734,4158.837890625
4735,14227.84765625
4736,11880.8359375
4737,5197.38720703125
4738,2689.48974609375
4739,6857.57177734375
4740,4252.4619140625
4741,3049.165771484375
4742,7237.880859375
4743,5149.009765625
4744,4620.65576171875
4745,7016.45654296875
4746,5005.29150390625
4747,4986.73681640625
4748,5810.35009765625
4749,6646.158203125
4750,7406.98486328125
4751,3306.57861328125
4752,5794.74365234375
4753,6793.09521484375
4754,8035.04248046875
4755,5281.982421875
4756,7541.5673828125
4757,2443.053466796875
4758,8640.3515625
4759,4967.55126953125
4760,2494.439453125
4761,4175.63427734375
4762,4893.16845703125
4763,4259.54541015625
4764,6600.13720703125
4765,3802.6494140625
4766,6437.07958984375
4767,4897.810546875
4768,7190.64404296875
4769,8185.7216796875
4770,4927.95166015625
4771,7552.197265625
4772,5854.62841796875
4773,3090.62646484375
4774,10688.3115234375
4775,3541.199462890625
4776,3924.319091796875
4777,6128.82470703125
4778,11453.203125
4779,9836.138671875
4780,4356.03564453125
4781,4732.43115234375
4782,5722.51611328125
4783,6957.72802734375
4784,4202.7998046875
4785,7368.75341796875
4786,3726.3701171875
4787,4079.570556640625
4788,3927.7666015625
4789,3522.1904296875
4790,3311.412841796875
4791,7423.52685546875
4792,6519.55810546875
4793,6276.24951171875
4794,4933.82470703125
4795,7327.72998046875
4796,7795.306640625
4797,5604.71142578125
4798,5261.05810546875
4799,5966.27978515625
4800,8024.51220703125
4801,4464.73388671875
4802,1764.2681884765625
4803,6465.302734375
4804,6634.05859375
4805,5977.927734375
4806,5553.80029296875
4807,3260.574462890625
4808,9290.9091796875
4809,2735.878662109375
4810,8854.4580078125
4811,5238.19873046875
4812,4382.744140625
4813,7583.40869140625
4814,4245.50927734375
4815,4946.98876953125
4816,7303.14453125
4817,3028.930908203125
4818,7076.1435546875
4819,8921.6455078125
4820,7518.513671875
4821,2878.0126953125
4822,5504.11279296875
4823,3589.835205078125
4824,2114.498779296875
4825,4749.23291015625
4826,5766.5634765625
4827,4797.29296875
4828,4806.49169921875
4829,4856.537109375
4830,4450.39013671875
4831,7901.00634765625
4832,5960.17529296875
4833,5770.05078125
4834,4901.80517578125
4835,4791.55859375
4836,6001.17236328125
4837,6553.7421875
4838,7445.50341796875
4839,6983.06201171875
4840,8210.279296875
4841,5296.6875
4842,4764.09326171875
4843,2572.57275390625
4844,5685.541015625
4845,8907.6044921875
4846,5821.6416015625
4847,5964.83203125
4848,14269.0322265625
4849,3361.336181640625
4850,4780.669921875
4851,3774.114013671875
4852,8322.8896484375
4853,9701.302734375
4854,7284.29248046875
4855,7854.41748046875
4856,7668.5283203125
4857,7802.32666015625
4858,6535.8056640625
4859,5385.47705078125
4860,3604.78369140625
4861,4753.36376953125
4862,3741.843994140625
4863,2642.94677734375
4864,6507.59814453125
4865,16990.830078125
4866,5602.14306640625
4867,3450.680908203125
4868,4425.2685546875
4869,4862.09619140625
4870,5762.8369140625
4871,3008.557373046875
4872,6243.96435546875
4873,7189.5771484375
4874,3821.815185546875
4875,10053.40234375
4876,11172.201171875
4877,4494.5693359375
4878,4911.75048828125
4879,4035.499755859375
4880,4030.133544921875
4881,4241.74072265625
4882,8351.4755859375
4883,4251.88671875
4884,4393.72998046875
4885,2783.0703125
4886,5334.25634765625
4887,4753.19775390625
4888,7261.40087890625
4889,3107.396484375
4890,7916.7705078125
4891,6421.04150390625
4892,5151.2900390625
4893,4558.4072265625
4894,3747.7392578125
4895,5040.42626953125
4896,4473.654296875
4897,9114.9794921875
4898,4381.2197265625
4899,3314.65380859375
4900,6021.611328125
4901,5029.27490234375
4902,6304.380859375
4903,5619.76416015625
4904,5868.8994140625
4905,10358.990234375
4906,6733.79443359375
4907,5857.24951171875
4908,3328.2177734375
4909,4928.14990234375
4910,4840.24365234375
4911,3951.86572265625
4912,4770.5224609375
4913,5426.43994140625
4914,10094.7021484375
4915,6907.150390625
4916,4589.93310546875
4917,5613.0546875
4918,4303.86328125
4919,7244.02197265625
4920,5752.38134765625
4921,8845.1748046875
4922,6851.541015625
4923,4868.30908203125
4924,3808.830810546875
4925,2573.874267578125
4926,3914.43994140625
4927,20985.91796875
4928,2097.8359375
4929,5019.54541015625
4930,6006.22802734375
4931,7034.97998046875
4932,6234.34326171875
4933,8597.439453125
4934,5375.49462890625
4935,5804.38232421875
4936,3335.05419921875
4937,7880.90087890625
4938,4041.83203125
4939,6452.88330078125
4940,9759.322265625
4941,5105.24462890625
4942,7342.62646484375
4943,6581.466796875
4944,3968.4189453125
4945,6049.1787109375
4946,5729.21484375
4947,2720.868896484375
4948,8380.662109375
4949,6041.4814453125
4950,4513.365234375
4951,9000.021484375
4952,8477.607421875
4953,6386.75634765625
4954,4610.31201171875
4955,6548.8857421875
4956,5160.87060546875
4957,0.0
4958,6566.3505859375
4959,3116.9814453125
4960,6052.31982421875
4961,2539.982421875
4962,5634.2392578125
4963,5076.083984375
4964,4138.37548828125
4965,5605.98876953125
4966,7906.8037109375
4967,5634.80517578125
4968,6530.93896484375
4969,5273.1640625
4970,6046.7099609375
4971,9466.3447265625
4972,6964.46484375
4973,3548.986328125
4974,5262.43310546875
4975,5553.0234375
4976,3404.185791015625
4977,12121.1484375
4978,5403.53857421875
4979,6756.11767578125
4980,8724.5947265625
4981,6569.35498046875
4982,1987.0933837890625
4983,15087.6943359375
4984,7966.9111328125
4985,6091.52099609375
4986,7523.76171875
4987,7260.06884765625
4988,7712.28125
4989,5759.35595703125
4990,4518.2587890625
4991,3528.971435546875
4992,3866.744384765625
4993,7759.61279296875
4994,2446.612548828125
4995,9138.69140625
4996,6648.57666015625
4997,4875.31494140625
4998,7277.87158203125
4999,4309.93212890625
5000,6503.76171875
5001,3299.489501953125
5002,4639.11474609375
5003,4413.15966796875
5004,3871.75390625
5005,6202.17822265625
5006,6392.16943359375
5007,7962.23828125
5008,5873.88818359375
5009,3797.34423828125
5010,6055.81201171875
5011,6810.0556640625
5012,5926.7412109375
5013,2926.4287109375
5014,4916.1337890625
5015,8941.041015625
5016,6427.42919921875
5017,4022.293212890625
5018,7191.09765625
5019,6633.6982421875
5020,5285.544921875
5021,4089.697509765625
5022,1472.41162109375
5023,6856.9169921875
5024,6006.80419921875
5025,5134.57666015625
5026,8867.8095703125
5027,6512.89404296875
5028,3522.9833984375
5029,5184.36279296875
5030,3741.8330078125
5031,1469.3424072265625
5032,5952.015625
5033,6619.9814453125
5034,5491.4599609375
5035,4191.36328125
5036,2921.77685546875
5037,4770.9853515625
5038,6804.94775390625
5039,6100.94091796875
5040,7666.6484375
5041,3461.557373046875
5042,4698.32373046875
5043,3254.3125
5044,6530.79443359375
5045,3154.220947265625
5046,3092.408203125
5047,5254.3251953125
5048,4045.24658203125
5049,6597.5634765625
5050,4701.47705078125
5051,5007.5166015625
5052,5267.02587890625
5053,7346.408203125
5054,5041.3583984375
5055,4041.27001953125
5056,9743.73828125
5057,7220.34033203125
5058,5984.509765625
5059,2315.748046875
5060,4908.5380859375
5061,5505.4423828125
5062,4344.2919921875
5063,7696.4814453125
5064,7716.21875
5065,5855.54833984375
5066,6196.35888671875
5067,5949.70947265625
5068,7274.1376953125
5069,10630.1376953125
5070,3274.586181640625
5071,4040.841796875
5072,5078.49755859375
5073,5064.46337890625
5074,5847.908203125
5075,7756.11669921875
5076,5226.0966796875
5077,6175.92138671875
5078,2243.669189453125
5079,5987.45947265625
5080,7010.4580078125
5081,3269.17138671875
5082,6194.0244140625
5083,3533.64453125
5084,6817.10595703125
5085,6101.48779296875
5086,4754.54931640625
5087,5289.97119140625
5088,4018.794189453125
5089,4993.01171875
5090,6899.7734375
5091,4824.44580078125
5092,8674.439453125
5093,4681.26220703125
5094,8787.35546875
5095,5674.73681640625
5096,3758.189453125
5097,8349.166015625
5098,3230.722900390625
5099,8920.0419921875
5100,5410.33349609375
5101,5019.8671875
5102,7052.443359375
5103,4259.75048828125
5104,5125.44970703125
5105,5051.80859375
5106,2860.29150390625
5107,2760.396240234375
5108,6086.2841796875
5109,6248.134765625
5110,8619.296875
5111,6208.60400390625
5112,5774.5458984375
5113,3900.709228515625
5114,6985.92041015625
5115,3277.937255859375
5116,8934.533203125
5117,6959.74365234375
5118,10243.1904296875
5119,6022.556640625
5120,4377.80859375
5121,8012.88720703125
5122,7208.3818359375
5123,2782.705322265625
5124,7937.27294921875
5125,4854.37451171875
5126,6433.82275390625
5127,5394.5234375
5128,4734.77978515625
5129,2447.501953125
5130,5384.5751953125
5131,3679.86572265625
5132,2439.6083984375
5133,7257.7744140625
5134,5188.51123046875
5135,22317.115234375
5136,7571.30908203125
5137,3629.404296875
5138,5571.97216796875
5139,8986.02734375
5140,4992.30810546875
5141,6058.181640625
5142,5195.85888671875
5143,6264.16259765625
5144,6557.46533203125
5145,3190.31103515625
5146,4790.58935546875
5147,5785.2470703125
5148,6498.69189453125
5149,5822.76220703125
5150,8580.6376953125
5151,4098.7255859375
5152,4076.970458984375
5153,5750.58203125
5154,8387.900390625
5155,8709.8173828125
5156,7145.03466796875
5157,6639.6787109375
5158,3602.054443359375
5159,5588.18115234375
5160,3316.17626953125
5161,7510.31298828125
5162,8410.953125
5163,7446.10400390625
5164,4687.76123046875
5165,4340.041015625
5166,3860.767333984375
5167,5808.46044921875
5168,8328.7646484375
5169,5220.4599609375
5170,4387.2001953125
5171,3973.858642578125
5172,6341.650390625
5173,3548.53125
5174,6869.91259765625
5175,3532.992919921875
5176,6659.0693359375
5177,5436.94140625
5178,4529.72509765625
5179,7288.8515625
5180,5627.197265625
5181,4216.0556640625
5182,5727.169921875
5183,6228.84814453125
5184,8468.5302734375
5185,5401.54443359375
5186,6120.5166015625
5187,6904.80810546875
5188,8408.548828125
5189,5662.53515625
5190,8000.1337890625
5191,3573.04541015625
5192,4061.2509765625
5193,4418.109375
5194,5687.615234375
5195,8744.228515625
5196,6889.29541015625
5197,4440.01953125
5198,6762.07861328125
5199,7539.15673828125
5200,8363.3134765625
5201,3588.26611328125
5202,11259.2470703125
5203,3377.577392578125
5204,6049.6923828125
5205,7118.48046875
5206,3654.77587890625
5207,4529.513671875
5208,5324.71337890625
5209,6245.19140625
5210,5311.56396484375
5211,4202.19482421875
5212,7222.80078125
5213,6534.0205078125
5214,4756.46923828125
5215,3504.966552734375
5216,6504.93408203125
5217,11560.4033203125
5218,6734.6494140625
5219,4157.55078125
5220,6052.81201171875
5221,5737.97705078125
5222,5371.4189453125
5223,6446.2626953125
5224,3572.7783203125
5225,6461.25634765625
5226,5140.52734375
5227,5815.66015625
5228,6446.19140625
5229,4389.20068359375
5230,4419.453125
5231,4143.99267578125
5232,6856.99169921875
5233,7216.84716796875
5234,4238.4169921875
5235,3642.3623046875
5236,6553.96826171875
5237,5104.97119140625
5238,4096.8681640625
5239,6778.25830078125
5240,5019.2548828125
5241,6512.6064453125
5242,4516.44873046875
5243,4302.01904296875
5244,4971.873046875
5245,7455.04931640625
5246,6290.466796875
5247,6967.8134765625
5248,7282.93603515625
5249,4153.7490234375
5250,7514.4501953125
5251,4530.4130859375
5252,4838.6171875
5253,7976.41015625
5254,5662.52783203125
5255,8527.9345703125
5256,8065.974609375
5257,6292.3505859375
5258,5416.29443359375
5259,6733.13818359375
5260,6375.33544921875
5261,5304.0458984375
5262,3709.1572265625
5263,4845.68603515625
5264,5981.44189453125
5265,4824.73828125
5266,4100.63427734375
5267,6729.47265625
5268,5388.8974609375
5269,4835.9521484375
5270,5504.46337890625
5271,4399.43798828125
5272,5422.95068359375
5273,6316.32666015625
5274,5027.20703125
5275,4753.55078125
5276,4828.07373046875
5277,5537.05615234375
5278,2767.734619140625
5279,6051.2998046875
5280,4300.32275390625
5281,7738.64208984375
5282,6523.2373046875
5283,5118.33984375
5284,9714.4345703125
5285,3134.759521484375
5286,4855.1533203125
5287,8557.5068359375
5288,5997.66455078125
5289,7082.6416015625
5290,7150.8935546875
5291,4435.5185546875
5292,6007.54931640625
5293,4815.9267578125
5294,6436.5791015625
5295,9073.1005859375
5296,5360.0234375
5297,2283.1748046875
5298,4533.693359375
5299,6582.21533203125
5300,7205.57568359375
5301,4735.67822265625
5302,5330.00048828125
5303,4394.39404296875
5304,4392.06591796875
5305,3015.87109375
5306,4801.78466796875
5307,6095.35595703125
5308,6235.96728515625
5309,5942.03271484375
5310,12647.6220703125
5311,7449.24755859375
5312,7197.07177734375
5313,7344.01318359375
5314,4517.94482421875
5315,8554.2080078125
5316,9019.7021484375
5317,4352.69287109375
5318,6070.48193359375
5319,4552.85107421875
5320,5948.23828125
5321,3056.18310546875
5322,5326.330078125
5323,3913.536376953125
5324,8261.287109375
5325,6156.1240234375
5326,6864.07275390625
5327,7164.7080078125
5328,4993.76611328125
5329,6535.9189453125
5330,16364.0146484375
5331,8034.173828125
5332,4822.95068359375
5333,2772.7822265625
5334,5531.2822265625
5335,6800.51416015625
5336,5791.51513671875
5337,12112.46875
5338,19774.9765625
5339,3615.179931640625
5340,4823.958984375
5341,7658.8056640625
5342,4688.86865234375
5343,6415.21630859375
5344,5106.09375
5345,6240.7783203125
5346,0.0
5347,4988.986328125
5348,5938.1083984375
5349,6678.5107421875
5350,9391.4580078125
5351,5717.4931640625
5352,6250.79443359375
5353,5868.060546875
5354,3940.212158203125
5355,4873.4921875
5356,7541.32470703125
5357,4458.36962890625
5358,4876.50390625
5359,6287.396484375
5360,4996.8857421875
5361,4895.50927734375
5362,5590.4638671875
5363,5580.3359375
5364,8094.8486328125
5365,6753.31494140625
5366,7008.47705078125
5367,5360.74267578125
5368,2635.09521484375
5369,5128.5966796875
5370,4999.08837890625
5371,5454.05419921875
5372,4298.505859375
5373,6169.771484375
5374,5346.22998046875
5375,8978.4814453125
5376,5807.8212890625
5377,4807.92236328125
5378,4008.19677734375
5379,3779.83154296875
5380,8489.4404296875
5381,4975.6220703125
5382,7015.72705078125
5383,12924.12109375
5384,5759.80029296875
5385,5134.9423828125
5386,4934.48095703125
5387,4222.138671875
5388,6277.4794921875
5389,3160.06005859375
5390,4532.72998046875
5391,9593.63671875
5392,4754.9013671875
5393,10748.76171875
5394,10080.4228515625
5395,4952.7529296875
5396,5873.537109375
5397,5434.10302734375
5398,5948.296875
5399,5235.04736328125
5400,9811.9541015625
5401,5423.55517578125
5402,7232.9033203125
5403,3807.344482421875
5404,6855.55908203125
5405,5502.4736328125
5406,7123.70556640625
5407,5671.23779296875
5408,5871.81640625
5409,6043.48388671875
5410,6566.4345703125
5411,7331.29736328125
5412,8425.85546875
5413,5666.14404296875
5414,8376.3994140625
5415,6214.55810546875
5416,8192.8125
5417,5028.98876953125
5418,4539.64111328125
5419,4779.86181640625
5420,7597.5517578125
5421,5812.50390625
5422,6367.8134765625
5423,5286.86083984375
5424,6887.65283203125
5425,4433.8505859375
5426,7041.47216796875
5427,5600.74609375
5428,3414.566650390625
5429,9510.7890625
5430,15144.6572265625
5431,5741.08642578125
5432,5712.12548828125
5433,7164.34326171875
5434,8425.701171875
5435,9761.162109375
5436,4839.07080078125
5437,6213.0703125
5438,5196.326171875
5439,7815.0361328125
5440,3620.49072265625
5441,4838.0283203125
5442,4297.17431640625
5443,4882.7509765625
5444,6721.701171875
5445,4639.6474609375
5446,3018.174072265625
5447,6687.38671875
5448,3387.55322265625
5449,3910.95751953125
5450,5222.0537109375
5451,5413.03662109375
5452,8329.6572265625
5453,8116.17822265625
5454,6498.00830078125
5455,6042.8779296875
5456,5914.798828125
5457,7604.63232421875
5458,5859.1611328125
5459,5076.53564453125
5460,4665.91552734375
5461,8256.9560546875
5462,3803.604248046875
5463,6812.2734375
5464,2622.097900390625
5465,3658.4140625
5466,6691.98583984375
5467,6648.3583984375
5468,5599.32421875
5469,8284.7978515625
5470,8426.88671875
5471,10236.4521484375
5472,5258.775390625
5473,9896.28125
5474,2732.534423828125
5475,4969.17236328125
5476,5616.6591796875
5477,3400.79541015625
5478,7887.0166015625
5479,4020.0625
5480,5301.3564453125
5481,7527.8671875
5482,8525.2119140625
5483,7615.4755859375
5484,4630.193359375
5485,4459.03515625
5486,7638.13623046875
5487,7135.84716796875
5488,4631.53125
5489,5608.88720703125
5490,6070.744140625
5491,6770.1689453125
5492,4614.62060546875
5493,4982.59619140625
5494,6966.36181640625
5495,6944.375
5496,12086.798828125
5497,5140.1875
5498,12938.2763671875
5499,5834.66162109375
5500,5231.28515625
5501,2860.864013671875
5502,5335.97119140625
5503,5230.86181640625
5504,5100.08251953125
5505,7466.615234375
5506,4657.7265625
5507,3726.004638671875
5508,5948.63232421875
5509,3575.97412109375
5510,5619.2158203125
5511,5823.7275390625
5512,7734.80029296875
5513,7369.2763671875
5514,4264.1875
5515,8404.2412109375
5516,4855.73388671875
5517,5410.72119140625
5518,5662.68994140625
5519,4416.35009765625
5520,8488.6220703125
5521,5867.70556640625
5522,3480.283935546875
5523,6542.474609375
5524,7967.11669921875
5525,6219.3564453125
5526,5647.66259765625
5527,7610.453125
5528,5019.9990234375
5529,6756.64990234375
5530,5152.0390625
5531,8674.0302734375
5532,4672.61328125
5533,4972.37353515625
5534,4859.17822265625
5535,4313.32958984375
5536,4205.3837890625
5537,4190.1865234375
5538,7331.10595703125
5539,7485.25537109375
5540,10087.1064453125
5541,9878.8603515625
5542,8076.5390625
5543,5430.85888671875
5544,4838.3134765625
5545,9878.80859375
5546,9320.9462890625
5547,6366.740234375
5548,7163.4091796875
5549,7597.9189453125
5550,4858.916015625
5551,3313.21923828125
5552,6664.47119140625
5553,5639.3701171875
5554,4961.96435546875
5555,5403.5283203125
5556,1543.324462890625
5557,8323.5234375
5558,5117.72705078125
5559,7082.6787109375
5560,5854.75146484375
5561,4615.13916015625
5562,5709.021484375
5563,5626.056640625
5564,6746.095703125
5565,4857.86181640625
5566,3358.805908203125
5567,2739.4033203125
5568,3201.53564453125
5569,5934.2470703125
5570,16288.54296875
5571,4062.9404296875
5572,5383.43896484375
5573,5571.48779296875
5574,4841.7197265625
5575,3561.701171875
5576,5009.8388671875
5577,3561.471435546875
5578,7111.7939453125
5579,6065.7255859375
5580,2579.26416015625
5581,7610.42626953125
5582,4337.89208984375
5583,4406.28662109375
5584,7883.13134765625
5585,5985.7880859375
5586,8087.65185546875
5587,4240.74658203125
5588,5269.943359375
5589,4055.9326171875
5590,4605.79052734375
5591,12002.8232421875
5592,10312.888671875
5593,6139.78466796875
5594,3781.907470703125
5595,5175.95166015625
5596,5440.16455078125
5597,3993.02490234375
5598,8035.14990234375
5599,4625.34423828125
5600,4168.3505859375
5601,6934.603515625
5602,3985.17138671875
5603,5534.70556640625
5604,5505.3583984375
5605,6436.79052734375
5606,6131.62548828125
5607,3777.620361328125
5608,4976.880859375
5609,5913.85498046875
5610,7516.50146484375
5611,7035.80419921875
5612,6812.5185546875
5613,3607.08544921875
5614,6878.00927734375
5615,4953.3837890625
5616,4256.99365234375
5617,6499.7109375
5618,6736.8212890625
5619,5639.66552734375
5620,5425.14013671875
5621,5562.96435546875
5622,5860.8798828125
5623,5158.14013671875
5624,5627.8876953125
5625,6477.302734375
5626,4573.5498046875
5627,8696.390625
5628,5762.4072265625
5629,4542.37646484375
5630,10002.0703125
5631,4414.60888671875
5632,3706.41357421875
5633,6984.734375
5634,10174.703125
5635,9019.23828125
5636,4473.7509765625
5637,5430.919921875
5638,5171.13330078125
5639,6168.7177734375
5640,5110.7919921875
5641,6801.0712890625
5642,3239.542236328125
5643,5422.96337890625
5644,5065.1611328125
5645,4459.494140625
5646,4343.748046875
5647,6277.9482421875
5648,5818.5693359375
5649,5507.830078125
5650,6560.12939453125
5651,5606.11767578125
5652,7579.42529296875
5653,5500.0947265625
5654,5744.63525390625
5655,6011.5927734375
5656,7828.3154296875
5657,6877.138671875
5658,2544.775390625
5659,8754.9091796875
5660,6134.69140625
5661,6010.6640625
5662,4380.70654296875
5663,3970.48681640625
5664,7088.94189453125
5665,4109.09716796875
5666,7797.576171875
5667,5992.37109375
5668,4433.6826171875
5669,7008.6298828125
5670,5433.99462890625
5671,5012.9658203125
5672,6317.60009765625
5673,4250.73583984375
5674,8178.56689453125
5675,8449.646484375
5676,6663.0419921875
5677,4315.6572265625
5678,4299.0302734375
5679,3801.924072265625
5680,3278.697509765625
5681,6394.53564453125
5682,4504.31201171875
5683,8007.228515625
5684,3646.938720703125
5685,4640.974609375
5686,5516.38427734375
5687,7418.1748046875
5688,5718.0126953125
5689,4594.3486328125
5690,4626.41650390625
5691,6467.9169921875
5692,5293.17431640625
5693,6734.62109375
5694,7388.361328125
5695,7119.38720703125
5696,6964.68212890625
5697,6414.51318359375
5698,5173.85888671875
5699,3978.802490234375
5700,4908.802734375
5701,9471.9150390625
5702,7286.88720703125
5703,6440.0517578125
5704,15147.8076171875
5705,4615.3056640625
5706,3982.00439453125
5707,5125.47216796875
5708,7978.79443359375
5709,8399.595703125
5710,6501.26123046875
5711,7230.48828125
5712,7314.212890625
5713,6738.35693359375
5714,6084.953125
5715,4856.8251953125
5716,4732.34326171875
5717,3896.0126953125
5718,3890.22607421875
5719,3823.556884765625
5720,6676.81640625
5721,14182.650390625
5722,5971.85986328125
5723,4567.986328125
5724,5789.81884765625
5725,4270.5673828125
5726,5961.70166015625
5727,4968.306640625
5728,7864.77978515625
5729,6340.35986328125
5730,6004.77001953125
5731,11172.6220703125
5732,12578.1357421875
5733,5265.06640625
5734,6042.64306640625
5735,3722.267333984375
5736,4926.38671875
5737,5019.8916015625
5738,7503.73876953125
5739,4235.9951171875
5740,4278.96728515625
5741,3635.805419921875
5742,4751.43994140625
5743,5897.552734375
5744,5943.58984375
5745,3629.185546875
5746,6851.7998046875
5747,6758.001953125
5748,5729.05859375
5749,4121.1142578125
5750,3046.5244140625
5751,6628.5849609375
5752,4499.59423828125
5753,8972.7216796875
5754,4036.783447265625
5755,3910.368896484375
5756,6220.65625
5757,5261.083984375
5758,4285.3828125
5759,5512.25390625
5760,5294.80712890625
5761,8899.0751953125
5762,7550.35302734375
5763,5466.2705078125
5764,4112.55078125
5765,5115.416015625
5766,4258.95166015625
5767,4458.41455078125
5768,4607.2890625
5769,5819.8623046875
5770,8739.0185546875
5771,6379.25439453125
5772,5824.27392578125
5773,6472.4521484375
5774,3048.948974609375
5775,7562.21044921875
5776,4552.9169921875
5777,10066.861328125
5778,5753.6630859375
5779,4455.60400390625
5780,5166.58447265625
5781,3791.436767578125
5782,5662.8515625
5783,19755.875
5784,3432.775390625
5785,4727.22265625
5786,8170.64697265625
5787,5880.744140625
5788,5977.548828125
5789,7462.3388671875
5790,4958.173828125
5791,5233.4609375
5792,3391.68505859375
5793,8850.689453125
5794,5100.1201171875
5795,5803.646484375
5796,6809.22412109375
5797,5184.69775390625
5798,6908.6328125
5799,6156.48779296875
5800,3966.546630859375
5801,7843.673828125
5802,8058.080078125
5803,4355.52490234375
5804,7089.47021484375
5805,5732.98681640625
5806,4654.4609375
5807,8661.5693359375
5808,6456.1279296875
5809,7185.06787109375
5810,4385.1015625
5811,5078.1650390625
5812,5813.76513671875
5813,2717.8857421875
5814,7127.5546875
5815,3739.812744140625
5816,6146.22265625
5817,4228.15185546875
5818,5761.833984375
5819,4994.00439453125
5820,5968.00048828125
5821,5503.00341796875
5822,7037.34716796875
5823,4801.00732421875
5824,6064.47265625
5825,4600.49072265625
5826,7985.1396484375
5827,8958.1806640625
5828,7890.68359375
5829,3501.683837890625
5830,5161.0693359375
5831,5896.84130859375
5832,3343.361083984375
5833,11338.28125
5834,4646.6259765625
5835,7269.25439453125
5836,8956.7783203125
5837,6186.6640625
5838,2984.5263671875
5839,15617.0556640625
5840,8938.1865234375
5841,5559.90283203125
5842,6397.3408203125
5843,8494.0634765625
5844,5641.82470703125
5845,6268.02978515625
5846,6683.2373046875
5847,4615.4677734375
5848,4057.361328125
5849,6567.46044921875
5850,3511.242919921875
5851,6852.7412109375
5852,6246.53369140625
5853,5019.13720703125
5854,6528.65771484375
5855,5467.6240234375
5856,5126.72802734375
5857,3989.626953125
5858,6592.8583984375
5859,6048.71875
5860,5913.1064453125
5861,5561.453125
5862,5785.8447265625
5863,8219.005859375
5864,5181.06787109375
5865,4048.080078125
5866,5575.55126953125
5867,6563.36865234375
5868,5283.931640625
5869,4152.04248046875
5870,3253.598876953125
5871,6380.49365234375
5872,7321.44384765625
5873,4634.36376953125
5874,6537.17236328125
5875,6256.28515625
5876,4792.072265625
5877,4352.6591796875
5878,2506.343505859375
5879,5902.08203125
5880,6197.12939453125
5881,5475.66796875
5882,7398.4326171875
5883,6602.75830078125
5884,4112.443359375
5885,6888.15478515625
5886,3545.429931640625
5887,2217.523193359375
5888,6049.5478515625
5889,7900.01171875
5890,6854.517578125
5891,5739.28271484375
5892,3508.736572265625
5893,5671.5087890625
5894,6028.9853515625
5895,4456.6455078125
5896,5630.98046875
5897,4104.8818359375
5898,5262.06884765625
5899,4620.14453125
5900,5023.58837890625
5901,4786.05859375
5902,4283.8642578125
5903,4342.6806640625
5904,3756.0791015625
5905,6369.87158203125
5906,5943.322265625
5907,4723.951171875
5908,5401.9130859375
5909,6143.265625
5910,5216.26953125
5911,4844.74755859375
5912,7621.17138671875
5913,6789.45654296875
5914,5343.638671875
5915,3255.2373046875
5916,10444.4375
5917,6084.40234375
5918,4305.357421875
5919,6608.982421875
5920,5921.26318359375
5921,5672.29345703125
5922,5372.2890625
5923,6199.61474609375
5924,7141.2607421875
5925,9949.8154296875
5926,4007.615234375
5927,3675.41650390625
5928,4925.9072265625
5929,5310.03125
5930,5940.92822265625
5931,6604.5986328125
5932,6746.20263671875
5933,4838.84619140625
5934,3345.009033203125
5935,4697.46923828125
5936,7904.18115234375
5937,3824.72021484375
5938,6073.46826171875
5939,2893.66650390625
5940,6557.19384765625
5941,6170.1162109375
5942,6292.43701171875
5943,6519.908203125
5944,5509.15478515625
5945,4055.432373046875
5946,6934.36474609375
5947,6608.16455078125
5948,6988.974609375
5949,6290.015625
5950,7640.90869140625
5951,5367.1103515625
5952,3871.46435546875
5953,8489.2421875
5954,4004.48974609375
5955,8897.9677734375
5956,5217.41943359375
5957,4247.37646484375
5958,5745.0380859375
5959,4479.08544921875
5960,6959.80029296875
5961,6480.01513671875
5962,3537.299560546875
5963,4042.58837890625
5964,5988.82958984375
5965,6669.30126953125
5966,7971.689453125
5967,5523.57275390625
5968,4982.89990234375
5969,4215.216796875
5970,6480.59228515625
5971,4799.25927734375
5972,8472.5439453125
5973,7558.48583984375
5974,9721.1376953125
5975,4587.41796875
5976,5148.68798828125
5977,10508.3896484375
5978,7832.41845703125
5979,3978.2412109375
5980,8407.62109375
5981,3811.68994140625
5982,5163.6298828125
5983,4788.75537109375
5984,4484.9453125
5985,4590.6669921875
5986,4379.99755859375
5987,3828.599365234375
5988,4052.88232421875
5989,7076.29638671875
5990,5951.37646484375
5991,20560.548828125
5992,6011.6708984375
5993,3581.08349609375
5994,6066.32666015625
5995,8866.8662109375
5996,5814.8916015625
5997,6067.67724609375
5998,5299.18603515625
5999,6039.40966796875
6000,6263.4384765625
6001,4187.57177734375
6002,4704.07275390625
6003,5859.296875
6004,7420.93115234375
6005,5926.43505859375
6006,8381.0576171875
6007,3907.52392578125
6008,4013.201171875
6009,5169.8359375
6010,7751.2294921875
6011,8891.9765625
6012,6741.484375
6013,6864.08935546875
6014,4201.5908203125
6015,5149.85302734375
6016,3363.499267578125
6017,7413.90283203125
6018,8063.34130859375
6019,7446.33642578125
6020,4214.42724609375
6021,4388.1748046875
6022,4183.34521484375
6023,5770.8701171875
6024,8142.1494140625
6025,4947.46630859375
6026,4411.70263671875
6027,4227.96337890625
6028,6636.11083984375
6029,3554.39111328125
6030,6545.8583984375
6031,3808.362060546875
6032,6948.76611328125
6033,6004.83642578125
6034,4912.44921875
6035,6773.53076171875
6036,5789.36376953125
6037,4811.2158203125
6038,6047.86669921875
6039,5746.3544921875
6040,8710.3173828125
6041,5236.13427734375
6042,7585.88037109375
6043,6973.017578125
6044,8212.71484375
6045,5998.8916015625
6046,7403.2578125
6047,3520.079345703125
6048,4355.67626953125
6049,5006.9130859375
6050,5570.74072265625
6051,8532.6611328125
6052,6620.94091796875
6053,4774.6376953125
6054,6537.4384765625
6055,6367.28759765625
6056,8616.3564453125
6057,3461.0595703125
6058,11022.912109375
6059,3485.294921875
6060,5219.4990234375
6061,7000.455078125
6062,3786.650634765625
6063,4941.8525390625
6064,5348.16552734375
6065,6592.6171875
6066,5212.66455078125
6067,4884.5654296875
6068,7038.5234375
6069,5623.26318359375
6070,4593.7900390625
6071,4511.15771484375
6072,6841.97021484375
6073,11010.5087890625
6074,6567.2255859375
6075,4785.53173828125
6076,5865.861328125
6077,5896.30810546875
6078,5751.16552734375
6079,6602.1826171875
6080,3926.64404296875
6081,6699.71142578125
6082,5602.09326171875
6083,5691.3212890625
6084,7125.18310546875
6085,4087.58837890625
6086,4746.146484375
6087,4150.66259765625
6088,6984.619140625
6089,6565.92138671875
6090,4380.99951171875
6091,3858.93017578125
6092,6236.06396484375
6093,5043.8330078125
6094,4482.23046875
6095,6494.228515625
6096,5164.51123046875
6097,6565.8193359375
6098,4668.2568359375
6099,4370.7607421875
6100,4858.58203125
6101,8342.873046875
6102,6834.0361328125
6103,6820.0166015625
6104,6889.3388671875
6105,3678.686279296875
6106,7585.6669921875
6107,4446.037109375
6108,5024.2470703125
6109,8354.37890625
6110,5351.541015625
6111,8522.2841796875
6112,7345.79150390625
6113,6329.44580078125
6114,5494.0087890625
6115,6524.31982421875
6116,6051.72802734375
6117,5457.74609375
6118,3761.306640625
6119,5419.18310546875
6120,6308.7265625
6121,4929.984375
6122,3990.972412109375
6123,6673.86083984375
6124,5514.9111328125
6125,5036.9716796875
6126,5487.1884765625
6127,4835.04345703125
6128,5688.5380859375
6129,6354.7080078125
6130,5182.3076171875
6131,4521.3115234375
6132,4924.66845703125
6133,5453.25244140625
6134,3130.509765625
6135,5867.07373046875
6136,4207.31298828125
6137,7371.9287109375
6138,6277.01318359375
6139,5484.2763671875
6140,9089.6416015625
6141,3849.328857421875
6142,4902.30810546875
6143,8878.072265625
6144,5480.9921875
6145,7098.06640625
6146,6401.822265625
6147,4437.59423828125
6148,6048.6513671875
6149,5596.6064453125
6150,7158.70166015625
6151,9643.2685546875
6152,5755.49560546875
6153,2652.6953125
6154,4206.11328125
6155,6282.89794921875
6156,5927.94091796875
6157,4760.20849609375
6158,5616.1552734375
6159,4769.24951171875
6160,5093.36279296875
6161,3591.06298828125
6162,4616.24365234375
6163,5689.0771484375
6164,6149.80615234375
6165,6170.10107421875
6166,6663.8505859375
6167,7048.68408203125
6168,7097.43505859375
6169,7207.1787109375
6170,3971.546142578125
6171,8724.6796875
6172,8290.40625
6173,4227.126953125
6174,6191.93115234375
6175,4646.771484375
6176,5690.98779296875
6177,2958.140380859375
6178,6204.27685546875
6179,3617.5361328125
6180,8334.9296875
6181,6331.23974609375
6182,6618.59130859375
6183,6960.27685546875
6184,5353.67919921875
6185,6281.921875
6186,16463.73046875
6187,8995.9150390625
6188,4819.68603515625
6189,2496.485595703125
6190,5160.3349609375
6191,6982.24267578125
6192,5228.51806640625
6193,11151.2353515625
6194,18333.900390625
6195,3752.808837890625
6196,5092.48974609375
6197,9242.119140625
6198,4721.15087890625
6199,6414.62255859375
6200,4815.16845703125
6201,6639.9951171875
6202,4933.0302734375
6203,4643.3486328125
6204,5236.70751953125
6205,7039.5927734375
6206,8026.1103515625
6207,5791.3701171875
6208,5579.27783203125
6209,5834.30419921875
6210,4026.2451171875
6211,4597.20703125
6212,6889.49072265625
6213,4249.806640625
6214,4708.8916015625
6215,6022.23193359375
6216,5355.97900390625
6217,5662.67724609375
6218,6351.0341796875
6219,5961.73583984375
6220,7482.42578125
6221,7101.705078125
6222,6805.55029296875
6223,5098.5439453125
6224,3022.90625
6225,5383.8955078125
6226,5288.78271484375
6227,4959.41845703125
6228,4707.92138671875
6229,6382.79638671875
6230,5802.3662109375
6231,8264.58984375
6232,6193.73681640625
6233,4986.10107421875
6234,4162.7275390625
6235,4374.67724609375
6236,8053.84716796875
6237,4272.38037109375
6238,6552.86865234375
6239,14405.6015625
6240,5392.30126953125
6241,6757.28759765625
6242,4569.455078125
6243,4311.169921875
6244,5432.66796875
6245,3371.2275390625
6246,4882.25341796875
6247,10462.451171875
6248,4635.98095703125
6249,11720.0625
6250,10776.9794921875
6251,4800.7216796875
6252,5685.39208984375
6253,5334.56884765625
6254,5957.13134765625
6255,5143.0029296875
6256,9482.2939453125
6257,4981.7734375
6258,7252.2373046875
6259,4241.345703125
6260,6929.20947265625
6261,5426.10888671875
6262,7268.35595703125
6263,5515.5703125
6264,5281.3876953125
6265,5659.7314453125
6266,6266.05517578125
6267,6998.04296875
6268,9157.9326171875
6269,5545.853515625
6270,7904.822265625
6271,5860.849609375
6272,8535.7314453125
6273,4996.3671875
6274,4419.5439453125
6275,4884.3271484375
6276,7326.01171875
6277,5686.732421875
6278,6592.712890625
6279,5584.4921875
6280,6983.09228515625
6281,4394.5927734375
6282,7032.0849609375
6283,6588.98974609375
6284,3644.72900390625
6285,8036.91162109375
6286,15584.177734375
6287,5276.138671875
6288,5546.01171875
6289,7452.40087890625
6290,8839.388671875
6291,9815.873046875
6292,4479.69384765625
6293,6266.0283203125
6294,5111.59619140625
6295,7327.125
6296,4011.08544921875
6297,5039.61279296875
6298,4392.06689453125
6299,5054.619140625
6300,6601.25390625
6301,5209.97216796875
6302,3281.46435546875
6303,6472.65283203125
6304,3521.670166015625
6305,3981.544921875
6306,5360.25390625
6307,5620.47021484375
6308,7930.33740234375
6309,7589.31640625
6310,7104.06640625
6311,5758.15478515625
6312,5931.08544921875
6313,8259.576171875
6314,5981.2294921875
6315,4268.14697265625
6316,4831.2626953125
6317,7471.3857421875
6318,4134.0048828125
6319,6502.46435546875
6320,3120.1689453125
6321,4147.28515625
6322,7159.54736328125
6323,6665.55712890625
6324,5443.8671875
6325,8163.42822265625
6326,8853.12109375
6327,10808.484375
6328,5232.44921875
6329,8785.2744140625
6330,3088.748779296875
6331,4369.2861328125
6332,5227.447265625
6333,3453.81640625
6334,6904.61181640625
6335,3886.1796875
6336,5922.43505859375
6337,7605.58056640625
6338,9275.2802734375
6339,8542.5048828125
6340,4328.97607421875
6341,4330.1376953125
6342,7833.080078125
6343,7023.58740234375
6344,5022.29833984375
6345,5005.94287109375
6346,5827.10009765625
6347,7418.16650390625
6348,4380.236328125
6349,5400.94482421875
6350,6872.89404296875
6351,6305.16748046875
6352,12272.75390625
6353,5380.53271484375
6354,12472.681640625
6355,6010.72607421875
6356,5074.91552734375
6357,3140.7548828125
6358,5327.3984375
6359,5241.39794921875
6360,4994.74853515625
6361,6468.27001953125
6362,4963.9482421875
6363,3883.40283203125
6364,5615.52001953125
6365,4447.267578125
6366,6658.166015625
6367,5731.43310546875
6368,7315.591796875
6369,6804.80810546875
6370,4371.2197265625
6371,8026.0546875
6372,5151.861328125
6373,5322.5673828125
6374,5460.05908203125
6375,4325.56201171875
6376,8699.625
6377,6007.9423828125
6378,4782.51806640625
6379,6218.40087890625
6380,7393.17822265625
6381,5805.08056640625
6382,5032.193359375
6383,7421.904296875
6384,5250.54541015625
6385,6197.14453125
6386,4804.21728515625
6387,7523.66162109375
6388,5304.572265625
6389,5423.27392578125
6390,4066.208251953125
6391,4106.6484375
6392,3948.385986328125
6393,4786.19677734375
6394,6896.48876953125
6395,7917.83642578125
6396,9158.267578125
6397,9311.4619140625
6398,7472.4384765625
6399,5919.5166015625
6400,5141.89208984375
6401,9946.751953125
6402,9224.0146484375
6403,5586.33642578125
6404,7174.4033203125
6405,6675.0458984375
6406,4746.32958984375
6407,4166.55419921875
6408,6776.3359375
6409,5837.21923828125
6410,5068.97412109375
6411,5626.80322265625
6412,2461.14990234375
6413,9121.275390625
6414,5617.17724609375
6415,6722.4423828125
6416,4624.76611328125
6417,4652.05419921875
6418,6355.0869140625
6419,6001.19091796875
6420,6417.21728515625
6421,5652.12451171875
6422,4032.887939453125
6423,3466.682861328125
6424,3778.562255859375
6425,6097.86474609375
6426,16047.4580078125
6427,4250.46630859375
6428,5154.59326171875
6429,5557.44921875
6430,4341.68994140625
6431,4045.4765625
6432,4577.31103515625
6433,3894.227294921875
6434,7337.48779296875
6435,6184.873046875
6436,2961.734619140625
6437,7374.74853515625
6438,4485.70751953125
6439,4515.91357421875
6440,7925.5400390625
6441,6540.26220703125
6442,8788.509765625
6443,4477.8701171875
6444,5408.99658203125
6445,4009.14892578125
6446,4526.2685546875
6447,11953.4013671875
6448,10185.13671875
6449,6429.0986328125
6450,3976.162109375
6451,5007.6865234375
6452,5054.81591796875
6453,4870.248046875
6454,9755.166015625
6455,4836.51220703125
6456,4536.3525390625
6457,6392.013671875
6458,3770.343994140625
6459,5999.697265625
6460,6672.32763671875
6461,6354.4365234375
6462,6485.2080078125
6463,3824.494384765625
6464,5520.794921875
6465,5617.73193359375
6466,7459.291015625
6467,6678.30859375
6468,6567.13916015625
6469,3834.3583984375
6470,6981.37890625
6471,4977.8984375
6472,4306.958984375
6473,5906.7373046875
6474,6615.86376953125
6475,5377.0400390625
6476,5413.13818359375
6477,5556.1357421875
6478,6140.74072265625
6479,5069.64453125
6480,6120.35205078125
6481,6032.28955078125
6482,4492.630859375
6483,8805.88671875
6484,5760.421875
6485,4189.82568359375
6486,9619.09375
6487,5271.54833984375
6488,4125.5029296875
6489,6580.046875
6490,10165.111328125
6491,9411.1962890625
6492,4799.482421875
6493,5478.955078125
6494,5287.330078125
6495,6120.931640625
6496,4747.82080078125
6497,6334.1796875
6498,3361.312255859375
6499,5348.51904296875
6500,5226.89306640625
6501,4922.31005859375
6502,4050.222412109375
6503,6202.52197265625
6504,5767.1279296875
6505,5312.04638671875
6506,6730.9541015625
6507,5181.89453125
6508,7405.86279296875
6509,5163.7177734375
6510,5859.21630859375
6511,6148.71826171875
6512,7790.2119140625
6513,5744.40380859375
6514,4395.86376953125
6515,8254.275390625
6516,6335.49267578125
6517,6115.2685546875
6518,4755.87255859375
6519,4138.470703125
6520,7294.41943359375
6521,4860.23291015625
6522,7773.40673828125
6523,5769.548828125
6524,4820.0556640625
6525,6842.6923828125
6526,6235.095703125
6527,5056.18212890625
6528,6399.78271484375
6529,4636.28076171875
6530,8021.734375
6531,8226.669921875
6532,6824.97021484375
6533,4447.3349609375
6534,4242.2783203125
6535,3723.8154296875
6536,3339.8837890625
6537,6521.99658203125
6538,4154.14990234375
6539,7382.38037109375
6540,3675.517578125
6541,4694.1044921875
6542,5180.294921875
6543,7102.27392578125
6544,4827.2890625
6545,4562.1572265625
6546,4198.74267578125
6547,6554.35205078125
6548,4900.05615234375
6549,6369.61474609375
6550,6863.0869140625
6551,7193.35888671875
6552,6724.04150390625
6553,6525.9111328125
6554,5260.01611328125
6555,4256.33447265625
6556,4581.97216796875
6557,8782.248046875
6558,7091.345703125
6559,6795.9130859375
6560,13752.7802734375
6561,4408.23095703125
6562,4130.2333984375
6563,5283.345703125
6564,7480.58935546875
6565,8224.0068359375
6566,6062.48974609375
6567,7674.46826171875
6568,7244.59619140625
6569,6558.33349609375
6570,5614.91357421875
6571,4319.302734375
6572,4456.20556640625
6573,4099.7177734375
6574,4331.83984375
6575,3731.049560546875
6576,6816.1318359375
6577,13215.03125
6578,6292.02099609375
6579,4549.4921875
6580,5357.52587890625
6581,4189.49755859375
6582,6020.63232421875
6583,4228.41015625
6584,8352.900390625
6585,6558.41357421875
6586,5692.6484375
6587,10532.923828125
6588,10752.8916015625
6589,5201.423828125
6590,6506.46923828125
6591,3894.127197265625
6592,4890.17724609375
6593,5620.94677734375
6594,7220.71435546875
6595,3450.944091796875
6596,3968.953857421875
6597,4441.47265625
6598,4617.91357421875
6599,5256.61572265625
6600,5813.60986328125
6601,4104.69677734375
6602,6374.62451171875
6603,6938.83203125
6604,5647.01171875
6605,4322.939453125
6606,3194.26953125
6607,7243.29541015625
6608,4771.61181640625
6609,8634.892578125
6610,4375.25927734375
6611,4153.7568359375
6612,5694.16064453125
6613,5325.677734375
6614,4731.88134765625
6615,5877.748046875
6616,5302.98974609375
6617,8306.974609375
6618,7411.29052734375
6619,5419.49169921875
6620,4608.310546875
6621,5293.9599609375
6622,4105.330078125
6623,4434.42822265625
6624,4774.7578125
6625,5512.8896484375
6626,8811.8583984375
6627,6185.244140625
6628,5640.921875
6629,6674.83984375
6630,3705.045166015625
6631,7587.17333984375
6632,4776.1328125
6633,10606.353515625
6634,5217.19775390625
6635,4485.39111328125
6636,4099.23681640625
6637,3775.225341796875
6638,6365.1015625
6639,18554.232421875
6640,3422.892333984375
6641,3950.29638671875
6642,7722.24072265625
6643,5763.087890625
6644,6791.43212890625
6645,7240.06396484375
6646,4641.74658203125
6647,5170.9267578125
6648,3745.4521484375
6649,8942.755859375
6650,5081.6513671875
6651,6181.08935546875
6652,6968.8662109375
6653,4882.1337890625
6654,6688.99951171875
6655,5518.17822265625
6656,3932.205078125
6657,7713.43505859375
6658,7307.37548828125
6659,3863.000732421875
6660,6886.759765625
6661,5629.7841796875
6662,4819.8408203125
6663,8024.19482421875
6664,6457.21826171875
6665,7047.91455078125
6666,4574.107421875
6667,5697.97119140625
6668,5842.33984375
6669,3147.48046875
6670,7555.9521484375
6671,3721.962158203125
6672,5894.06982421875
6673,4516.38330078125
6674,5817.7529296875
6675,5518.56591796875
6676,5984.8994140625
6677,5684.60400390625
6678,6503.388671875
6679,4938.56689453125
6680,5813.01611328125
6681,5297.18603515625
6682,6652.08935546875
6683,8871.8974609375
6684,7740.61328125
6685,3223.13525390625
6686,5196.060546875
6687,6405.71337890625
6688,3633.064697265625
6689,10584.17578125
6690,4707.876953125
6691,7517.92529296875
6692,8737.4892578125
6693,6345.953125
6694,3225.279296875
6695,14826.4541015625
6696,8489.93359375
6697,5270.76708984375
6698,6511.17431640625
6699,8684.1015625
6700,5568.54248046875
6701,5742.42822265625
6702,6054.8525390625
6703,4843.21826171875
6704,3734.852294921875
6705,6348.31298828125
6706,3454.976318359375
6707,6235.6279296875
6708,5755.37841796875
6709,5348.97998046875
6710,5871.06982421875
6711,5829.0146484375
6712,5314.04052734375
6713,4572.73095703125
6714,6590.38330078125
6715,5488.63427734375
6716,5579.98779296875
6717,5819.51416015625
6718,5776.89013671875
6719,8244.1103515625
6720,4533.5732421875
6721,4216.5478515625
6722,5329.3515625
6723,6461.63525390625
6724,5453.759765625
6725,3866.5302734375
6726,4307.1298828125
6727,7026.5029296875
6728,6824.7333984375
6729,4880.5625
6730,6272.33837890625
6731,6136.87353515625
6732,4826.92529296875
6733,4166.68994140625
6734,2462.320556640625
6735,6156.4375
6736,5823.13623046875
6737,5297.11474609375
6738,7684.21484375
6739,6394.02734375
6740,4509.6806640625
6741,7428.5341796875
6742,4317.71630859375
6743,2585.7919921875
6744,5903.1337890625
6745,7747.4775390625
6746,6988.615234375
6747,5824.99169921875
6748,3646.330322265625
6749,5540.31103515625
6750,6807.9853515625
6751,4856.01904296875
6752,5867.14697265625
6753,4049.457763671875
6754,5031.314453125
6755,4484.2373046875
6756,4547.83544921875
6757,4503.7705078125
6758,3926.640869140625
6759,4248.7568359375
6760,3950.29443359375
6761,6641.29638671875
6762,5454.181640625
6763,4105.583984375
6764,5617.08154296875
6765,5620.9248046875
6766,6104.65869140625
6767,5172.35595703125
6768,7430.095703125
6769,6781.49365234375
6770,5393.8408203125
6771,3216.43701171875
6772,9353.365234375
6773,5640.59716796875
6774,4603.9150390625
6775,6468.04248046875
6776,5928.451171875
6777,5551.6826171875
6778,5121.9208984375
6779,6412.55126953125
6780,6697.421875
6781,10333.5458984375
6782,3854.164794921875
6783,3746.36181640625
6784,5025.8759765625
6785,5661.4248046875
6786,5616.66357421875
6787,6311.30712890625
6788,6644.2412109375
6789,5410.60888671875
6790,3276.748046875
6791,5304.7685546875
6792,8719.689453125
6793,3787.142822265625
6794,5851.14013671875
6795,3828.212890625
6796,6228.7509765625
6797,6662.23828125
6798,6140.23779296875
6799,6816.45654296875
6800,5340.36767578125
6801,3802.362060546875
6802,6832.806640625
6803,5886.61669921875
6804,7465.30322265625
6805,5860.8466796875
6806,7387.74365234375
6807,5516.7802734375
6808,3902.595947265625
6809,8165.2666015625
6810,4006.530517578125
6811,8532.6201171875
6812,5011.68798828125
6813,3672.30029296875
6814,5890.162109375
6815,4960.43017578125
6816,6963.169921875
6817,6122.9716796875
6818,3643.530517578125
6819,3516.37548828125
6820,6356.923828125
6821,7069.220703125
6822,8061.9931640625
6823,4762.89599609375
6824,5173.0654296875
6825,4451.9296875
6826,6420.3125
6827,4709.974609375
6828,7530.140625
6829,7518.2080078125
6830,8989.3154296875
6831,4987.7177734375
6832,4917.5869140625
6833,9160.0810546875
6834,7329.44091796875
6835,3672.49853515625
6836,8562.6640625
6837,4238.81884765625
6838,4794.98291015625
6839,4536.16015625
6840,4223.88037109375
6841,4353.73828125
6842,4221.24462890625
6843,3920.490234375
6844,3844.81982421875
6845,7422.70947265625
6846,6636.73974609375
6847,20569.060546875
6848,5759.4248046875
6849,3566.6591796875
6850,6295.52734375
6851,9128.208984375
6852,4981.59326171875
6853,5778.25634765625
6854,4868.1328125
6855,6652.21435546875
6856,6001.07373046875
6857,3630.4658203125
6858,4736.865234375
6859,5517.1044921875
6860,7163.2529296875
6861,5550.47509765625
6862,7100.89599609375
6863,3837.14599609375
6864,4020.521484375
6865,5023.73388671875
6866,8232.701171875
6867,9044.5068359375
6868,7252.24951171875
6869,6634.017578125
6870,4171.56982421875
6871,4753.84619140625
6872,3214.927978515625
6873,6933.7822265625
6874,7917.20361328125
6875,7783.01611328125
6876,4325.4033203125
6877,4693.5419921875
6878,4025.281982421875
6879,5252.56103515625
6880,8256.603515625
6881,4919.45751953125
6882,3964.81982421875
6883,4058.403076171875
6884,6649.7060546875
6885,3564.55859375
6886,6380.34765625
6887,3363.457275390625
6888,6232.03564453125
6889,5528.36669921875
6890,4988.26611328125
6891,6531.4326171875
6892,5305.8779296875
6893,4236.478515625
6894,5867.6015625
6895,5841.22998046875
6896,7700.67822265625
6897,4813.4951171875
6898,6859.15576171875
6899,7095.23095703125
6900,8227.4677734375
6901,5570.9755859375
6902,7575.10888671875
6903,3670.645263671875
6904,4143.3046875
6905,4992.66357421875
6906,5105.8203125
6907,8392.8623046875
6908,6308.0751953125
6909,4361.048828125
6910,5767.47216796875
6911,6468.671875
6912,8242.056640625
6913,3482.4208984375
6914,11698.3486328125
6915,3718.71875
6916,5287.4228515625
6917,7069.626953125
6918,3882.532470703125
6919,4983.25
6920,5110.80419921875
6921,6071.24609375
6922,4894.662109375
6923,4808.07470703125
6924,6988.06640625
6925,6319.14306640625
6926,5019.35302734375
6927,4202.7705078125
6928,6342.7109375
6929,10923.4677734375
6930,6498.71142578125
6931,4982.5654296875
6932,5407.0244140625
6933,5932.091796875
6934,5268.39892578125
6935,6198.0458984375
6936,3678.85986328125
6937,6364.7841796875
6938,5623.990234375
6939,5689.74658203125
6940,7594.8076171875
6941,4446.0703125
6942,4427.2353515625
6943,3891.984375
6944,6888.537109375
6945,6864.52880859375
6946,4401.22314453125
6947,3855.998291015625
6948,5856.8203125
6949,4919.3125
6950,3829.609130859375
6951,5505.609375
6952,4821.755859375
6953,6455.74072265625
6954,4489.337890625
6955,4308.27978515625
6956,4936.3505859375
6957,7324.7177734375
6958,6404.5517578125
6959,6940.2509765625
6960,6915.4013671875
6961,4412.572265625
6962,6895.9375
6963,4834.07861328125
6964,5255.111328125
6965,7501.59326171875
6966,4931.43701171875
6967,8302.0771484375
6968,7661.302734375
6969,5800.70068359375
6970,4769.287109375
6971,6864.068359375
6972,5489.4189453125
6973,5463.42529296875
6974,3769.572998046875
6975,5026.10888671875
6976,6459.43115234375
6977,4948.90283203125
6978,3988.6572265625
6979,6438.673828125
6980,5596.4921875
6981,4883.8779296875
6982,5262.6728515625
6983,4433.40478515625
6984,5601.2939453125
6985,6284.54638671875
6986,5800.50146484375
6987,4058.74560546875
6988,5186.28369140625
6989,5336.564453125
6990,2947.434814453125
6991,5210.00830078125
6992,3722.465087890625
6993,7284.5166015625
6994,6284.1259765625
6995,5181.50244140625
6996,8779.80859375
6997,4238.27197265625
6998,4231.2607421875
6999,8858.7412109375
7000,5588.1123046875
7001,6510.39013671875
7002,6519.97119140625
7003,3707.581787109375
7004,5439.1357421875
7005,5272.4423828125
7006,6653.86279296875
7007,9488.56640625
7008,4980.4296875
7009,2599.401123046875
7010,4209.58544921875
7011,6294.66650390625
7012,6195.162109375
7013,4592.68505859375
7014,5342.47509765625
7015,4574.966796875
7016,4588.537109375
7017,3418.936279296875
7018,4587.4248046875
7019,5883.90625
7020,5682.99462890625
7021,6122.95263671875
7022,7543.37841796875
7023,6739.27490234375
7024,6687.8544921875
7025,7040.1806640625
7026,3672.230712890625
7027,8546.666015625
7028,8559.7919921875
7029,3912.126953125
7030,6115.62646484375
7031,4377.1767578125
7032,5777.99169921875
7033,2753.769775390625
7034,5602.64697265625
7035,3924.730712890625
7036,8292.373046875
7037,6062.6005859375
7038,6373.0322265625
7039,6994.93798828125
7040,4548.142578125
7041,6212.6259765625
7042,16308.091796875
7043,8615.369140625
7044,4503.576171875
7045,2392.450927734375
7046,5152.69482421875
7047,6990.85546875
7048,4618.98876953125
7049,11593.380859375
7050,18089.1484375
7051,3460.261962890625
7052,4917.8740234375
7053,7588.38427734375
7054,4720.54052734375
7055,7113.97802734375
7056,4747.4033203125
7057,6308.099609375
7058,0.0
7059,4552.28564453125
7060,5016.01220703125
7061,6583.5224609375
7062,7881.76611328125
7063,5604.36669921875
7064,5278.99951171875
7065,5584.40283203125
7066,3562.69921875
7067,4509.47314453125
7068,7174.1572265625
7069,3850.927734375
7070,4529.494140625
7071,6039.04345703125
7072,5032.0341796875
7073,5146.54248046875
7074,6103.29248046875
7075,5855.78271484375
7076,6980.8349609375
7077,7165.6572265625
7078,6587.94580078125
7079,4818.49169921875
7080,2897.8076171875
7081,5470.17626953125
7082,5199.72314453125
7083,5105.22216796875
7084,4299.81396484375
7085,6860.4951171875
7086,5489.0068359375
7087,8316.1982421875
7088,6333.6455078125
7089,4340.35986328125
7090,4213.6123046875
7091,3735.52978515625
7092,8092.291015625
7093,4276.7607421875
7094,6106.52490234375
7095,13201.279296875
7096,5076.8837890625
7097,5166.5869140625
7098,3993.411376953125
7099,4339.787109375
7100,5281.3896484375
7101,3151.060791015625
7102,4833.67041015625
7103,10826.666015625
7104,4475.56787109375
7105,11884.490234375
7106,10989.71484375
7107,4496.02392578125
7108,5855.72509765625
7109,5256.4521484375
7110,5641.796875
7111,4836.46826171875
7112,8787.3193359375
7113,4348.9921875
7114,7023.583984375
7115,3737.785888671875
7116,6716.0673828125
7117,4715.44677734375
7118,7130.3671875
7119,5356.25830078125
7120,4947.4853515625
7121,5079.0625
7122,5791.90673828125
7123,6720.9072265625
7124,8145.87646484375
7125,5044.47021484375
7126,8343.1474609375
7127,5608.01123046875
7128,8457.1015625
7129,4675.6103515625
7130,4694.47509765625
7131,4665.21337890625
7132,7643.701171875
7133,5302.0927734375
7134,6064.20361328125
7135,5265.19970703125
7136,7105.712890625
7137,3767.939453125
7138,6218.79248046875
7139,5621.490234375
7140,3343.470947265625
7141,9570.724609375
7142,14752.6142578125
7143,5009.04736328125
7144,5218.228515625
7145,7527.1650390625
7146,8624.3447265625
7147,9682.1591796875
7148,4599.87158203125
7149,6179.810546875
7150,4897.8076171875
7151,6784.3896484375
7152,3691.625
7153,4826.537109375
7154,4279.9033203125
7155,4651.65673828125
7156,6697.1865234375
7157,4853.79833984375
7158,3394.72119140625
7159,6193.6318359375
7160,3165.4609375
7161,3920.571044921875
7162,5225.4677734375
7163,6178.47705078125
7164,7626.2763671875
7165,6951.73046875
7166,6478.2734375
7167,5388.8974609375
7168,5590.24609375
7169,8001.9912109375
7170,5915.544921875
7171,4363.20703125
7172,4381.81201171875
7173,7530.54150390625
7174,4061.484130859375
7175,6453.40234375
7176,2926.90234375
7177,4140.63623046875
7178,6522.34423828125
7179,6341.67626953125
7180,4914.65576171875
7181,8002.1474609375
7182,8270.2880859375
7183,10394.892578125
7184,5034.630859375
7185,8146.07666015625
7186,3108.16455078125
7187,4046.315673828125
7188,5292.08447265625
7189,3261.70166015625
7190,6630.21240234375
7191,3733.850341796875
7192,5745.35693359375
7193,7509.05029296875
7194,9208.3173828125
7195,6927.59228515625
7196,4234.57958984375
7197,4245.7568359375
7198,8685.5
7199,6845.3896484375
7200,4759.482421875
7201,4329.09716796875
7202,5794.11083984375
7203,6543.96923828125
7204,3659.78125
7205,5370.44921875
7206,6465.36181640625
7207,6337.1796875
7208,11382.7265625
7209,4934.67822265625
7210,12683.79296875
7211,4950.95849609375
7212,4859.9375
7213,2745.815185546875
7214,5381.6318359375
7215,4531.185546875
7216,4518.4072265625
7217,6447.84326171875
7218,4214.60986328125
7219,3590.18896484375
7220,5157.54052734375
7221,4067.04541015625
7222,6526.89404296875
7223,5146.8623046875
7224,6375.3876953125
7225,6620.29541015625
7226,3760.342041015625
7227,7833.076171875
7228,5199.794921875
7229,5210.681640625
7230,4624.5107421875
7231,4421.74169921875
7232,8777.25
7233,5653.5673828125
7234,3681.212890625
7235,6525.7177734375
7236,7308.19189453125
7237,5545.92724609375
7238,5100.95556640625
7239,7451.1796875
7240,5111.4208984375
7241,5614.23291015625
7242,4763.92236328125
7243,7237.23388671875
7244,4345.86669921875
7245,4971.7861328125
7246,3492.5966796875
7247,4076.438720703125
7248,3741.929931640625
7249,3998.81005859375
7250,6018.955078125
7251,6894.22802734375
7252,9196.935546875
7253,9021.8408203125
7254,7800.62646484375
7255,5830.28564453125
7256,4802.916015625
7257,10050.6767578125
7258,8754.470703125
7259,4728.7255859375
7260,7103.3818359375
7261,6570.88671875
7262,4580.990234375
7263,3967.905029296875
7264,6563.50244140625
7265,5430.3701171875
7266,5437.49365234375
7267,5115.76025390625
7268,2269.1513671875
7269,9196.5517578125
7270,4687.79541015625
7271,6605.5478515625
7272,4490.4560546875
7273,4053.82568359375
7274,5949.06787109375
7275,5980.876953125
7276,5688.0947265625
7277,5544.1396484375
7278,3222.410400390625
7279,3491.54931640625
7280,3404.96533203125
7281,5729.26611328125
7282,15707.6943359375
7283,4108.47216796875
7284,5032.458984375
7285,5440.70703125
7286,4431.52978515625
7287,3802.71533203125
7288,4368.75
7289,3474.43505859375
7290,5877.6171875
7291,5437.08740234375
7292,2641.056396484375
7293,7143.10205078125
7294,3826.964111328125
7295,4184.96484375
7296,7600.7978515625
7297,6510.0048828125
7298,8300.4189453125
7299,4201.21875
7300,5084.8466796875
7301,3465.5361328125
7302,4195.02978515625
7303,13306.853515625
7304,8702.1123046875
7305,5422.08837890625
7306,3711.83935546875
7307,4340.8515625
7308,4571.63134765625
7309,4047.623046875
7310,7761.7294921875
7311,4964.93603515625
7312,4405.9208984375
7313,6151.10009765625
7314,3731.5732421875
7315,5780.05078125
7316,5717.9033203125
7317,5760.8369140625
7318,5875.16259765625
7319,3670.87548828125
7320,5184.68017578125
7321,4143.29296875
7322,7481.98974609375
7323,6510.73193359375
7324,6050.20947265625
7325,3650.421630859375
7326,6269.1650390625
7327,5103.5986328125
7328,3883.71728515625
7329,5586.14990234375
7330,6210.21435546875
7331,5161.37109375
7332,5131.509765625
7333,5457.1494140625
7334,5737.48779296875
7335,4927.7958984375
7336,5906.34228515625
7337,5418.82080078125
7338,4133.490234375
7339,7940.384765625
7340,5497.66943359375
7341,4175.38720703125
7342,9441.630859375
7343,4746.248046875
7344,4038.06884765625
7345,6257.25927734375
7346,9668.9072265625
7347,8985.5361328125
7348,4547.4638671875
7349,4740.9296875
7350,5117.62451171875
7351,6076.41796875
7352,4045.6845703125
7353,6155.77734375
7354,3220.932373046875
7355,5419.66796875
7356,4889.34765625
7357,4629.87939453125
7358,4105.73974609375
7359,6445.44580078125
7360,6073.94189453125
7361,5143.70751953125
7362,6607.12744140625
7363,4600.345703125
7364,7154.98388671875
7365,5092.94384765625
7366,5353.18701171875
7367,5430.94873046875
7368,7013.0009765625
7369,6093.9716796875
7370,2496.90185546875
7371,8518.1650390625
7372,4660.40869140625
7373,5958.732421875
7374,4713.349609375
7375,3997.896240234375
7376,6735.29931640625
7377,4322.11083984375
7378,7700.63525390625
7379,5177.00341796875
7380,4706.263671875
7381,5853.13134765625
7382,5105.29638671875
7383,4666.20751953125
7384,6103.10302734375
7385,4647.70166015625
7386,7928.12158203125
7387,8073.63037109375
7388,6320.4931640625
7389,4041.162109375
7390,4042.419189453125
7391,3398.067626953125
7392,2832.328369140625
7393,5793.76171875
7394,3735.2607421875
7395,7348.1162109375
7396,3302.89306640625
7397,4055.62255859375
7398,4642.88818359375
7399,7407.9912109375
7400,4674.47607421875
7401,3970.417236328125
7402,4238.2568359375
7403,6300.02685546875
7404,4321.8505859375
7405,6522.5439453125
7406,6572.18017578125
7407,7187.3037109375
7408,6655.7177734375
7409,6172.70361328125
7410,4714.72509765625
7411,3995.208740234375
7412,3820.203369140625
7413,9046.4228515625
7414,6742.42822265625
7415,6406.478515625
7416,14120.8955078125
7417,4029.510009765625
7418,3559.158203125
7419,5137.62646484375
7420,7222.4794921875
7421,7782.93115234375
7422,6210.9462890625
7423,6787.6875
7424,7033.7763671875
7425,6435.38818359375
7426,5690.453125
7427,3991.6337890625
7428,4246.2255859375
7429,3499.583740234375
7430,4168.58740234375
7431,3636.51123046875
7432,6294.95068359375
7433,13577.501953125
7434,5966.056640625
7435,4425.14208984375
7436,5581.61181640625
7437,3378.195556640625
7438,5147.79833984375
7439,3984.332763671875
7440,8040.21240234375
7441,5633.02392578125
7442,5239.9755859375
7443,10430.8134765625
7444,11537.2197265625
7445,4929.57177734375
7446,5960.39306640625
7447,3392.567138671875
7448,4795.39794921875
7449,5290.30859375
7450,6025.8232421875
7451,3599.777099609375
7452,3230.029541015625
7453,3850.4453125
7454,4826.9150390625
7455,5269.94287109375
7456,5728.6015625
7457,3516.63916015625
7458,6164.5625
7459,6704.96728515625
7460,5709.0732421875
7461,4181.833984375
7462,3037.552978515625
7463,6699.1884765625
7464,4264.8857421875
7465,8567.7373046875
7466,4161.55224609375
7467,3777.625732421875
7468,5483.42919921875
7469,4688.15625
7470,4283.9580078125
7471,5373.45068359375
7472,5302.66259765625
7473,8337.85546875
7474,7415.681640625
7475,4900.99755859375
7476,3912.274658203125
7477,5212.61865234375
7478,4426.3076171875
7479,4388.07421875
7480,4691.94482421875
7481,5334.01904296875
7482,8998.3515625
7483,5737.50439453125
7484,4968.57470703125
7485,7316.02001953125
7486,2689.465576171875
7487,7587.6376953125
7488,4604.00537109375
7489,10530.12890625
7490,4953.8115234375
7491,4470.9814453125
7492,4422.0537109375
7493,3452.04052734375
7494,6443.47998046875
7495,18671.71875
7496,3236.564453125
7497,3672.369384765625
7498,7163.205078125
7499,5859.23291015625
7500,6039.87890625
7501,7299.51123046875
7502,4727.3564453125
7503,4635.4814453125
7504,3543.736328125
7505,8887.6025390625
7506,5091.3525390625
7507,6259.1943359375
7508,7154.9208984375
7509,4650.0615234375
7510,6656.5703125
7511,5664.72607421875
7512,4091.05419921875
7513,7309.99609375
7514,6567.63818359375
7515,3837.200927734375
7516,6583.93408203125
7517,5005.4921875
7518,4738.68408203125
7519,7712.8349609375
7520,6042.62890625
7521,6427.35205078125
7522,4349.28466796875
7523,5406.10205078125
7524,6419.017578125
7525,2107.857177734375
7526,7105.6689453125
7527,4088.33251953125
7528,5874.05908203125
7529,4489.91650390625
7530,5430.703125
7531,5701.396484375
7532,5673.29150390625
7533,5394.82421875
7534,6192.1103515625
7535,4472.83544921875
7536,6104.8779296875
7537,5601.69091796875
7538,6701.5283203125
7539,8298.8134765625
7540,6768.49560546875
7541,3279.53564453125
7542,4627.1572265625
7543,5933.2451171875
7544,3437.43408203125
7545,9931.5439453125
7546,4293.90576171875
7547,6947.69140625
7548,8601.77734375
7549,5635.74072265625
7550,3159.83984375
7551,14616.9072265625
7552,8564.1025390625
7553,5314.1064453125
7554,6391.7490234375
7555,7933.89111328125
7556,5185.32080078125
7557,5747.85302734375
7558,5895.56396484375
7559,4528.67333984375
7560,3632.099365234375
7561,6102.21875
7562,3492.953369140625
7563,6394.955078125
7564,5452.88427734375
7565,5359.626953125
7566,5988.7548828125
7567,5104.83544921875
7568,4999.7255859375
7569,3934.333740234375
7570,6058.9794921875
7571,5721.7177734375
7572,5287.0615234375
7573,5794.09521484375
7574,5742.49462890625
7575,8025.04443359375
7576,4544.68603515625
7577,4204.96533203125
7578,4828.63232421875
7579,5954.2119140625
7580,5471.404296875
7581,3771.093505859375
7582,4321.34716796875
7583,7400.62939453125
7584,7034.12109375
7585,4725.40966796875
7586,6056.08056640625
7587,6018.939453125
7588,5500.46875
7589,4115.33349609375
7590,2255.601318359375
7591,5928.3544921875
7592,5568.40966796875
7593,4863.89306640625
7594,7388.125
7595,7103.96728515625
7596,4402.5732421875
7597,6655.18603515625
7598,4205.5947265625
7599,2586.847900390625
7600,5988.03662109375
7601,8614.98828125
7602,6180.23828125
7603,5682.8515625
7604,3427.982666015625
7605,5530.6083984375
7606,6572.60546875
7607,5153.2236328125
7608,5517.74755859375
7609,4370.73486328125
7610,4806.37060546875
7611,4523.9912109375
7612,4459.130859375
7613,4809.8173828125
7614,4279.73388671875
7615,3753.39501953125
7616,3821.705810546875
7617,6450.12841796875
7618,5533.765625
7619,3597.63330078125
7620,5368.1943359375
7621,5349.12353515625
7622,5052.97802734375
7623,4783.61767578125
7624,7344.53369140625
7625,6979.83740234375
7626,4131.24755859375
7627,3229.704345703125
7628,9197.3251953125
7629,5298.81494140625
7630,4398.8515625
7631,5422.673828125
7632,5653.7392578125
7633,5462.6650390625
7634,5038.87158203125
7635,6394.36962890625
7636,6721.41064453125
7637,10234.6357421875
7638,3937.07568359375
7639,3763.320068359375
7640,4532.20654296875
7641,4899.9443359375
7642,4896.12841796875
7643,6296.43994140625
7644,5988.38427734375
7645,5109.8935546875
7646,3268.412109375
7647,4892.21923828125
7648,7276.1220703125
7649,4013.859375
7650,5581.17529296875
7651,3074.970703125
7652,5912.12451171875
7653,6404.70166015625
7654,5821.18994140625
7655,6841.84521484375
7656,5127.28125
7657,3421.424072265625
7658,6152.60009765625
7659,5951.0322265625
7660,7160.2197265625
7661,5717.04541015625
7662,6717.90576171875
7663,5081.26220703125
7664,3857.4658203125
7665,7999.97119140625
7666,3987.4111328125
7667,8050.39892578125
7668,4385.1591796875
7669,3236.1220703125
7670,5878.4716796875
7671,4629.76220703125
7672,6841.111328125
7673,6127.00341796875
7674,3251.3603515625
7675,4172.27783203125
7676,6131.15185546875
7677,6781.08935546875
7678,7784.21875
7679,4882.2392578125
7680,5002.42578125
7681,4114.177734375
7682,6009.36083984375
7683,4533.15185546875
7684,7368.92578125
7685,6953.96826171875
7686,8893.412109375
7687,4499.7666015625
7688,5003.03759765625
7689,9503.2587890625
7690,7306.2255859375
7691,3974.493408203125
7692,7777.15380859375
7693,3959.59228515625
7694,4815.31005859375
7695,4094.968505859375
7696,4339.123046875
7697,4095.839599609375
7698,4051.747314453125
7699,4135.87060546875
7700,4028.65234375
7701,6980.08984375
7702,5610.744140625
7703,20213.892578125
7704,5659.8603515625
7705,3662.701416015625
7706,6532.79931640625
7707,8993.62109375
7708,5176.11669921875
7709,6529.47265625
7710,5141.548828125
7711,6019.990234375
7712,5596.4384765625
7713,3624.36083984375
7714,4586.93798828125
7715,5450.29345703125
7716,6730.82666015625
7717,5567.79736328125
7718,7587.0205078125
7719,3446.3134765625
7720,3840.252685546875
7721,5152.70947265625
7722,8215.08984375
7723,8902.8046875
7724,7679.49072265625
7725,6845.296875
7726,4014.124755859375
7727,4999.49609375
7728,3328.749267578125
7729,7710.4541015625
7730,7837.18359375
7731,7606.22314453125
7732,4432.38232421875
7733,4840.40234375
7734,4017.8857421875
7735,4970.81982421875
7736,8178.7060546875
7737,5248.3193359375
7738,3976.42724609375
7739,3525.167724609375
7740,6433.76806640625
7741,3444.990966796875
7742,6214.6640625
7743,3302.154296875
7744,5796.09033203125
7745,5400.50830078125
7746,4507.552734375
7747,6415.60791015625
7748,5259.9560546875
7749,4358.09814453125
7750,6270.3740234375
7751,5608.0234375
7752,7815.62451171875
7753,5164.79296875
7754,6750.484375
7755,6982.5439453125
7756,8211.8330078125
7757,5780.169921875
7758,7453.298828125
7759,3527.1640625
7760,4574.4541015625
7761,5069.7197265625
7762,5227.23388671875
7763,8434.900390625
7764,6419.8740234375
7765,4377.0869140625
7766,5976.27880859375
7767,6309.412109375
7768,7673.05859375
7769,3543.149169921875
7770,11093.71484375
7771,3680.632568359375
7772,5022.169921875
7773,7258.95263671875
7774,3887.204345703125
7775,4714.9853515625
7776,5034.21337890625
7777,6027.52783203125
7778,4797.6455078125
7779,4056.9970703125
7780,7237.9169921875
7781,6239.03662109375
7782,4852.958984375
7783,4179.32275390625
7784,6948.08447265625
7785,10451.5390625
7786,6403.1923828125
7787,4653.07568359375
7788,5366.97802734375
7789,6016.9375
7790,5031.53369140625
7791,6156.27587890625
7792,3879.177001953125
7793,6466.6083984375
7794,5631.08447265625
7795,5507.77587890625
7796,7098.806640625
7797,4547.3935546875
7798,4101.6083984375
7799,3187.9794921875
7800,6749.77783203125
7801,7003.04150390625
7802,4642.0380859375
7803,4186.685546875
7804,5865.91943359375
7805,4725.7490234375
7806,3920.68310546875
7807,6368.59326171875
7808,4687.56982421875
7809,6439.62060546875
7810,4480.607421875
7811,4346.21728515625
7812,5064.2724609375
7813,7195.07568359375
7814,6667.20654296875
7815,6718.435546875
7816,6702.16845703125
7817,4381.11328125
7818,6929.73095703125
7819,4825.83984375
7820,5021.044921875
7821,7712.7265625
7822,5343.0537109375
7823,9001.56640625
7824,7238.21484375
7825,6032.65869140625
7826,4943.30615234375
7827,6862.724609375
7828,5882.57177734375
7829,5027.20654296875
7830,3630.68798828125
7831,5277.3330078125
7832,6260.6708984375
7833,4868.9609375
7834,3925.086669921875
7835,6837.0439453125
7836,5290.76025390625
7837,5131.18310546875
7838,5434.1787109375
7839,4601.8720703125
7840,5819.4140625
7841,6098.5888671875
7842,4786.9501953125
7843,4137.1298828125
7844,4678.02392578125
7845,5386.33642578125
7846,2953.896728515625
7847,6059.5029296875
7848,4313.34326171875
7849,7126.84619140625
7850,6332.76318359375
7851,5061.96337890625
7852,8694.6591796875
7853,3795.402587890625
7854,3813.65380859375
7855,8942.5009765625
7856,5292.69384765625
7857,6484.1767578125
7858,6571.19775390625
7859,3787.358154296875
7860,5675.4677734375
7861,5082.1884765625
7862,6894.2109375
7863,9485.478515625
7864,5340.5419921875
7865,2471.560302734375
7866,4095.476806640625
7867,6410.40625
7868,6125.8525390625
7869,4770.46240234375
7870,5740.04052734375
7871,4705.20361328125
7872,4631.75048828125
7873,3356.434326171875
7874,5029.27685546875
7875,5293.88232421875
7876,5460.1552734375
7877,6776.02490234375
7878,7697.1005859375
7879,6585.93408203125
7880,6580.64599609375
7881,6940.021484375
7882,3684.939697265625
7883,8802.0869140625
7884,8416.61328125
7885,4061.392578125
7886,6318.48095703125
7887,4509.68505859375
7888,5730.08203125
7889,2742.824462890625
7890,5553.35302734375
7891,3711.59423828125
7892,8338.232421875
7893,6120.248046875
7894,6075.53662109375
7895,6941.4052734375
7896,4784.693359375
7897,6438.98779296875
7898,16491.203125
7899,8564.02734375
7900,4619.30615234375
7901,2409.296142578125
7902,5143.69287109375
7903,6949.1064453125
7904,4813.7548828125
7905,11747.1474609375
7906,18175.142578125
7907,3460.364990234375
7908,5091.6611328125
7909,7623.92919921875
7910,4585.54931640625
7911,6760.43701171875
7912,4840.12841796875
7913,6453.89501953125
7914,0.0
7915,4702.2392578125
7916,5577.845703125
7917,6749.22509765625
7918,7147.541015625
7919,5168.1015625
7920,5105.84912109375
7921,5611.5078125
7922,3710.69775390625
7923,4536.3359375
7924,7077.27001953125
7925,4288.21435546875
7926,4778.02001953125
7927,6545.83251953125
7928,5527.796875
7929,4812.7099609375
7930,6424.5380859375
7931,5932.513671875
7932,7029.1630859375
7933,7026.79541015625
7934,6833.58837890625
7935,4950.20263671875
7936,2646.17236328125
7937,5109.28662109375
7938,5367.01513671875
7939,4996.5498046875
7940,4497.0791015625
7941,6804.296875
7942,5807.31640625
7943,8165.98681640625
7944,6606.27783203125
7945,4549.88134765625
7946,4331.21923828125
7947,3960.046875
7948,7982.94091796875
7949,4347.59423828125
7950,6073.73046875
7951,14097.2138671875
7952,5092.6513671875
7953,5394.1396484375
7954,4151.6904296875
7955,4410.2578125
7956,5319.99267578125
7957,3256.800048828125
7958,4928.6708984375
7959,10658.1962890625
7960,4346.18310546875
7961,12027.0791015625
7962,10972.642578125
7963,4280.28564453125
7964,5939.06884765625
7965,5367.23046875
7966,5759.64794921875
7967,5028.52783203125
7968,8768.169921875
7969,4444.79931640625
7970,7377.95947265625
7971,4307.64306640625
7972,6816.53662109375
7973,4824.31982421875
7974,7522.32080078125
7975,5294.958984375
7976,5105.17041015625
7977,5080.998046875
7978,6342.37353515625
7979,6915.4892578125
7980,8446.9443359375
7981,5290.82568359375
7982,8205.0556640625
7983,5357.47900390625
7984,8499.2626953125
7985,4824.123046875
7986,4691.001953125
7987,4619.1806640625
7988,7604.18896484375
7989,5182.49072265625
7990,6001.00732421875
7991,5101.0703125
7992,6878.94287109375
7993,3866.07763671875
7994,7610.61474609375
7995,6252.06005859375
7996,3489.173583984375
7997,8555.15625
7998,15269.064453125
7999,5045.19189453125
8000,5472.03466796875
8001,7354.28076171875
8002,8788.23046875
8003,9959.7158203125
8004,5272.66845703125
8005,6123.4248046875
8006,5120.087890625
8007,6746.65087890625
8008,3848.173583984375
8009,5235.07421875
8010,4037.752685546875
8011,4811.47705078125
8012,6552.9658203125
8013,4713.3720703125
8014,3443.39453125
8015,5988.34765625
8016,2947.710205078125
8017,3769.899169921875
8018,5252.244140625
8019,5629.49072265625
8020,7388.17333984375
8021,7784.75048828125
8022,6704.97216796875
8023,5146.2255859375
8024,5402.03125
8025,7462.35693359375
8026,6103.0283203125
8027,4331.458984375
8028,4709.23583984375
8029,6902.52294921875
8030,4127.01220703125
8031,6155.89453125
8032,2830.564453125
8033,4283.083984375
8034,7198.87548828125
8035,6013.45166015625
8036,4910.17626953125
8037,7353.3740234375
8038,8185.9267578125
8039,10469.6923828125
8040,5432.017578125
8041,7713.2041015625
8042,3276.659423828125
8043,4377.84033203125
8044,5262.908203125
8045,3326.079833984375
8046,6510.51318359375
8047,4025.46484375
8048,6055.001953125
8049,7424.55029296875
8050,8941.71484375
8051,6986.70751953125
8052,4319.9306640625
8053,4012.054931640625
8054,8584.1171875
8055,7292.7548828125
8056,4959.84765625
8057,4545.79541015625
8058,5841.6689453125
8059,7237.46142578125
8060,3757.273681640625
8061,5476.9404296875
8062,6504.546875
8063,6257.4091796875
8064,12173.3017578125
8065,4675.28369140625
8066,12461.11328125
8067,5455.0224609375
8068,4689.68310546875
8069,2770.594482421875
8070,5584.86474609375
8071,4962.28515625
8072,4599.96435546875
8073,6039.4521484375
8074,4680.13525390625
8075,4016.551025390625
8076,5134.392578125
8077,4290.224609375
8078,6529.263671875
8079,5479.96484375
8080,7034.123046875
8081,6690.14013671875
8082,4054.199951171875
8083,8243.291015625
8084,4860.6005859375
8085,5165.3330078125
8086,4758.60888671875
8087,3872.712890625
8088,8048.06005859375
8089,5879.5908203125
8090,3644.152099609375
8091,6366.70458984375
8092,6898.10400390625
8093,5514.2568359375
8094,4731.65625
8095,7351.2158203125
8096,5281.1708984375
8097,6479.9326171875
8098,4469.625
8099,7020.796875
8100,4474.36572265625
8101,5291.06640625
8102,3844.05810546875
8103,3840.228271484375
8104,3751.89013671875
8105,3933.0224609375
8106,5914.50732421875
8107,7508.7412109375
8108,9195.708984375
8109,8686.3759765625
8110,7029.41259765625
8111,5858.7353515625
8112,5148.5673828125
8113,9918.8388671875
8114,9281.521484375
8115,4400.93603515625
8116,7459.83251953125
8117,7165.369140625
8118,4573.40234375
8119,4483.36474609375
8120,6655.830078125
8121,5360.34423828125
8122,5727.3916015625
8123,4972.42724609375
8124,2235.093017578125
8125,8892.68359375
8126,4861.79052734375
8127,6729.48046875
8128,4525.30908203125
8129,3943.1513671875
8130,6289.5107421875
8131,5874.63134765625
8132,5584.78857421875
8133,5334.6982421875
8134,3544.65869140625
8135,3305.88427734375
8136,3535.0322265625
8137,5748.09375
8138,16105.849609375
8139,4096.46337890625
8140,4826.12060546875
8141,5415.62744140625
8142,4531.3134765625
8143,3791.813232421875
8144,4156.482421875
8145,3707.388427734375
8146,6319.638671875
8147,5511.24365234375
8148,2380.34228515625
8149,7089.28759765625
8150,3759.009033203125
8151,4377.7392578125
8152,7560.021484375
8153,6083.58203125
8154,8637.59375
8155,4288.52392578125
8156,5400.85693359375
8157,3594.820556640625
8158,4415.46875
8159,12769.701171875
8160,9609.1728515625
8161,5979.0859375
8162,3897.83935546875
8163,4179.783203125
8164,4583.328125
8165,4170.130859375
8166,8411.5205078125
8167,4716.83154296875
8168,4192.11669921875
8169,6124.64208984375
8170,3768.870849609375
8171,5762.3212890625
8172,5756.509765625
8173,5507.11767578125
8174,6003.76123046875
8175,4095.624267578125
8176,5159.15380859375
8177,4438.1904296875
8178,7509.87646484375
8179,6573.7392578125
8180,6195.9296875
8181,3492.570068359375
8182,6326.099609375
8183,4961.5751953125
8184,4140.28564453125
8185,5680.37744140625
8186,6233.82861328125
8187,5214.16064453125
8188,5338.2578125
8189,5535.578125
8190,5411.89404296875
8191,4870.91845703125
8192,5909.5546875
8193,5505.14990234375
8194,3753.433837890625
8195,8360.3349609375
8196,5085.74658203125
8197,4293.80517578125
8198,9563.220703125
8199,5049.6142578125
8200,3766.829345703125
8201,6613.3115234375
8202,9115.44140625
8203,9526.4150390625
8204,4546.80517578125
8205,5028.81689453125
8206,4742.41259765625
8207,6295.29541015625
8208,4709.07421875
8209,5996.8017578125
8210,3151.272705078125
8211,4767.619140625
8212,4799.5517578125
8213,4973.8125
8214,3833.70361328125
8215,6145.0791015625
8216,6192.1376953125
8217,5496.0458984375
8218,6846.53369140625
8219,4497.55712890625
8220,7198.0478515625
8221,4535.0068359375
8222,5505.88232421875
8223,5562.56298828125
8224,7034.81396484375
8225,5652.5244140625
8226,2475.277099609375
8227,8015.63623046875
8228,5311.30224609375
8229,5893.6787109375
8230,4320.31005859375
8231,3998.733154296875
8232,6699.85009765625
8233,4200.72412109375
8234,7360.7607421875
8235,5474.02001953125
8236,4898.2265625
8237,5953.51953125
8238,5562.09912109375
8239,4949.9970703125
8240,6068.51513671875
8241,4475.2744140625
8242,7894.654296875
8243,7907.81396484375
8244,7065.04638671875
8245,4565.93115234375
8246,3987.3193359375
8247,3124.34130859375
8248,3113.689453125
8249,6431.86865234375
8250,3541.70751953125
8251,8084.8974609375
8252,3242.085693359375
8253,4110.7060546875
8254,4489.6904296875
8255,6764.80224609375
8256,4715.31005859375
8257,4091.0029296875
8258,4474.048828125
8259,6612.2666015625
8260,4839.8935546875
8261,6051.62744140625
8262,6617.953125
8263,7414.89013671875
8264,6452.01904296875
8265,6318.2529296875
8266,4978.279296875
8267,4389.2421875
8268,4206.8193359375
8269,9307.5146484375
8270,6609.86181640625
8271,6983.01025390625
8272,14167.6923828125
8273,4316.7724609375
8274,3715.88330078125
8275,5248.70947265625
8276,7423.80419921875
8277,7703.95263671875
8278,6056.8310546875
8279,7578.04150390625
8280,6813.4091796875
8281,6364.33544921875
8282,5574.333984375
8283,4177.29541015625
8284,4378.54541015625
8285,3483.42041015625
8286,4402.744140625
8287,3812.4638671875
8288,6444.7861328125
8289,13054.982421875
8290,5819.203125
8291,4259.501953125
8292,5434.06787109375
8293,3504.53662109375
8294,5763.25439453125
8295,4001.58447265625
8296,8198.56640625
8297,5887.7431640625
8298,5519.68115234375
8299,10436.9169921875
8300,11664.525390625
8301,4726.1015625
8302,6088.16357421875
8303,3587.087646484375
8304,4833.501953125
8305,5425.900390625
8306,6625.70703125
8307,3337.268310546875
8308,3590.809814453125
8309,3991.492919921875
8310,4703.40576171875
8311,5688.22021484375
8312,5508.900390625
8313,3694.43896484375
8314,6323.67236328125
8315,6977.671875
8316,5455.53466796875
8317,4366.66015625
8318,2956.6943359375
8319,7029.474609375
8320,3931.39990234375
8321,8498.708984375
8322,3676.29541015625
8323,3955.211669921875
8324,5333.70947265625
8325,5026.595703125
8326,3983.033447265625
8327,5013.736328125
8328,5251.732421875
8329,8381.615234375
8330,7244.0244140625
8331,4937.6005859375
8332,4248.3564453125
8333,4931.876953125
8334,4308.66259765625
8335,4536.69091796875
8336,4879.69140625
8337,5632.21728515625
8338,8442.7470703125
8339,5956.61572265625
8340,5374.37060546875
8341,6691.02001953125
8342,2809.08837890625
8343,7670.92822265625
8344,4439.93115234375
8345,10690.9169921875
8346,5127.78955078125
8347,4390.498046875
8348,4626.48974609375
8349,3360.3935546875
8350,6320.4638671875
8351,18062.162109375
8352,3291.99755859375
8353,3849.753173828125
8354,7843.93896484375
8355,5820.5732421875
8356,5997.28466796875
8357,7017.484375
8358,4605.65673828125
8359,4246.71435546875
8360,3694.157958984375
8361,8792.083984375
8362,5036.2763671875
8363,6268.85205078125
8364,6868.34521484375
8365,4924.576171875
8366,6836.3037109375
8367,6083.01171875
8368,3771.971435546875
8369,7856.16943359375
8370,7323.61328125
8371,3549.40185546875
8372,6534.92138671875
8373,5043.9560546875
8374,4260.1669921875
8375,7769.10546875
8376,6123.38427734375
8377,6277.58056640625
8378,4166.482421875
8379,5317.9228515625
8380,6055.85302734375
8381,2563.89990234375
8382,7029.8896484375
8383,3890.236572265625
8384,5692.580078125
8385,4716.29248046875
8386,5164.81689453125
8387,5503.18896484375
8388,6070.75
8389,5265.9560546875
8390,6137.36865234375
8391,4492.51318359375
8392,6011.05078125
8393,4831.3056640625
8394,6608.53759765625
8395,8551.224609375
8396,6998.16455078125
8397,3264.470947265625
8398,5000.86376953125
8399,6031.88232421875
8400,3351.2021484375
8401,9441.4228515625
8402,4259.1357421875
8403,6784.80615234375
8404,8785.1669921875
8405,6206.80615234375
8406,2900.038818359375
8407,15241.2216796875
8408,8510.328125
8409,5484.24755859375
8410,6843.06103515625
8411,8764.48046875
8412,4914.13330078125
8413,5762.609375
8414,5927.83056640625
8415,4250.873046875
8416,3545.933349609375
8417,6024.15771484375
8418,3595.9365234375
8419,6943.708984375
8420,5654.01806640625
8421,5315.9326171875
8422,5485.287109375
8423,5499.123046875
8424,5304.40283203125
8425,4020.54052734375
8426,6029.9150390625
8427,5708.7353515625
8428,5385.98876953125
8429,6256.43798828125
8430,5677.42236328125
8431,8506.8046875
8432,4472.7939453125
8433,3997.390380859375
8434,5117.3193359375
8435,5800.609375
8436,5702.99755859375
8437,4013.240234375
8438,4245.59228515625
8439,6513.0986328125
8440,6312.02587890625
8441,4646.43603515625
8442,6043.88037109375
8443,5783.92626953125
8444,4742.63525390625
8445,3653.891357421875
8446,2353.51806640625
8447,5983.517578125
8448,5686.53955078125
8449,5603.326171875
8450,7271.05419921875
8451,6487.0361328125
8452,4573.1923828125
8453,6866.42578125
8454,3990.77197265625
8455,2670.77783203125
8456,5845.39306640625
8457,7883.49365234375
8458,6262.46484375
8459,5645.818359375
8460,3302.56982421875
8461,5564.15283203125
8462,6028.8818359375
8463,4922.208984375
8464,5464.8857421875
8465,4239.0947265625
8466,4888.70654296875
8467,4545.44677734375
8468,4305.1123046875
8469,4660.7177734375
8470,4076.869140625
8471,4101.87841796875
8472,3871.198974609375
8473,6481.7470703125
8474,6004.0302734375
8475,3922.679931640625
8476,5797.6259765625
8477,5299.376953125
8478,5130.212890625
8479,4770.0419921875
8480,6638.9091796875
8481,6504.01904296875
8482,4130.41943359375
8483,3403.381591796875
8484,10266.2353515625
8485,5397.62353515625
8486,4289.2333984375
8487,5882.6328125
8488,5943.50537109375
8489,5668.33544921875
8490,4928.16650390625
8491,6686.6015625
8492,7124.29931640625
8493,9693.0517578125
8494,3944.881103515625
8495,3889.42822265625
8496,4411.79833984375
8497,4759.07666015625
8498,4954.845703125
8499,5828.38232421875
8500,6278.72021484375
8501,5473.171875
8502,3518.82275390625
8503,4562.3076171875
8504,8068.34130859375
8505,4177.21923828125
8506,5517.80322265625
8507,3095.941162109375
8508,6352.87451171875
8509,6295.15380859375
8510,6165.08154296875
8511,7129.7353515625
8512,5322.86474609375
8513,3015.970458984375
8514,6234.67626953125
8515,6176.80517578125
8516,7409.5791015625
8517,5828.62646484375
8518,6639.24560546875
8519,5028.8359375
8520,3800.23583984375
8521,8338.412109375
8522,3889.999267578125
8523,8704.8525390625
8524,4559.0341796875
8525,3209.09033203125
8526,5876.67529296875
8527,5046.08203125
8528,7345.47119140625
8529,6520.44189453125
8530,3222.529296875
8531,4334.91845703125
8532,5926.03369140625
8533,6669.22412109375
8534,7511.98681640625
8535,5043.16259765625
8536,5290.36279296875
8537,4140.26708984375
8538,6168.94970703125
8539,4717.0009765625
8540,7771.22998046875
8541,7267.91845703125
8542,9266.19140625
8543,4602.92822265625
8544,4970.35791015625
8545,9683.3349609375
8546,6983.33447265625
8547,3996.714599609375
8548,8103.62060546875
8549,3999.702392578125
8550,4825.55517578125
8551,4097.47412109375
8552,4329.25537109375
8553,4470.1787109375
8554,4007.681640625
8555,4077.724853515625
8556,4090.83935546875
8557,7003.14794921875
8558,5291.36328125
8559,19663.935546875
8560,5535.57861328125
8561,3916.948974609375
8562,5943.73681640625
8563,9413.7861328125
8564,5845.970703125
8565,7180.39013671875
8566,5594.5830078125
8567,6521.2138671875
8568,5896.1796875
8569,3807.28369140625
8570,4899.0693359375
8571,5740.435546875
8572,7816.78076171875
8573,6238.69970703125
8574,8392.9921875
8575,3964.621337890625
8576,4078.68896484375
8577,5712.83251953125
8578,8618.4248046875
8579,10324.3837890625
8580,7535.1123046875
8581,7750.13525390625
8582,4045.48388671875
8583,5774.30615234375
8584,3652.46826171875
8585,8597.974609375
8586,9143.1630859375
8587,8602.013671875
8588,4752.03955078125
8589,4960.72802734375
8590,3798.770751953125
8591,5917.68798828125
8592,8597.341796875
8593,5849.18408203125
8594,4988.61376953125
8595,4557.19677734375
8596,6804.61767578125
8597,3918.806884765625
8598,6646.4677734375
8599,3940.340087890625
8600,6593.87548828125
8601,6475.9716796875
8602,5161.04736328125
8603,7250.4228515625
8604,5985.37890625
8605,5080.39404296875
8606,6735.05615234375
8607,5967.44970703125
8608,8084.1494140625
8609,5815.64208984375
8610,7095.02490234375
8611,7678.03173828125
8612,8691.0546875
8613,6320.236328125
8614,8001.8251953125
8615,3945.57568359375
8616,5029.46728515625
8617,5663.05810546875
8618,5879.9658203125
8619,8993.716796875
8620,6887.71630859375
8621,5301.7001953125
8622,7199.005859375
8623,7484.73779296875
8624,8404.7109375
8625,3896.57568359375
8626,12338.0791015625
8627,3959.259765625
8628,5913.87841796875
8629,7513.8564453125
8630,4282.26513671875
8631,5434.23046875
8632,5236.07958984375
8633,6975.04296875
8634,5667.580078125
8635,5256.8388671875
8636,7999.4580078125
8637,6696.45263671875
8638,5725.14453125
8639,4779.1083984375
8640,7471.15185546875
8641,12183.505859375
8642,7419.26123046875
8643,5795.56640625
8644,6453.92138671875
8645,6724.8798828125
8646,5988.75634765625
8647,7164.8837890625
8648,4507.03759765625
8649,7506.5
8650,6394.12353515625
8651,6625.48681640625
8652,8408.18359375
8653,4347.01416015625
8654,4506.138671875
8655,3560.931396484375
8656,7991.10498046875
8657,7680.34814453125
8658,5331.11865234375
8659,4170.98046875
8660,7083.81494140625
8661,5611.13623046875
8662,4599.04931640625
8663,6786.1416015625
8664,5597.57958984375
8665,7258.126953125
8666,5332.60205078125
8667,4910.4638671875
8668,5647.13330078125
8669,8195.5263671875
8670,7114.4189453125
8671,6868.9501953125
8672,7619.2255859375
8673,5011.5537109375
8674,8212.048828125
8675,5371.65625
8676,5472.52880859375
8677,9024.5322265625
8678,5727.19580078125
8679,8919.3193359375
8680,7851.44482421875
8681,7045.23291015625
8682,5714.25244140625
8683,7617.40869140625
8684,5987.5380859375
8685,5516.728515625
8686,4369.267578125
8687,5885.14794921875
8688,7175.1650390625
8689,5345.00439453125
8690,4170.7353515625
8691,7946.51806640625
8692,5793.9296875
8693,5537.46240234375
8694,5653.6025390625
8695,5447.5244140625
8696,6415.70068359375
8697,7172.17333984375
8698,5652.5947265625
8699,4404.84423828125
8700,6251.18896484375
8701,6215.82666015625
8702,3230.755615234375
8703,6445.90087890625
8704,4738.7578125
8705,8127.04345703125
8706,7020.72900390625
8707,5808.69580078125
8708,9532.068359375
8709,4525.6552734375
8710,4880.99951171875
8711,9963.1923828125
8712,5723.82470703125
8713,7279.49365234375
8714,7440.30078125
8715,4534.02880859375
8716,6373.91845703125
8717,5809.0205078125
8718,7901.57373046875
8719,10303.0078125
8720,5996.90380859375
8721,2884.301025390625
8722,4628.24755859375
8723,6896.4892578125
8724,6972.599609375
8725,5299.5634765625
8726,6197.01904296875
8727,5072.7802734375
8728,4741.35205078125
8729,4045.8916015625
8730,5313.88671875
8731,6074.86865234375
8732,6468.62890625
8733,7290.20947265625
8734,8427.326171875
8735,6980.7255859375
8736,7804.7763671875
8737,7902.8330078125
8738,4278.3505859375
8739,9528.7890625
8740,9406.171875
8741,4584.77978515625
8742,6828.47900390625
8743,5254.87109375
8744,6404.3349609375
8745,3095.9619140625
8746,6358.65966796875
8747,4180.88916015625
8748,9733.4794921875
8749,6629.20361328125
8750,7331.40234375
8751,7814.583984375
8752,5500.03369140625
8753,7030.58349609375
8754,17381.482421875
8755,9399.369140625
8756,5594.66748046875
8757,2643.58935546875
8758,5549.93115234375
8759,7520.0849609375
8760,5773.52880859375
8761,12258.2333984375
8762,19158.3046875
8763,4255.11767578125
8764,5615.36572265625
8765,7805.42236328125
8766,4987.9697265625
8767,7897.84765625
8768,5064.435546875
8769,7393.3486328125
8770,0.0
8771,5555.32470703125
8772,5497.96142578125
8773,7675.49755859375
8774,8852.3232421875
8775,5773.71337890625
8776,6000.60546875
8777,6156.53515625
8778,3911.243896484375
8779,5163.50927734375
8780,7641.95654296875
8781,4330.951171875
8782,5376.9384765625
8783,6804.26220703125
8784,5857.580078125
8785,5987.1376953125
8786,6583.1123046875
8787,6812.51318359375
8788,8007.6337890625
8789,8910.85546875
8790,6999.59521484375
8791,5434.3564453125
8792,3020.88525390625
8793,5485.08251953125
8794,5944.92236328125
8795,5545.76904296875
8796,5047.33154296875
8797,6454.3212890625
8798,5721.77197265625
8799,8993.939453125
8800,7134.11767578125
8801,5321.77783203125
8802,4844.87255859375
8803,4712.712890625
8804,8785.220703125
8805,4993.5419921875
8806,6706.25634765625
8807,14982.3046875
8808,5573.17138671875
8809,5579.60546875
8810,4788.71044921875
8811,4962.15087890625
8812,6071.40673828125
8813,3462.734375
8814,5546.30419921875
8815,11506.919921875
8816,4776.74462890625
8817,12219.1328125
8818,11447.18359375
8819,4865.63623046875
8820,6302.3408203125
8821,5830.08447265625
8822,6554.12060546875
8823,5806.037109375
8824,9889.501953125
8825,4444.37646484375
8826,8320.328125
8827,4172.47705078125
8828,7455.80517578125
8829,5630.47705078125
8830,8071.107421875
8831,5847.60009765625
8832,5504.283203125
8833,5889.19287109375
8834,7025.39599609375
8835,7813.4345703125
8836,9399.8564453125
8837,5956.6708984375
8838,8803.615234375
8839,6639.97021484375
8840,9175.1279296875
8841,4873.09814453125
8842,5073.79052734375
8843,5073.68017578125
8844,7808.3486328125
8845,6040.87744140625
8846,7001.029296875
8847,6129.44189453125
8848,7843.328125
8849,4646.61474609375
8850,7379.00244140625
8851,6737.6044921875
8852,4063.890380859375
8853,8999.47265625
8854,16620.29296875
8855,5914.2109375
8856,6400.357421875
8857,8270.748046875
8858,9465.0478515625
8859,10800.794921875
8860,5692.4794921875
8861,6991.396484375
8862,5496.5244140625
8863,7546.37109375
8864,4381.15869140625
8865,5838.39208984375
8866,4501.87158203125
8867,5941.4375
8868,7421.00146484375
8869,5003.8896484375
8870,3467.691650390625
8871,6727.52294921875
8872,4126.45654296875
8873,4191.56982421875
8874,5415.85107421875
8875,6127.66748046875
8876,8833.6767578125
8877,8082.84033203125
8878,7420.80810546875
8879,6164.22216796875
8880,5869.0830078125
8881,8522.2001953125
8882,6371.0322265625
8883,4635.10595703125
8884,5707.67626953125
8885,8621.81640625
8886,4684.60888671875
8887,6967.0322265625
8888,3522.699462890625
8889,4747.9677734375
8890,6976.79833984375
8891,6942.75927734375
8892,5606.52392578125
8893,8784.77734375
8894,9487.2333984375
8895,11267.5888671875
8896,5932.08984375
8897,9016.078125
8898,3417.043212890625
8899,4654.71728515625
8900,5958.9287109375
8901,3726.325927734375
8902,7424.8857421875
8903,4840.7822265625
8904,6661.75048828125
8905,8498.27734375
8906,9470.630859375
8907,7685.4580078125
8908,5191.59716796875
8909,4301.87744140625
8910,10450.3115234375
8911,7758.25390625
8912,5410.3017578125
8913,5300.08837890625
8914,6637.0380859375
8915,8268.318359375
8916,4453.4921875
8917,6433.630859375
8918,7254.7158203125
8919,6934.10546875
8920,13087.2646484375
8921,5519.39794921875
8922,12713.5107421875
8923,6159.9609375
8924,5327.31201171875
8925,3099.47216796875
8926,5755.55224609375
8927,5205.021484375
8928,5743.5947265625
8929,7000.916015625
8930,4995.72314453125
8931,4269.7001953125
8932,5621.42724609375
8933,4658.2109375
8934,7013.7900390625
8935,6309.48876953125
8936,7899.125
8937,6797.79541015625
8938,4708.1396484375
8939,8568.396484375
8940,5595.4990234375
8941,5746.5283203125
8942,5727.59033203125
8943,4786.5673828125
8944,9392.55078125
8945,6959.98876953125
8946,4808.3056640625
8947,6844.08447265625
8948,7739.92578125
8949,6169.84423828125
8950,5422.27978515625
8951,8276.625
8952,5820.24560546875
8953,6577.16552734375
8954,5531.60693359375
8955,7284.263671875
8956,4905.6796875
8957,5694.46533203125
8958,4161.77197265625
8959,4769.72509765625
8960,4076.424560546875
8961,4412.7578125
8962,6834.70751953125
8963,8530.451171875
8964,10615.0146484375
8965,9874.5361328125
8966,8022.3583984375
8967,6724.24267578125
8968,5711.3681640625
8969,11167.955078125
8970,10563.990234375
8971,5001.07275390625
8972,7778.87646484375
8973,7500.18212890625
8974,5437.87548828125
8975,4493.2900390625
8976,7745.1552734375
8977,6441.91357421875
8978,5984.21826171875
8979,5888.587890625
8980,2321.736572265625
8981,10180.419921875
8982,5181.28857421875
8983,7346.7373046875
8984,5286.5478515625
8985,4941.74658203125
8986,6941.16552734375
8987,6213.03857421875
8988,6609.30810546875
8989,5610.24560546875
8990,3992.145751953125
8991,3873.80322265625
8992,4111.1455078125
8993,6531.73486328125
8994,17222.19140625
8995,4173.6513671875
8996,5440.5185546875
8997,5743.11962890625
8998,4893.6376953125
8999,4110.98828125
9000,4906.58544921875
9001,3894.728759765625
9002,7377.18896484375
9003,5704.05908203125
9004,2934.1181640625
9005,8377.9599609375
9006,4104.98681640625
9007,5093.67138671875
9008,9033.861328125
9009,7039.3916015625
9010,9507.1240234375
9011,5102.0537109375
9012,5696.212890625
9013,3918.3212890625
9014,5205.2080078125
9015,13598.52734375
9016,10651.806640625
9017,6913.98828125
9018,4395.99560546875
9019,5168.19873046875
9020,5331.83740234375
9021,4463.90380859375
9022,9099.78125
9023,5066.24169921875
9024,4847.4267578125
9025,6681.7666015625
9026,4325.0263671875
9027,6004.65478515625
9028,6139.9609375
9029,7040.76806640625
9030,6445.49267578125
9031,4387.26025390625
9032,5904.5146484375
9033,4670.28564453125
9034,8099.33984375
9035,7148.45361328125
9036,7150.814453125
9037,3923.75048828125
9038,7401.6943359375
9039,5449.587890625
9040,4340.61474609375
9041,6105.2890625
9042,7299.20849609375
9043,5834.3310546875
9044,5976.93505859375
9045,6404.98779296875
9046,6736.13525390625
9047,5528.61279296875
9048,6814.1962890625
9049,6600.95703125
9050,4661.98583984375
9051,8848.25390625
9052,6089.07763671875
9053,4621.68408203125
9054,10624.0771484375
9055,5046.65673828125
9056,3636.8720703125
9057,7347.5771484375
9058,9469.0478515625
9059,9403.7529296875
9060,5146.10986328125
9061,5598.78271484375
9062,5734.99462890625
9063,7121.96337890625
9064,4964.5517578125
9065,6969.16650390625
9066,3200.044677734375
9067,5677.25341796875
9068,5205.826171875
9069,5626.3095703125
9070,4636.1591796875
9071,7565.75244140625
9072,7087.89013671875
9073,5623.45068359375
9074,7214.046875
9075,5292.275390625
9076,8322.3447265625
9077,5767.61279296875
9078,6444.44287109375
9079,6214.60107421875
9080,8222.701171875
9081,6515.0771484375
9082,2872.520263671875
9083,8452.599609375
9084,6235.62744140625
9085,6745.19775390625
9086,4807.69873046875
9087,4127.09228515625
9088,8176.88818359375
9089,4601.681640625
9090,8498.6787109375
9091,5726.9921875
9092,5143.11669921875
9093,6464.73388671875
9094,5756.68798828125
9095,5604.89501953125
9096,6943.0126953125
9097,5099.9619140625
9098,8887.3740234375
9099,8912.63671875
9100,7065.1171875
9101,4630.6123046875
9102,4473.1865234375
9103,3661.30126953125
9104,3286.32080078125
9105,7043.55322265625
9106,4599.7001953125
9107,8324.8349609375
9108,3730.759033203125
9109,4844.8466796875
9110,5056.484375
9111,7443.326171875
9112,5260.0751953125
9113,4467.095703125
9114,4816.453125
9115,7471.3818359375
9116,4838.6357421875
9117,6784.13330078125
9118,7538.43359375
9119,7641.798828125
9120,7273.77978515625
9121,7058.5068359375
9122,5579.80615234375
9123,4410.0537109375
9124,4581.94677734375
9125,10298.93359375
9126,7283.892578125
9127,8343.962890625
9128,14319.26953125
9129,4941.1884765625
9130,4198.72119140625
9131,5751.53466796875
9132,8281.6279296875
9133,8567.1640625
9134,6903.525390625
9135,7881.68798828125
9136,7935.41162109375
9137,6355.00927734375
9138,5864.56982421875
9139,4426.9296875
9140,5197.47216796875
9141,3978.599853515625
9142,4445.10498046875
9143,4235.94873046875
9144,7147.95849609375
9145,14448.6513671875
9146,6973.26513671875
9147,5280.8935546875
9148,5933.6669921875
9149,4312.14404296875
9150,6495.1416015625
9151,4285.57861328125
9152,8861.1416015625
9153,6509.14306640625
9154,6050.8642578125
9155,11321.7666015625
9156,11211.404296875
9157,5146.2548828125
9158,6688.69140625
9159,4212.916015625
9160,5345.07470703125
9161,6228.69970703125
9162,7470.2431640625
9163,3899.977294921875
9164,4259.7119140625
9165,4633.35009765625
9166,4764.69677734375
9167,5541.67236328125
9168,6625.099609375
9169,4227.32177734375
9170,7227.43603515625
9171,7766.57763671875
9172,5802.537109375
9173,4811.8291015625
9174,3342.666259765625
9175,7752.2958984375
9176,4704.732421875
9177,9529.0791015625
9178,4514.1865234375
9179,4963.62109375
9180,6174.30029296875
9181,5521.6025390625
9182,4924.74072265625
9183,5346.7568359375
9184,6196.708984375
9185,9341.9912109375
9186,7952.90771484375
9187,5733.16064453125
9188,4535.95068359375
9189,5809.1552734375
9190,4747.05126953125
9191,4874.2197265625
9192,5340.82666015625
9193,6201.02001953125
9194,9717.1298828125
9195,6423.11279296875
9196,5931.23291015625
9197,7054.333984375
9198,3535.796142578125
9199,8458.4921875
9200,4875.41650390625
9201,11663.7998046875
9202,5795.3701171875
9203,5295.20751953125
9204,5350.05078125
9205,3854.223876953125
9206,7480.71337890625
9207,20240.576171875
9208,3751.313720703125
9209,4387.5751953125
9210,7358.25634765625
9211,6642.12548828125
9212,6728.6923828125
9213,7736.4130859375
9214,5366.86083984375
9215,5484.42822265625
9216,4105.443359375
9217,9551.7197265625
9218,5348.43701171875
9219,6783.33935546875
9220,7889.16748046875
9221,5782.49365234375
9222,7082.5361328125
9223,6623.0048828125
9224,4269.36669921875
9225,8389.1884765625
9226,8219.4033203125
9227,3851.937744140625
9228,7409.1455078125
9229,5897.5009765625
9230,5353.65625
9231,8851.591796875
9232,6916.7353515625
9233,7234.79345703125
9234,5042.2119140625
9235,5805.9111328125
9236,6249.52978515625
9237,3269.1328125
9238,8112.52880859375
9239,4338.56689453125
9240,5976.69384765625
9241,5146.64306640625
9242,6326.2001953125
9243,5495.76904296875
9244,6394.67333984375
9245,6286.10107421875
9246,7122.81494140625
9247,5380.2470703125
9248,6827.7919921875
9249,5762.63330078125
9250,7168.29638671875
9251,9784.7412109375
9252,7571.93896484375
9253,3420.673583984375
9254,5659.50439453125
9255,7149.58544921875
9256,4407.064453125
9257,11345.0048828125
9258,5097.45947265625
9259,7919.8662109375
9260,9682.763671875
9261,6284.30615234375
9262,3556.045654296875
9263,18565.869140625
9264,9516.3251953125
9265,5705.27197265625
9266,7038.376953125
9267,8705.0859375
9268,6132.06201171875
9269,5996.455078125
9270,6756.51953125
9271,5007.4501953125
9272,4181.541015625
9273,6584.44287109375
9274,4100.35888671875
9275,7299.171875
9276,6190.15625
9277,5867.322265625
9278,6575.44140625
9279,5882.68505859375
9280,5775.35205078125
9281,4833.36328125
9282,6372.65869140625
9283,6106.29833984375
9284,5977.69873046875
9285,6476.171875
9286,5966.11474609375
9287,9327.904296875
9288,5290.91357421875
9289,4759.73583984375
9290,5302.21044921875
9291,6480.7783203125
9292,5569.6826171875
9293,4335.34130859375
9294,4933.5458984375
9295,7121.8642578125
9296,6977.9921875
9297,5648.35400390625
9298,6762.6962890625
9299,6234.2548828125
9300,5379.9091796875
9301,4612.845703125
9302,2684.9814453125
9303,6553.13623046875
9304,6208.60205078125
9305,5699.0498046875
9306,8725.849609375
9307,6755.78759765625
9308,4787.66650390625
9309,7493.16064453125
9310,4400.50439453125
9311,2790.077392578125
9312,6518.0810546875
9313,9784.3330078125
9314,6568.08740234375
9315,6341.88720703125
9316,3800.658447265625
9317,5952.55859375
9318,6890.52392578125
9319,4912.5107421875
9320,5546.88671875
9321,4484.21826171875
9322,4852.27685546875
9323,5326.17724609375
9324,5193.8134765625
9325,5238.13232421875
9326,4697.0546875
9327,4909.5771484375
9328,4497.69775390625
9329,6876.494140625
9330,6320.93408203125
9331,4310.3466796875
9332,6280.3388671875
9333,5843.802734375
9334,5704.330078125
9335,5282.2451171875
9336,7678.72802734375
9337,7482.90576171875
9338,5005.171875
9339,3694.77783203125
9340,10667.306640625
9341,5498.0927734375
9342,4859.83056640625
9343,6302.73193359375
9344,6770.69775390625
9345,6517.220703125
9346,5437.44287109375
9347,7260.41845703125
9348,7020.92529296875
9349,10350.814453125
9350,4383.29638671875
9351,4458.62744140625
9352,4632.57177734375
9353,5795.13330078125
9354,5798.20361328125
9355,6977.931640625
9356,6829.12890625
9357,5350.82373046875
9358,3791.4521484375
9359,5484.31982421875
9360,9609.568359375
9361,4733.6552734375
9362,6372.283203125
9363,4018.180908203125
9364,6467.27197265625
9365,7988.7294921875
9366,6806.14697265625
9367,7545.26806640625
9368,5991.69775390625
9369,4133.599609375
9370,6880.1171875
9371,6401.82958984375
9372,8126.02099609375
9373,6656.25341796875
9374,7727.6962890625
9375,6069.376953125
9376,4647.82177734375
9377,9156.9716796875
9378,4455.935546875
9379,9833.3486328125
9380,5509.2216796875
9381,4352.2080078125
9382,6489.07470703125
9383,5204.93896484375
9384,7424.14453125
9385,7186.55029296875
9386,4402.1015625
9387,4478.2109375
9388,6648.77587890625
9389,7547.34228515625
9390,8480.548828125
9391,5860.95361328125
9392,5827.43994140625
9393,4778.27685546875
9394,6988.95947265625
9395,5016.41650390625
9396,8763.44921875
9397,8363.234375
9398,10258.6806640625
9399,5501.2294921875
9400,5512.01318359375
9401,9625.392578125
9402,8010.8603515625
9403,3955.253662109375
9404,9516.4931640625
9405,4766.0146484375
9406,5424.9873046875
9407,5335.4248046875
9408,4740.388671875
9409,5222.41943359375
9410,4751.63037109375
9411,5041.6337890625
9412,4554.86474609375
9413,7344.81494140625
9414,6714.4765625
9415,22246.158203125
9416,6739.80078125
9417,0.0
9418,0.0
9419,0.0
9420,0.0
9421,0.0
9422,0.0
9423,0.0
9424,0.0
9425,0.0
9426,0.0
9427,0.0
9428,0.0
9429,0.0
9430,0.0
9431,0.0
9432,0.0
9433,0.0
9434,0.0
9435,0.0
9436,0.0
9437,0.0
9438,0.0
9439,0.0
9440,0.0
9441,0.0
9442,0.0
9443,0.0
9444,0.0
9445,0.0
9446,0.0
9447,0.0
9448,0.0
9449,0.0
9450,0.0
9451,0.0
9452,0.0
9453,0.0
9454,0.0
9455,0.0
9456,0.0
9457,0.0
9458,0.0
9459,0.0
9460,0.0
9461,0.0
9462,0.0
9463,0.0
9464,0.0
9465,0.0
9466,0.0
9467,0.0
9468,0.0
9469,0.0
9470,0.0
9471,0.0
9472,0.0
9473,0.0
9474,0.0
9475,0.0
9476,0.0
9477,0.0
9478,0.0
9479,0.0
9480,0.0
9481,0.0
9482,0.0
9483,0.0
9484,0.0
9485,0.0
9486,0.0
9487,0.0
9488,0.0
9489,0.0
9490,0.0
9491,0.0
9492,0.0
9493,0.0
9494,0.0
9495,0.0
9496,0.0
9497,0.0
9498,0.0
9499,0.0
9500,0.0
9501,0.0
9502,0.0
9503,0.0
9504,0.0
9505,0.0
9506,0.0
9507,0.0
9508,3684.060302734375
9509,0.0
9510,0.0
9511,0.0
9512,0.0
9513,0.0
9514,0.0
9515,0.0
9516,0.0
9517,0.0
9518,0.0
9519,0.0
9520,0.0
9521,0.0
9522,0.0
9523,0.0
9524,0.0
9525,0.0
9526,0.0
9527,0.0
9528,0.0
9529,0.0
9530,0.0
9531,0.0
9532,0.0
9533,0.0
9534,0.0
9535,0.0
9536,0.0
9537,0.0
9538,0.0
9539,0.0
9540,0.0
9541,0.0
9542,0.0
9543,0.0
9544,0.0
9545,0.0
9546,0.0
9547,0.0
9548,0.0
9549,0.0
9550,0.0
9551,0.0
9552,0.0
9553,0.0
9554,0.0
9555,0.0
9556,0.0
9557,0.0
9558,0.0
9559,0.0
9560,0.0
9561,0.0
9562,0.0
9563,0.0
9564,0.0
9565,0.0
9566,0.0
9567,0.0
9568,0.0
9569,0.0
9570,0.0
9571,0.0
9572,0.0
9573,0.0
9574,0.0
9575,0.0
9576,2110.27490234375
9577,0.0
9578,0.0
9579,0.0
9580,0.0
9581,0.0
9582,0.0
9583,0.0
9584,0.0
9585,0.0
9586,0.0
9587,0.0
9588,0.0
9589,0.0
9590,0.0
9591,0.0
9592,0.0
9593,0.0
9594,0.0
9595,0.0
9596,0.0
9597,0.0
9598,0.0
9599,0.0
9600,0.0
9601,0.0
9602,0.0
9603,0.0
9604,0.0
9605,0.0
9606,0.0
9607,0.0
9608,0.0
9609,0.0
9610,0.0
9611,0.0
9612,0.0
9613,0.0
9614,0.0
9615,0.0
9616,0.0
9617,16494.490234375
9618,29225.03515625
9619,0.0
9620,0.0
9621,0.0
9622,0.0
9623,0.0
9624,0.0
9625,0.0
9626,7240.6513671875
9627,0.0
9628,0.0
9629,0.0
9630,0.0
9631,0.0
9632,0.0
9633,0.0
9634,0.0
9635,0.0
9636,0.0
9637,0.0
9638,0.0
9639,0.0
9640,0.0
9641,0.0
9642,0.0
9643,0.0
9644,0.0
9645,5007.50341796875
9646,0.0
9647,0.0
9648,0.0
9649,0.0
9650,0.0
9651,0.0
9652,0.0
9653,0.0
9654,0.0
9655,2527.19189453125
9656,0.0
9657,0.0
9658,0.0
9659,0.0
9660,0.0
9661,0.0
9662,0.0
9663,0.0
9664,0.0
9665,0.0
9666,0.0
9667,0.0
9668,0.0
9669,0.0
9670,0.0
9671,0.0
9672,0.0
9673,7424.49072265625
9674,0.0
9675,0.0
9676,0.0
9677,0.0
9678,0.0
9679,0.0
9680,0.0
9681,0.0
9682,0.0
9683,0.0
9684,0.0
9685,0.0
9686,0.0
9687,0.0
9688,0.0
9689,0.0
9690,9396.7314453125
9691,0.0
9692,0.0
9693,0.0
9694,0.0
9695,0.0
9696,0.0
9697,0.0
9698,0.0
9699,0.0
9700,0.0
9701,0.0
9702,0.0
9703,0.0
9704,0.0
9705,0.0
9706,0.0
9707,0.0
9708,0.0
9709,0.0
9710,0.0
9711,0.0
9712,0.0
9713,0.0
9714,0.0
9715,0.0
9716,0.0
9717,0.0
9718,0.0
9719,0.0
9720,0.0
9721,0.0
9722,0.0
9723,0.0
9724,0.0
9725,0.0
9726,0.0
9727,0.0
9728,0.0
9729,0.0
9730,0.0
9731,0.0
9732,0.0
9733,0.0
9734,0.0
9735,0.0
9736,0.0
9737,0.0
9738,0.0
9739,0.0
9740,0.0
9741,0.0
9742,0.0
9743,0.0
9744,0.0
9745,0.0
9746,0.0
9747,0.0
9748,0.0
9749,0.0
9750,0.0
9751,0.0
9752,1764.1690673828125
9753,0.0
9754,0.0
9755,0.0
9756,0.0
9757,0.0
9758,0.0
9759,0.0
9760,0.0
9761,0.0
9762,0.0
9763,0.0
9764,0.0
9765,0.0
9766,5204.80712890625
9767,0.0
9768,0.0
9769,0.0
9770,0.0
9771,0.0
9772,0.0
9773,0.0
9774,0.0
9775,0.0
9776,0.0
9777,0.0
9778,0.0
9779,0.0
9780,0.0
9781,0.0
9782,0.0
9783,0.0
9784,0.0
9785,0.0
9786,0.0
9787,0.0
9788,0.0
9789,0.0
9790,0.0
9791,0.0
9792,0.0
9793,0.0
9794,0.0
9795,0.0
9796,0.0
9797,0.0
9798,0.0
9799,0.0
9800,0.0
9801,0.0
9802,0.0
9803,0.0
9804,0.0
9805,0.0
9806,0.0
9807,0.0
9808,0.0
9809,7852.77880859375
9810,0.0
9811,0.0
9812,0.0
9813,0.0
9814,0.0
9815,0.0
9816,0.0
9817,0.0
9818,0.0
9819,3268.904052734375
9820,0.0
9821,0.0
9822,0.0
9823,5350.8916015625
9824,0.0
9825,0.0
9826,0.0
9827,0.0
9828,0.0
9829,0.0
9830,0.0
9831,0.0
9832,0.0
9833,0.0
9834,0.0
9835,0.0
9836,0.0
9837,0.0
9838,0.0
9839,0.0
9840,0.0
9841,0.0
9842,0.0
9843,0.0
9844,0.0
9845,0.0
9846,0.0
9847,0.0
9848,0.0
9849,0.0
9850,19793.306640625
9851,0.0
9852,0.0
9853,0.0
9854,0.0
9855,0.0
9856,0.0
9857,0.0
9858,0.0
9859,0.0
9860,0.0
9861,0.0
9862,0.0
9863,0.0
9864,6136.83544921875
9865,0.0
9866,0.0
9867,0.0
9868,0.0
9869,0.0
9870,0.0
9871,0.0
9872,0.0
9873,0.0
9874,0.0
9875,0.0
9876,0.0
9877,0.0
9878,0.0
9879,0.0
9880,0.0
9881,0.0
9882,0.0
9883,0.0
9884,0.0
9885,0.0
9886,0.0
9887,0.0
9888,0.0
9889,0.0
9890,0.0
9891,0.0
9892,0.0
9893,0.0
9894,0.0
9895,0.0
9896,0.0
9897,0.0
9898,0.0
9899,0.0
9900,0.0
9901,0.0
9902,0.0
9903,0.0
9904,0.0
9905,0.0
9906,0.0
9907,0.0
9908,0.0
9909,0.0
9910,0.0
9911,0.0
9912,0.0
9913,0.0
9914,0.0
9915,0.0
9916,0.0
9917,0.0
9918,0.0
9919,0.0
9920,0.0
9921,0.0
9922,0.0
9923,0.0
9924,0.0
9925,0.0
9926,0.0
9927,0.0
9928,0.0
9929,0.0
9930,0.0
9931,0.0
9932,0.0
9933,0.0
9934,0.0
9935,0.0
9936,0.0
9937,0.0
9938,0.0
9939,13157.267578125
9940,0.0
9941,0.0
9942,0.0
9943,0.0
9944,0.0
9945,0.0
9946,0.0
9947,0.0
9948,0.0
9949,0.0
9950,0.0
9951,0.0
9952,0.0
9953,0.0
9954,0.0
9955,0.0
9956,0.0
9957,0.0
9958,0.0
9959,0.0
9960,0.0
9961,0.0
9962,0.0
9963,0.0
9964,0.0
9965,0.0
9966,0.0
9967,0.0
9968,0.0
9969,0.0
9970,0.0
9971,0.0
9972,0.0
9973,0.0
9974,0.0
9975,0.0
9976,0.0
9977,0.0
9978,0.0
9979,0.0
9980,0.0
9981,0.0
9982,0.0
9983,4574.37744140625
9984,15660.6123046875
9985,0.0
9986,0.0
9987,0.0
9988,0.0
9989,0.0
9990,0.0
9991,0.0
9992,0.0
9993,0.0
9994,0.0
9995,0.0
9996,0.0
9997,0.0
9998,0.0
9999,0.0
10000,0.0
10001,0.0
10002,0.0
10003,0.0
10004,0.0
10005,0.0
10006,0.0
10007,0.0
10008,0.0
10009,0.0
10010,0.0
10011,0.0
10012,11138.5869140625
10013,0.0
10014,0.0
10015,0.0
10016,0.0
10017,0.0
10018,0.0
10019,0.0
10020,0.0
10021,0.0
10022,0.0
10023,0.0
10024,0.0
10025,0.0
10026,0.0
10027,0.0
10028,0.0
10029,0.0
10030,0.0
10031,0.0
10032,0.0
10033,0.0
10034,0.0
10035,0.0
10036,0.0
10037,0.0
10038,0.0
10039,0.0
10040,0.0
10041,0.0
10042,0.0
10043,0.0
10044,0.0
10045,0.0
10046,0.0
10047,0.0
10048,0.0
10049,0.0
10050,0.0
10051,0.0
10052,0.0
10053,0.0
10054,0.0
10055,0.0
10056,0.0
10057,0.0
10058,0.0
10059,0.0
10060,0.0
10061,0.0
10062,0.0
10063,0.0
10064,0.0
10065,0.0
10066,0.0
10067,0.0
10068,0.0
10069,0.0
10070,0.0
10071,0.0
10072,0.0
10073,0.0
10074,0.0
10075,0.0
10076,0.0
10077,0.0
10078,0.0
10079,0.0
10080,0.0
10081,0.0
10082,2661.017333984375
10083,0.0
10084,0.0
10085,0.0
10086,1666.121826171875
10087,0.0
10088,0.0
10089,0.0
10090,0.0
10091,0.0
10092,0.0
10093,0.0
10094,0.0
10095,0.0
10096,0.0
10097,0.0
10098,0.0
10099,0.0
10100,0.0
10101,0.0
10102,0.0
10103,0.0
10104,0.0
10105,0.0
10106,0.0
10107,0.0
10108,0.0
10109,0.0
10110,0.0
10111,0.0
10112,0.0
10113,0.0
10114,0.0
10115,0.0
10116,0.0
10117,0.0
10118,0.0
10119,0.0
10120,0.0
10121,0.0
10122,0.0
10123,0.0
10124,0.0
10125,0.0
10126,0.0
10127,0.0
10128,0.0
10129,0.0
10130,0.0
10131,0.0
10132,0.0
10133,0.0
10134,0.0
10135,0.0
10136,0.0
10137,2377.784423828125
10138,0.0
10139,0.0
10140,0.0
10141,0.0
10142,0.0
10143,0.0
10144,0.0
10145,0.0
10146,0.0
10147,0.0
10148,0.0
10149,0.0
10150,0.0
10151,0.0
10152,10762.8251953125
10153,0.0
10154,0.0
10155,0.0
10156,0.0
10157,0.0
10158,0.0
10159,0.0
10160,0.0
10161,0.0
10162,0.0
10163,0.0
10164,0.0
10165,0.0
10166,0.0
10167,0.0
10168,0.0
10169,0.0
10170,0.0
10171,0.0
10172,0.0
10173,0.0
10174,0.0
10175,0.0
10176,0.0
10177,0.0
10178,0.0
10179,0.0
10180,0.0
10181,0.0
10182,0.0
10183,0.0
10184,0.0
10185,0.0
10186,0.0
10187,0.0
10188,0.0
10189,0.0
10190,0.0
10191,0.0
10192,0.0
10193,0.0
10194,0.0
10195,0.0
10196,0.0
10197,0.0
10198,0.0
10199,0.0
10200,0.0
10201,0.0
10202,0.0
10203,0.0
10204,0.0
10205,0.0
10206,0.0
10207,0.0
10208,0.0
10209,0.0
10210,0.0
10211,0.0
10212,0.0
10213,0.0
10214,0.0
10215,0.0
10216,3671.48046875
10217,0.0
10218,0.0
10219,0.0
10220,0.0
10221,0.0
10222,0.0
10223,0.0
10224,0.0
10225,0.0
10226,0.0
10227,0.0
10228,0.0
10229,0.0
10230,0.0
10231,0.0
10232,0.0
10233,0.0
10234,0.0
10235,0.0
10236,0.0
10237,0.0
10238,0.0
10239,0.0
10240,0.0
10241,0.0
10242,0.0
10243,0.0
10244,0.0
10245,0.0
10246,0.0
10247,0.0
10248,0.0
10249,0.0
10250,0.0
10251,0.0
10252,0.0
10253,0.0
10254,0.0
10255,0.0
10256,0.0
10257,13369.560546875
10258,4825.75927734375
10259,0.0
10260,0.0
10261,0.0
10262,0.0
10263,0.0
10264,0.0
10265,0.0
10266,0.0
10267,0.0
10268,0.0
10269,0.0
10270,0.0
10271,0.0
10272,0.0
10273,4803.31201171875
10274,3909.33837890625
10275,6947.27685546875
10276,3460.6240234375
10277,6293.04150390625
10278,4637.78173828125
10279,5439.86083984375
10280,6922.857421875
10281,3900.301513671875
10282,2962.15185546875
10283,5156.041015625
10284,5923.4345703125
10285,4366.14599609375
10286,6735.232421875
10287,5227.72216796875
10288,3452.847900390625
10289,4790.30908203125
10290,7427.90185546875
10291,8121.2666015625
10292,5968.29833984375
10293,7535.787109375
10294,3892.0361328125
10295,5661.5517578125
10296,2629.596923828125
10297,8543.7255859375
10298,7560.5517578125
10299,8094.86669921875
10300,5577.85009765625
10301,3575.04736328125
10302,5019.07861328125
10303,6016.13525390625
10304,7637.94970703125
10305,3723.394287109375
10306,5535.7314453125
10307,5027.52880859375
10308,5550.25927734375
10309,2829.288818359375
10310,7804.02587890625
10311,4344.21435546875
10312,7885.18017578125
10313,6232.4443359375
10314,4158.107421875
10315,7897.74072265625
10316,6232.9951171875
10317,4552.94921875
10318,4231.1865234375
10319,7520.37158203125
10320,9464.849609375
10321,5745.24365234375
10322,5653.30615234375
10323,8997.3173828125
10324,8539.33203125
10325,5964.70263671875
10326,7482.46484375
10327,2646.224609375
10328,2925.902587890625
10329,4705.75634765625
10330,5810.17724609375
10331,8760.7880859375
10332,7629.564453125
10333,4183.37841796875
10334,8221.26171875
10335,8211.478515625
10336,6582.0390625
10337,3139.7529296875
10338,10750.283203125
10339,3291.2939453125
10340,4568.4833984375
10341,6973.42431640625
10342,3860.169921875
10343,5322.46240234375
10344,2906.05419921875
10345,5972.345703125
10346,5800.41015625
10347,5349.7060546875
10348,8809.681640625
10349,6677.6943359375
10350,5569.15283203125
10351,3896.702880859375
10352,8032.84130859375
10353,12582.6181640625
10354,6947.2978515625
10355,3877.863525390625
10356,6595.1005859375
10357,6110.81103515625
10358,6188.18798828125
10359,8768.896484375
10360,2506.6875
10361,7327.8232421875
10362,4950.86474609375
10363,5376.85888671875
10364,7411.419921875
10365,2791.958251953125
10366,4169.72265625
10367,4765.6181640625
10368,7553.37841796875
10369,7025.3330078125
10370,4254.11328125
10371,4311.35107421875
10372,7025.962890625
10373,6259.80859375
10374,4737.37353515625
10375,5646.59619140625
10376,4232.4365234375
10377,6264.158203125
10378,4686.3271484375
10379,4120.2783203125
10380,5240.86572265625
10381,6400.2744140625
10382,5776.97607421875
10383,6942.68359375
10384,8241.1123046875
10385,3683.807861328125
10386,7687.8046875
10387,3373.9423828125
10388,3865.73681640625
10389,8221.9189453125
10390,6724.04931640625
10391,6893.14208984375
10392,10727.8046875
10393,6929.90771484375
10394,5274.59912109375
10395,6963.32666015625
10396,7611.626953125
10397,4179.95654296875
10398,2954.35546875
10399,5687.72412109375
10400,4963.7705078125
10401,5074.92919921875
10402,3225.6015625
10403,5832.6845703125
10404,6151.80029296875
10405,5924.857421875
10406,6364.45556640625
10407,3347.5419921875
10408,6164.57666015625
10409,6844.158203125
10410,3646.9375
10411,5018.59228515625
10412,3765.4638671875
10413,5370.1904296875
10414,2754.79833984375
10415,4721.3115234375
10416,5075.54833984375
10417,7793.77392578125
10418,6352.15380859375
10419,6060.09912109375
10420,12145.873046875
10421,4189.26416015625
10422,5162.09130859375
10423,11287.1748046875
10424,5518.92236328125
10425,7855.27490234375
10426,6642.400390625
10427,5247.6982421875
10428,6365.21630859375
10429,5083.265625
10430,4855.25
10431,8678.755859375
10432,5304.5673828125
10433,2538.078125
10434,3636.566162109375
10435,7071.1064453125
10436,7640.21826171875
10437,5761.72998046875
10438,5604.4794921875
10439,4791.1845703125
10440,1914.715576171875
10441,2548.370361328125
10442,3892.611083984375
10443,5888.0625
10444,7029.91943359375
10445,5594.66845703125
10446,5394.2021484375
10447,8361.275390625
10448,7752.02001953125
10449,7641.63134765625
10450,5131.421875
10451,8828.8125
10452,9631.9580078125
10453,3758.1044921875
10454,5022.08642578125
10455,5521.00146484375
10456,6713.56982421875
10457,2874.19580078125
10458,5274.681640625
10459,4457.76904296875
10460,9153.8359375
10461,5725.97607421875
10462,7420.19580078125
10463,7055.97412109375
10464,5181.880859375
10465,8108.6142578125
10466,17391.212890625
10467,8765.8017578125
10468,4847.29052734375
10469,3452.437255859375
10470,6252.6396484375
10471,7456.1943359375
10472,4509.2724609375
10473,9445.2802734375
10474,17783.455078125
10475,5046.43359375
10476,3825.172119140625
10477,10338.677734375
10478,4103.45751953125
10479,5154.939453125
10480,3311.807373046875
10481,6670.7099609375
10482,4909.23486328125
10483,5503.63818359375
10484,5049.80908203125
10485,5931.4130859375
10486,9208.865234375
10487,6290.8828125
10488,6182.0439453125
10489,6956.09912109375
10490,4357.13232421875
10491,6687.26513671875
10492,8950.5927734375
10493,4506.1689453125
10494,5287.98681640625
10495,4502.38037109375
10496,3576.682861328125
10497,5498.0390625
10498,4817.2265625
10499,5460.07763671875
10500,7851.85986328125
10501,9581.33203125
10502,7554.38818359375
10503,4628.63671875
10504,3832.432861328125
10505,4705.8828125
10506,4788.43603515625
10507,6555.89697265625
10508,4323.896484375
10509,6107.33740234375
10510,5079.3935546875
10511,8137.201171875
10512,6084.63916015625
10513,4611.90673828125
10514,3372.48046875
10515,3422.939453125
10516,8828.6591796875
10517,5819.9501953125
10518,5117.3291015625
10519,12302.2021484375
10520,6330.73388671875
10521,4148.19384765625
10522,6030.294921875
10523,3258.28076171875
10524,4012.26318359375
10525,3503.697998046875
10526,4316.71435546875
10527,9649.818359375
10528,4626.35546875
10529,7943.7880859375
10530,10122.1826171875
10531,6897.47900390625
10532,6199.29541015625
10533,5151.28955078125
10534,5618.95361328125
10535,4990.49951171875
10536,10096.13671875
10537,4887.1923828125
10538,6890.6826171875
10539,3072.859130859375
10540,6158.208984375
10541,5691.79296875
10542,7905.2421875
10543,6395.4365234375
10544,5325.51220703125
10545,6471.85498046875
10546,5566.751953125
10547,8237.7314453125
10548,7346.96875
10549,6542.5234375
10550,9090.7470703125
10551,7019.8662109375
10552,8944.72265625
10553,3220.377685546875
10554,5716.423828125
10555,5167.55126953125
10556,8055.52099609375
10557,6884.1220703125
10558,6502.31982421875
10559,7059.5458984375
10560,7887.41259765625
10561,5672.154296875
10562,7267.37646484375
10563,6356.2353515625
10564,3014.16015625
10565,8003.01806640625
10566,16736.36328125
10567,6742.25048828125
10568,6217.16015625
10569,6858.361328125
10570,8649.8037109375
10571,8284.708984375
10572,3602.255859375
10573,4704.05712890625
10574,5420.21240234375
10575,8665.818359375
10576,3122.585205078125
10577,4575.9677734375
10578,4959.5712890625
10579,5365.74560546875
10580,5270.08984375
10581,3574.908935546875
10582,2855.759765625
10583,7639.65185546875
10584,4104.8603515625
10585,4781.298828125
10586,5646.18896484375
10587,5424.08203125
10588,9354.6611328125
10589,10981.939453125
10590,5163.18896484375
10591,7437.849609375
10592,6269.2724609375
10593,8727.5380859375
10594,4758.52197265625
10595,3054.4091796875
10596,5066.10986328125
10597,12366.0341796875
10598,4418.0400390625
10599,7794.0966796875
10600,1934.6265869140625
10601,3755.574462890625
10602,9824.078125
10603,7037.83349609375
10604,5366.5712890625
10605,9108.8193359375
10606,9080.271484375
10607,7725.716796875
10608,4644.92431640625
10609,9489.16796875
10610,2449.6669921875
10611,2562.856201171875
10612,6630.67724609375
10613,4549.78857421875
10614,10591.9658203125
10615,2269.696533203125
10616,6343.2744140625
10617,6010.88427734375
10618,7090.04345703125
10619,9286.076171875
10620,4486.18798828125
10621,3255.17822265625
10622,9696.8271484375
10623,10409.1123046875
10624,4270.31640625
10625,5142.525390625
10626,9225.443359375
10627,5355.9541015625
10628,4705.275390625
10629,4137.62841796875
10630,7955.994140625
10631,4449.966796875
10632,12329.458984375
10633,8477.7587890625
10634,16014.572265625
10635,6404.283203125
10636,5366.462890625
10637,2197.949462890625
10638,6096.24462890625
10639,5633.65087890625
10640,5068.43212890625
10641,9066.5380859375
10642,6105.1474609375
10643,2697.00732421875
10644,5814.71240234375
10645,4209.81494140625
10646,8455.4404296875
10647,6795.02490234375
10648,6857.82861328125
10649,7438.3916015625
10650,4185.9736328125
10651,7469.41943359375
10652,6461.00048828125
10653,6148.15283203125
10654,6849.0712890625
10655,3749.348388671875
10656,8330.13671875
10657,5919.724609375
10658,3346.38037109375
10659,5576.4140625
10660,8750.259765625
10661,6061.08837890625
10662,3834.21484375
10663,5550.3857421875
10664,5856.8017578125
10665,5739.8486328125
10666,4896.0908203125
10667,9336.421875
10668,4706.70654296875
10669,4096.18994140625
10670,5487.8515625
10671,5622.91943359375
10672,3431.8154296875
10673,5320.54833984375
10674,8171.7861328125
10675,7823.72802734375
10676,9859.2236328125
10677,8958.12890625
10678,8029.81103515625
10679,6586.96923828125
10680,4791.68212890625
10681,10321.376953125
10682,8814.3583984375
10683,5611.9443359375
10684,5482.119140625
10685,6217.0947265625
10686,4454.57421875
10687,2794.703125
10688,8862.1943359375
10689,6544.27490234375
10690,5797.06689453125
10691,4671.48046875
10692,1343.0953369140625
10693,8870.1015625
10694,5521.775390625
10695,7036.7998046875
10696,3993.613037109375
10697,5371.18701171875
10698,5478.9716796875
10699,4087.09326171875
10700,9766.833984375
10701,4794.1669921875
10702,4254.28369140625
10703,3542.25048828125
10704,3299.669677734375
10705,5033.62548828125
10706,13052.0107421875
10707,4086.9248046875
10708,5697.650390625
10709,4525.77490234375
10710,3656.74169921875
10711,3158.32470703125
10712,5505.7548828125
10713,2926.751708984375
10714,9068.396484375
10715,5481.40576171875
10716,2345.713623046875
10717,8302.578125
10718,2540.03173828125
10719,4337.197265625
10720,9214.5576171875
10721,7706.77978515625
10722,8233.4150390625
10723,2829.762451171875
10724,4913.48681640625
10725,4198.87646484375
10726,3702.150146484375
10727,15165.138671875
10728,11270.083984375
10729,5223.67626953125
10730,2633.052734375
10731,6674.1142578125
10732,4618.435546875
10733,2932.624755859375
10734,7948.2138671875
10735,5173.56201171875
10736,4584.31396484375
10737,6850.248046875
10738,4712.1904296875
10739,4752.966796875
10740,5453.03466796875
10741,6355.98486328125
10742,6169.52294921875
10743,3546.5380859375
10744,5917.71630859375
10745,6143.46923828125
10746,8123.9482421875
10747,5518.59765625
10748,7767.52685546875
10749,2460.32373046875
10750,9104.912109375
10751,5092.2802734375
10752,3395.3740234375
10753,4280.41455078125
10754,5061.05029296875
10755,4276.0263671875
10756,6067.49951171875
10757,4124.80712890625
10758,6215.59912109375
10759,4711.5029296875
10760,7423.26611328125
10761,7675.099609375
10762,4553.06640625
10763,7730.3330078125
10764,5840.9970703125
10765,3364.551025390625
10766,11095.98046875
10767,3829.315185546875
10768,3780.385986328125
10769,5845.02001953125
10770,10350.439453125
10771,9300.6650390625
10772,4356.482421875
10773,5139.9287109375
10774,5867.345703125
10775,6971.62841796875
10776,4454.17041015625
10777,7310.10498046875
10778,3425.197509765625
10779,4258.80126953125
10780,3692.84814453125
10781,3346.368408203125
10782,3619.257568359375
10783,7441.048828125
10784,6875.63720703125
10785,6069.00537109375
10786,4870.7744140625
10787,7050.30810546875
10788,7607.142578125
10789,5389.36083984375
10790,5491.81298828125
10791,5658.97265625
10792,7603.10546875
10793,4305.134765625
10794,1714.3748779296875
10795,6363.904296875
10796,6821.81494140625
10797,5753.15234375
10798,5807.80517578125
10799,3664.528564453125
10800,9548.9541015625
10801,2415.41748046875
10802,8828.111328125
10803,5199.1142578125
10804,4608.330078125
10805,6902.80517578125
10806,4380.7578125
10807,4507.6142578125
10808,7286.283203125
10809,3268.28515625
10810,6995.6875
10811,8783.794921875
10812,7310.09521484375
10813,3038.56396484375
10814,4937.34130859375
10815,3486.079833984375
10816,2068.03759765625
10817,4844.2568359375
10818,5487.47265625
10819,5151.7646484375
10820,4091.94580078125
10821,4798.94189453125
10822,3995.306884765625
10823,8170.24755859375
10824,5712.6083984375
10825,5025.07373046875
10826,4450.658203125
10827,4997.47705078125
10828,5576.79052734375
10829,7041.47705078125
10830,7670.763671875
10831,7124.638671875
10832,7854.31689453125
10833,5732.5009765625
10834,5131.3994140625
10835,2822.864990234375
10836,5414.95703125
10837,8907.3837890625
10838,5792.6142578125
10839,7449.40283203125
10840,13921.96875
10841,3510.49853515625
10842,4125.88916015625
10843,3747.647216796875
10844,8521.087890625
10845,9223.2822265625
10846,7521.47509765625
10847,7848.44873046875
10848,7995.23095703125
10849,7756.42822265625
10850,6555.41357421875
10851,4774.59375
10852,3797.448974609375
10853,4345.91162109375
10854,3698.159912109375
10855,2812.979736328125
10856,6432.58349609375
10857,16986.392578125
10858,5604.53466796875
10859,3866.911865234375
10860,4035.866943359375
10861,4731.02734375
10862,5822.69384765625
10863,3379.763427734375
10864,6667.97705078125
10865,7262.73046875
10866,4220.86572265625
10867,11104.9248046875
10868,11824.9560546875
10869,4452.2451171875
10870,5511.02880859375
10871,3728.406494140625
10872,3883.658447265625
10873,5354.880859375
10874,7884.748046875
10875,3569.014404296875
10876,4471.8671875
10877,2722.483154296875
10878,5274.9921875
10879,4714.177734375
10880,6946.03564453125
10881,3514.2490234375
10882,8086.7099609375
10883,6664.98974609375
10884,5032.3427734375
10885,4296.65673828125
10886,3760.270263671875
10887,5333.0986328125
10888,4639.91796875
10889,10349.509765625
10890,4332.4169921875
10891,3718.65380859375
10892,6344.38525390625
10893,5403.4501953125
10894,5981.62158203125
10895,5595.673828125
10896,5860.728515625
10897,10262.0595703125
10898,6643.62548828125
10899,5996.03173828125
10900,3798.62255859375
10901,4850.71923828125
10902,4780.16015625
10903,3525.802734375
10904,4709.212890625
10905,5416.84765625
10906,10322.228515625
10907,7126.78076171875
10908,4822.52685546875
10909,6300.8154296875
10910,4121.1865234375
10911,7935.2861328125
10912,4954.30322265625
10913,8758.208984375
10914,6669.22314453125
10915,4907.4541015625
10916,3451.378662109375
10917,2624.2734375
10918,4551.3818359375
10919,20748.130859375
10920,1870.4947509765625
10921,4807.02734375
10922,5977.24951171875
10923,6741.6875
10924,5773.77734375
10925,8496.6142578125
10926,5046.76806640625
10927,6210.76171875
10928,3179.68798828125
10929,8485.90234375
10930,4132.54150390625
10931,6535.1005859375
10932,9946.7509765625
10933,5031.72412109375
10934,7510.859375
10935,6370.73779296875
10936,3943.289306640625
10937,5972.37060546875
10938,6711.4130859375
10939,2308.939697265625
10940,8617.8330078125
10941,6027.310546875
10942,4815.01025390625
10943,8750.5
10944,8812.466796875
10945,6901.72265625
10946,4846.5048828125
10947,6688.240234375
10948,5757.7509765625
10949,2797.743896484375
10950,6929.54296875
10951,2758.533447265625
10952,6214.13671875
10953,3016.59912109375
10954,5524.1708984375
10955,5134.234375
10956,4674.712890625
10957,5044.0751953125
10958,7855.52734375
10959,5322.10107421875
10960,7015.71630859375
10961,4951.49560546875
10962,6001.15380859375
10963,9942.634765625
10964,6877.080078125
10965,3292.802734375
10966,5220.73095703125
10967,6086.1982421875
10968,3166.734130859375
10969,11696.8662109375
10970,5232.2861328125
10971,6824.24658203125
10972,8625.4873046875
10973,6931.62841796875
10974,1856.862060546875
10975,14577.0302734375
10976,8381.6259765625
10977,5589.21240234375
10978,7304.12939453125
10979,6717.44677734375
10980,7832.763671875
10981,5709.28369140625
10982,4729.0634765625
10983,3304.12109375
10984,4184.283203125
10985,7718.91357421875
10986,2652.640869140625
10987,8903.3466796875
10988,6847.24755859375
10989,4791.0615234375
10990,7302.32568359375
10991,4848.306640625
10992,7424.03125
10993,3936.891845703125
10994,4512.69091796875
10995,4663.49609375
10996,4371.85791015625
10997,6586.68701171875
10998,6131.68505859375
10999,8338.568359375
11000,5717.4541015625
11001,3878.65625
11002,5825.3583984375
11003,6870.595703125
11004,5853.65771484375
11005,2901.467041015625
11006,5149.9580078125
11007,8884.2021484375
11008,6189.31982421875
11009,4207.69091796875
11010,7504.490234375
11011,6771.44970703125
11012,5327.31640625
11013,4056.26025390625
11014,1324.52880859375
11015,6458.30908203125
11016,6056.078125
11017,5049.9189453125
11018,8209.056640625
11019,6132.76513671875
11020,3756.1484375
11021,5664.90087890625
11022,4070.51025390625
11023,1216.570068359375
11024,6200.9951171875
11025,6169.400390625
11026,5664.30712890625
11027,4646.86083984375
11028,2728.574951171875
11029,4883.029296875
11030,7479.73388671875
11031,5716.80615234375
11032,7287.48193359375
11033,3740.91455078125
11034,5038.078125
11035,3315.701904296875
11036,6799.1630859375
11037,3487.314453125
11038,3151.869873046875
11039,5111.0517578125
11040,3812.3232421875
11041,6463.2705078125
11042,4661.6669921875
11043,4696.78515625
11044,5720.59130859375
11045,7101.9248046875
11046,5226.46142578125
11047,3766.62744140625
11048,9573.4375
11049,7301.4501953125
11050,5946.95556640625
11051,2387.182861328125
11052,5039.58837890625
11053,5209.26904296875
11054,4419.56494140625
11055,7365.1318359375
11056,7373.93310546875
11057,6562.89501953125
11058,6109.64013671875
11059,6240.04541015625
11060,7099.9033203125
11061,9816.9990234375
11062,3172.072998046875
11063,3881.69091796875
11064,5099.275390625
11065,5052.03125
11066,6191.21630859375
11067,8384.9921875
11068,5451.34423828125
11069,5848.02294921875
11070,2683.298828125
11071,5278.79296875
11072,8279.5224609375
11073,3398.80224609375
11074,5795.24609375
11075,3353.6083984375
11076,6954.6845703125
11077,5737.38916015625
11078,5317.12646484375
11079,5639.8427734375
11080,4132.3271484375
11081,4868.93798828125
11082,6684.484375
11083,5148.1083984375
11084,8451.4541015625
11085,5322.4482421875
11086,9147.12890625
11087,5472.6748046875
11088,4170.3828125
11089,8575.478515625
11090,3392.587646484375
11091,9308.4716796875
11092,5375.7041015625
11093,4841.1220703125
11094,6617.32568359375
11095,4384.8369140625
11096,5834.708984375
11097,5412.43798828125
11098,3013.459716796875
11099,2916.341552734375
11100,6345.4521484375
11101,6333.35302734375
11102,9204.275390625
11103,5972.29736328125
11104,5523.4580078125
11105,3734.69677734375
11106,6794.3603515625
11107,3427.2666015625
11108,9169.677734375
11109,7564.13232421875
11110,9507.2265625
11111,5883.494140625
11112,5066.90771484375
11113,8153.576171875
11114,7079.86083984375
11115,2902.2138671875
11116,8096.033203125
11117,5191.44775390625
11118,6011.3447265625
11119,5549.15234375
11120,4904.13330078125
11121,2886.888916015625
11122,4475.01513671875
11123,3568.19140625
11124,2751.377197265625
11125,6886.0048828125
11126,5530.59228515625
11127,24177.537109375
11128,8239.5009765625
11129,4504.9912109375
11130,8394.87890625
11131,10299.6591796875
11132,6220.21728515625
11133,8340.38671875
11134,5973.68798828125
11135,7494.421875
11136,7407.6396484375
11137,5544.6376953125
11138,5668.5615234375
11139,7714.18212890625
11140,7751.0654296875
11141,7426.88232421875
11142,8137.98095703125
11143,6193.45751953125
11144,4729.23828125
11145,8219.55859375
11146,10873.25
11147,10797.5654296875
11148,9850.068359375
11149,8795.4404296875
11150,4140.35107421875
11151,6746.56787109375
11152,4266.69140625
11153,8426.2294921875
11154,10871.3583984375
11155,9485.494140625
11156,5920.0390625
11157,5713.0126953125
11158,4326.27294921875
11159,5619.83251953125
11160,10097.923828125
11161,7217.20947265625
11162,6183.4794921875
11163,5932.9189453125
11164,7221.34130859375
11165,4347.173828125
11166,8572.453125
11167,4748.037109375
11168,7210.19970703125
11169,7245.9189453125
11170,5859.29736328125
11171,8768.85546875
11172,7242.35693359375
11173,4684.8447265625
11174,6771.5322265625
11175,7886.0009765625
11176,12325.134765625
11177,6595.35205078125
11178,7788.43359375
11179,8113.14453125
11180,10930.1025390625
11181,7071.04541015625
11182,10544.9091796875
11183,4993.90478515625
11184,4688.23046875
11185,5909.88623046875
11186,6267.7802734375
11187,10555.2724609375
11188,8649.3115234375
11189,5903.86376953125
11190,8380.8154296875
11191,6866.07763671875
11192,10704.046875
11193,4158.171875
11194,13707.3671875
11195,5649.35205078125
11196,5749.849609375
11197,8989.15625
11198,4706.19580078125
11199,7044.8857421875
11200,7432.3125
11201,7953.19775390625
11202,7864.8525390625
11203,5754.59912109375
11204,8424.787109375
11205,8734.330078125
11206,7338.9658203125
11207,4157.84033203125
11208,7485.99951171875
11209,13107.5634765625
11210,7512.48681640625
11211,5535.02734375
11212,8395.1650390625
11213,6257.93701171875
11214,6966.14501953125
11215,8398.525390625
11216,4203.984375
11217,8441.3388671875
11218,5828.40380859375
11219,7619.04931640625
11220,7990.72900390625
11221,5330.5830078125
11222,6270.95751953125
11223,5433.177734375
11224,9232.1142578125
11225,8814.212890625
11226,5042.4990234375
11227,4530.66552734375
11228,7651.705078125
11229,6679.287109375
11230,5852.74169921875
11231,8639.7802734375
11232,6946.78125
11233,7729.65234375
11234,5852.10400390625
11235,5051.2294921875
11236,7279.04541015625
11237,8753.9892578125
11238,8089.70556640625
11239,8993.5810546875
11240,9028.537109375
11241,6226.77587890625
11242,9652.0400390625
11243,5927.2998046875
11244,7581.13330078125
11245,9735.93359375
11246,7236.6552734375
11247,10319.4716796875
11248,9466.578125
11249,8748.689453125
11250,6645.33349609375
11251,7840.38330078125
11252,8631.505859375
11253,6199.34814453125
11254,3965.719970703125
11255,6630.8994140625
11256,8210.9794921875
11257,6761.57421875
11258,5387.041015625
11259,9075.708984375
11260,6168.38916015625
11261,6855.9638671875
11262,6790.21923828125
11263,5686.8583984375
11264,7193.33544921875
11265,7599.13232421875
11266,7286.6474609375
11267,5770.29833984375
11268,6023.8046875
11269,6886.71923828125
11270,3774.4990234375
11271,7343.71484375
11272,6770.884765625
11273,9775.5
11274,7818.0615234375
11275,6638.95556640625
11276,11429.828125
11277,4995.55517578125
11278,5446.76904296875
11279,11261.4794921875
11280,7504.5810546875
11281,8741.21484375
11282,8740.7353515625
11283,5871.8876953125
11284,6532.47802734375
11285,6235.724609375
11286,7798.33251953125
11287,11691.3662109375
11288,6351.9306640625
11289,3693.72119140625
11290,5237.78173828125
11291,8789.7509765625
11292,9145.201171875
11293,6863.54638671875
11294,7541.60107421875
11295,4825.1552734375
11296,4122.5048828125
11297,3432.60546875
11298,5533.75439453125
11299,6946.63232421875
11300,7760.822265625
11301,7043.76171875
11302,7903.794921875
11303,8668.216796875
11304,10778.908203125
11305,8551.501953125
11306,5356.44287109375
11307,9756.328125
11308,12435.8408203125
11309,6161.21435546875
11310,8055.72900390625
11311,5748.28125
11312,7097.27392578125
11313,4621.8466796875
11314,7631.29736328125
11315,5831.9501953125
11316,8696.5771484375
11317,7766.05419921875
11318,9834.7158203125
11319,7819.59033203125
11320,5842.35791015625
11321,9025.46875
11322,19015.404296875
11323,11065.3134765625
11324,5873.8173828125
11325,3976.716796875
11326,7023.03515625
11327,8812.01953125
11328,6501.60693359375
11329,12732.283203125
11330,22091.41015625
11331,6123.95263671875
11332,5841.0986328125
11333,8573.5078125
11334,6032.45166015625
11335,7384.75537109375
11336,7106.24755859375
11337,8276.3623046875
11338,5966.31591796875
11339,6750.67236328125
11340,7351.60400390625
11341,7483.17041015625
11342,10079.560546875
11343,6739.23046875
11344,6902.017578125
11345,7425.12744140625
11346,5725.7421875
11347,5239.8984375
11348,8654.3408203125
11349,6449.919921875
11350,6428.123046875
11351,8201.4189453125
11352,6038.3095703125
11353,6089.0380859375
11354,7371.7744140625
11355,7347.45361328125
11356,9451.37890625
11357,7908.23828125
11358,8202.681640625
11359,6285.8740234375
11360,3544.7431640625
11361,6900.99169921875
11362,6246.13134765625
11363,6716.34130859375
11364,5160.92578125
11365,8628.88671875
11366,7534.904296875
11367,11045.2265625
11368,6936.68408203125
11369,5873.68408203125
11370,5602.3642578125
11371,5818.61572265625
11372,11459.9765625
11373,6486.8310546875
11374,7229.78271484375
11375,15319.091796875
11376,7288.80859375
11377,5689.357421875
11378,6394.83349609375
11379,5290.01123046875
11380,8361.6435546875
11381,4083.83251953125
11382,5095.33984375
11383,10491.49609375
11384,6099.5068359375
11385,14267.791015625
11386,13469.564453125
11387,6384.9482421875
11388,7039.75830078125
11389,5801.69970703125
11390,7457.16796875
11391,5930.4912109375
11392,11984.00390625
11393,7609.16552734375
11394,9384.2919921875
11395,4833.83203125
11396,8029.5859375
11397,6496.8369140625
11398,9033.2119140625
11399,7601.50634765625
11400,6870.611328125
11401,7258.40576171875
11402,7076.080078125
11403,9486.6943359375
11404,9975.12890625
11405,6747.93115234375
11406,10938.1611328125
11407,7279.11572265625
11408,9876.8154296875
11409,5768.728515625
11410,5723.9140625
11411,5943.31591796875
11412,11042.072265625
11413,7073.1748046875
11414,8301.4287109375
11415,7777.48779296875
11416,9112.1982421875
11417,5132.2568359375
11418,9127.478515625
11419,6616.52197265625
11420,4596.0283203125
11421,12452.501953125
11422,17975.40625
11423,8254.1435546875
11424,7543.28125
11425,9901.2841796875
11426,11137.966796875
11427,12117.1787109375
11428,6309.0595703125
11429,7737.41015625
11430,6563.24755859375
11431,9544.3544921875
11432,4670.59326171875
11433,5738.85595703125
11434,5925.5693359375
11435,6314.107421875
11436,8120.9267578125
11437,5198.736328125
11438,5188.84228515625
11439,8171.916015625
11440,4615.30908203125
11441,5309.01904296875
11442,6370.22412109375
11443,7804.361328125
11444,10695.013671875
11445,9215.1884765625
11446,7238.5205078125
11447,7012.802734375
11448,6915.46630859375
11449,9387.0439453125
11450,7063.048828125
11451,6607.79345703125
11452,5215.5380859375
11453,9376.8564453125
11454,4564.087890625
11455,7890.7412109375
11456,3315.5791015625
11457,4758.859375
11458,7926.87548828125
11459,7208.3349609375
11460,6745.22900390625
11461,9663.1572265625
11462,10686.5126953125
11463,11565.08984375
11464,6614.8662109375
11465,11182.072265625
11466,2613.44482421875
11467,5599.23486328125
11468,7226.4755859375
11469,5175.8486328125
11470,8841.849609375
11471,5496.29443359375
11472,5733.7333984375
11473,9629.0869140625
11474,9971.4599609375
11475,8873.6435546875
11476,5405.8251953125
11477,5498.49169921875
11478,9445.0068359375
11479,8528.7392578125
11480,5717.298828125
11481,6208.72119140625
11482,7877.02392578125
11483,9236.1806640625
11484,5511.0498046875
11485,6003.8154296875
11486,9250.4365234375
11487,9256.4775390625
11488,12442.0498046875
11489,6824.0263671875
11490,15776.65625
11491,7460.443359375
11492,5715.744140625
11493,3096.324462890625
11494,6107.66162109375
11495,7728.89501953125
11496,6251.2412109375
11497,8741.935546875
11498,5717.62109375
11499,4464.888671875
11500,6982.349609375
11501,5479.30029296875
11502,7253.560546875
11503,7876.65966796875
11504,8720.0634765625
11505,8683.7119140625
11506,6022.8359375
11507,9591.96875
11508,6233.623046875
11509,6547.11865234375
11510,6237.67724609375
11511,4771.56689453125
11512,10010.0380859375
11513,6302.99072265625
11514,5220.1279296875
11515,8179.05419921875
11516,9631.896484375
11517,7923.75634765625
11518,6138.88818359375
11519,9368.2587890625
11520,6006.48193359375
11521,7164.60302734375
11522,6025.89697265625
11523,9724.099609375
11524,4972.76953125
11525,6461.68798828125
11526,5714.9287109375
11527,6043.8310546875
11528,4516.111328125
11529,6247.6171875
11530,7515.62890625
11531,9594.875
11532,11142.7802734375
11533,12482.5732421875
11534,9402.236328125
11535,6229.89990234375
11536,4979.6005859375
11537,10750.5009765625
11538,11813.4912109375
11539,7070.384765625
11540,8509.2138671875
11541,9478.6201171875
11542,6247.72412109375
11543,3514.62890625
11544,8982.5693359375
11545,6656.404296875
11546,7267.86474609375
11547,6528.01123046875
11548,2772.79638671875
11549,12518.7080078125
11550,5611.60595703125
11551,8194.69140625
11552,5122.76708984375
11553,5515.103515625
11554,6976.96435546875
11555,7518.8232421875
11556,7853.79541015625
11557,4708.6728515625
11558,5242.298828125
11559,3783.857177734375
11560,4123.99365234375
11561,7915.00146484375
11562,17973.13671875
11563,5381.16015625
11564,6451.603515625
11565,6943.56494140625
11566,6021.509765625
11567,5710.9794921875
11568,5910.8154296875
11569,4332.1943359375
11570,8518.814453125
11571,7246.677734375
11572,4157.3154296875
11573,9727.828125
11574,6026.95703125
11575,5289.31298828125
11576,10062.3544921875
11577,7638.13720703125
11578,9838.689453125
11579,5385.22119140625
11580,6611.841796875
11581,5217.44384765625
11582,5689.4794921875
11583,13498.0107421875
11584,11444.6787109375
11585,8051.23583984375
11586,5681.689453125
11587,6005.21533203125
11588,6797.02001953125
11589,4676.89892578125
11590,9529.2978515625
11591,5447.5927734375
11592,5856.978515625
11593,8412.9052734375
11594,5742.5703125
11595,6551.9638671875
11596,7015.70068359375
11597,7277.2041015625
11598,7836.64306640625
11599,4767.8349609375
11600,5915.58642578125
11601,6788.02294921875
11602,9213.3525390625
11603,9073.6728515625
11604,7720.88232421875
11605,4455.0791015625
11606,8382.5029296875
11607,6181.96240234375
11608,5651.1044921875
11609,7690.791015625
11610,7930.1171875
11611,7045.9208984375
11612,6755.5869140625
11613,6467.79248046875
11614,7945.44970703125
11615,6872.10693359375
11616,7243.5341796875
11617,7794.7470703125
11618,6309.23291015625
11619,10573.7822265625
11620,7027.57080078125
11621,5822.0107421875
11622,13161.529296875
11623,4956.0869140625
11624,3836.52685546875
11625,8685.3544921875
11626,11169.09765625
11627,11904.103515625
11628,4598.62060546875
11629,6889.91259765625
11630,6311.3505859375
11631,7391.41162109375
11632,6854.8056640625
11633,8724.5166015625
11634,3780.0986328125
11635,6969.1123046875
11636,6385.86767578125
11637,5593.41015625
11638,6414.310546875
11639,7160.259765625
11640,8759.4775390625
11641,5941.66259765625
11642,9052.69921875
11643,7704.52490234375
11644,9094.291015625
11645,6537.9814453125
11646,7000.51806640625
11647,6773.345703125
11648,8954.927734375
11649,8962.953125
11650,3630.21435546875
11651,9662.0908203125
11652,8993.59375
11653,7758.07568359375
11654,5038.5556640625
11655,4107.875
11656,9251.5654296875
11657,6756.82177734375
11658,9296.927734375
11659,7616.8408203125
11660,5412.8779296875
11661,8717.34375
11662,6801.19970703125
11663,7325.64111328125
11664,8523.4013671875
11665,6742.6357421875
11666,9379.294921875
11667,11205.2861328125
11668,8857.7978515625
11669,4785.19970703125
11670,6732.40576171875
11671,4717.41455078125
11672,3876.059814453125
11673,8662.7646484375
11674,6725.61474609375
11675,9699.822265625
11676,5206.6318359375
11677,6160.744140625
11678,5797.927734375
11679,9795.658203125
11680,6784.07177734375
11681,6141.7685546875
11682,6311.9404296875
11683,7273.69384765625
11684,5757.796875
11685,7628.70068359375
11686,8569.73046875
11687,8619.2822265625
11688,9052.8779296875
11689,7359.10546875
11690,6316.24609375
11691,5585.8046875
11692,5986.40966796875
11693,12064.9521484375
11694,9419.5498046875
11695,7762.15380859375
11696,16848.533203125
11697,6638.912109375
11698,5191.7177734375
11699,6198.5048828125
11700,9112.669921875
11701,10483.1376953125
11702,8519.1845703125
11703,8192.43359375
11704,9077.775390625
11705,7994.15234375
11706,8064.51513671875
11707,6382.724609375
11708,5446.17578125
11709,5378.6962890625
11710,4731.37744140625
11711,5356.1171875
11712,8941.6064453125
11713,17793.31640625
11714,6871.71826171875
11715,5064.74951171875
11716,8298.5859375
11717,5392.0859375
11718,7588.16015625
11719,4424.4560546875
11720,9499.7783203125
11721,7115.306640625
11722,7172.1181640625
11723,13570.8916015625
11724,13129.1259765625
11725,7451.97998046875
11726,7410.1640625
11727,3703.215087890625
11728,4979.8359375
11729,5472.68359375
11730,9163.77734375
11731,6278.546875
11732,5313.06005859375
11733,5408.93017578125
11734,6379.7080078125
11735,7750.68115234375
11736,7507.27001953125
11737,4479.541015625
11738,7972.6357421875
11739,8457.1513671875
11740,8596.396484375
11741,6028.51708984375
11742,4601.36669921875
11743,7582.6552734375
11744,5091.83154296875
11745,10173.884765625
11746,5090.95263671875
11747,5420.93994140625
11748,7528.98095703125
11749,7386.6318359375
11750,5428.1787109375
11751,7477.40673828125
11752,7784.93017578125
11753,10129.9658203125
11754,10552.318359375
11755,6435.66455078125
11756,3755.980224609375
11757,5691.48046875
11758,6848.65234375
11759,4821.01171875
11760,6910.271484375
11761,6354.6005859375
11762,12289.8251953125
11763,8345.6611328125
11764,6681.09765625
11765,7588.849609375
11766,5651.671875
11767,9390.7197265625
11768,5545.767578125
11769,11782.380859375
11770,7126.5908203125
11771,5676.224609375
11772,5601.06640625
11773,4637.93310546875
11774,7455.6201171875
11775,22108.884765625
11776,4328.05615234375
11777,5910.99609375
11778,10218.279296875
11779,6740.9765625
11780,7182.34228515625
11781,8885.9970703125
11782,6494.1552734375
11783,6222.37841796875
11784,4209.5859375
11785,10512.263671875
11786,5946.18359375
11787,7359.431640625
11788,9056.1484375
11789,5069.0595703125
11790,7809.5888671875
11791,6582.01123046875
11792,4157.2685546875
11793,9314.759765625
11794,9741.6484375
11795,4707.95458984375
11796,8439.7265625
11797,7853.73486328125
11798,5162.416015625
11799,10828.1669921875
11800,7563.94775390625
11801,8553.962890625
11802,5149.814453125
11803,6722.02294921875
11804,6521.337890625
11805,3988.7978515625
11806,8365.81640625
11807,4655.74169921875
11808,6649.65283203125
11809,5417.85791015625
11810,6990.7080078125
11811,5988.9609375
11812,7234.14208984375
11813,6914.279296875
11814,8442.90625
11815,6586.5634765625
11816,7520.11474609375
11817,6047.880859375
11818,9924.5458984375
11819,10274.193359375
11820,8314.6328125
11821,5022.3232421875
11822,6356.3388671875
11823,7427.61962890625
11824,3896.031494140625
11825,12508.6103515625
11826,5950.25390625
11827,8369.8173828125
11828,10766.2421875
11829,6358.15087890625
11830,4425.05517578125
11831,12786.3916015625
11832,10416.24609375
11833,5788.28466796875
11834,9586.2275390625
11835,9557.525390625
11836,7712.5361328125
11837,7997.65185546875
11838,8574.41015625
11839,5752.98291015625
11840,5509.29052734375
11841,8541.162109375
11842,5116.35595703125
11843,8584.201171875
11844,7938.4462890625
11845,6474.20947265625
11846,8840.033203125
11847,6246.09765625
11848,6613.51318359375
11849,4192.96337890625
11850,7977.72216796875
11851,7564.509765625
11852,7245.96240234375
11853,6241.0693359375
11854,8059.7763671875
11855,9557.59375
11856,6518.5712890625
11857,5424.05517578125
11858,7059.5625
11859,7486.4658203125
11860,6485.16748046875
11861,4341.54052734375
11862,4224.544921875
11863,7814.24267578125
11864,8305.115234375
11865,6224.02001953125
11866,8501.2080078125
11867,7112.4814453125
11868,7128.283203125
11869,5568.32177734375
11870,2757.622802734375
11871,7818.3115234375
11872,7501.806640625
11873,7303.35400390625
11874,9648.59375
11875,8573.4833984375
11876,4859.7314453125
11877,8527.025390625
11878,3819.236572265625
11879,2506.528564453125
11880,7994.3974609375
11881,8633.1435546875
11882,8238.28125
11883,7744.79736328125
11884,4868.29296875
11885,7185.55517578125
11886,9398.328125
11887,6368.67822265625
11888,5988.62548828125
11889,5821.39208984375
11890,6129.939453125
11891,5692.685546875
11892,6049.13134765625
11893,6048.49609375
11894,6215.63623046875
11895,5223.00048828125
11896,4477.6083984375
11897,6709.36767578125
11898,7533.591796875
11899,6036.85546875
11900,6476.96142578125
11901,8036.314453125
11902,5929.87060546875
11903,5876.31494140625
11904,9447.01953125
11905,7569.98681640625
11906,5601.2392578125
11907,3897.396728515625
11908,11222.5810546875
11909,6596.45703125
11910,6117.02685546875
11911,8422.0673828125
11912,6580.4111328125
11913,7467.53857421875
11914,6746.37255859375
11915,6890.2373046875
11916,9395.6884765625
11917,12385.451171875
11918,4979.0
11919,4883.37060546875
11920,6321.37060546875
11921,6187.47021484375
11922,6662.482421875
11923,7972.43896484375
11924,9289.5556640625
11925,6098.32080078125
11926,4148.11376953125
11927,6368.41943359375
11928,9235.791015625
11929,5587.2509765625
11930,7950.31494140625
11931,3911.090576171875
11932,8294.046875
11933,7254.46435546875
11934,7626.755859375
11935,8257.716796875
11936,6967.72509765625
11937,5430.9755859375
11938,7437.51318359375
11939,8640.2548828125
11940,8941.6064453125
11941,7819.51220703125
11942,8927.69140625
11943,6910.11962890625
11944,4872.73095703125
11945,10353.04296875
11946,4518.2333984375
11947,9888.5869140625
11948,5484.3525390625
11949,5342.24658203125
11950,6455.626953125
11951,5529.62451171875
11952,8173.6552734375
11953,7862.99853515625
11954,4867.4306640625
11955,5681.83642578125
11956,8371.5009765625
11957,8979.2744140625
11958,10065.94140625
11959,6653.0263671875
11960,5889.8720703125
11961,6089.734375
11962,7370.2978515625
11963,6291.62744140625
11964,11108.0478515625
11965,9551.2431640625
11966,12960.26171875
11967,4913.173828125
11968,6853.12939453125
11969,10587.8662109375
11970,8240.6279296875
11971,6004.78515625
11972,10405.791015625
11973,5770.68115234375
11974,7079.85595703125
11975,6453.18408203125
11976,5937.951171875
11977,4740.494140625
11978,5324.265625
11979,4985.05322265625
11980,5013.5947265625
11981,8596.96484375
11982,7118.22314453125
11983,22870.408203125
11984,8500.2958984375
11985,4884.45263671875
11986,8646.919921875
11987,10294.837890625
11988,7921.85546875
11989,8123.33837890625
11990,6461.52978515625
11991,7993.85400390625
11992,8178.72119140625
11993,5466.23095703125
11994,5742.79931640625
11995,7340.57177734375
11996,8112.18505859375
11997,7649.8037109375
11998,9154.8720703125
11999,5189.12158203125
12000,4595.29541015625
12001,8210.6982421875
12002,10519.6259765625
12003,12139.20703125
12004,9944.6357421875
12005,8523.7978515625
12006,5301.431640625
12007,6404.7451171875
12008,3508.668701171875
12009,8698.8974609375
12010,10936.5625
12011,9362.7373046875
12012,6376.8212890625
12013,6202.78369140625
12014,3865.0576171875
12015,5163.017578125
12016,10897.9462890625
12017,6607.818359375
12018,6350.52099609375
12019,5281.4814453125
12020,8255.72265625
12021,4168.501953125
12022,8474.9951171875
12023,4813.802734375
12024,6866.1103515625
12025,7205.75341796875
12026,6223.9638671875
12027,8148.6123046875
12028,6620.88427734375
12029,4289.10693359375
12030,7293.3193359375
12031,7472.3291015625
12032,12229.845703125
12033,6232.4033203125
12034,8502.7431640625
12035,7955.49658203125
12036,10653.03125
12037,6934.974609375
12038,9985.146484375
12039,4512.1962890625
12040,5319.09619140625
12041,6682.52978515625
12042,6271.7119140625
12043,9546.5009765625
12044,8536.2939453125
12045,5797.80712890625
12046,8263.8154296875
12047,6747.63427734375
12048,11308.462890625
12049,4279.7255859375
12050,14091.7158203125
12051,5657.419921875
12052,5493.93798828125
12053,9198.18359375
12054,4827.39453125
12055,6559.16552734375
12056,7475.34130859375
12057,8359.3486328125
12058,7506.77197265625
12059,5801.21533203125
12060,7902.51708984375
12061,8170.16259765625
12062,7562.24267578125
12063,5009.00830078125
12064,7926.1640625
12065,12661.3701171875
12066,7683.8984375
12067,6172.63427734375
12068,7359.2568359375
12069,6415.50830078125
12070,5733.47412109375
12071,7623.998046875
12072,4349.43017578125
12073,8617.728515625
12074,6692.19189453125
12075,7115.52490234375
12076,8630.5556640625
12077,4797.6826171875
12078,6534.4599609375
12079,4394.7685546875
12080,9206.6845703125
12081,8833.9072265625
12082,5148.74072265625
12083,4984.203125
12084,7175.5966796875
12085,6023.63134765625
12086,6037.46923828125
12087,7869.24951171875
12088,6798.728515625
12089,8116.091796875
12090,5884.8857421875
12091,5117.95166015625
12092,6712.2109375
12093,9079.72265625
12094,8470.48828125
12095,8998.1611328125
12096,8864.8271484375
12097,5873.7919921875
12098,9533.3701171875
12099,6239.6572265625
12100,7659.0205078125
12101,10578.484375
12102,6520.10107421875
12103,10671.3603515625
12104,8685.0859375
12105,8444.955078125
12106,6618.29345703125
12107,7775.13671875
12108,8208.009765625
12109,5987.2978515625
12110,3585.913330078125
12111,6971.568359375
12112,8279.3193359375
12113,6493.8466796875
12114,5476.28662109375
12115,9410.630859375
12116,6421.78369140625
12117,6211.77197265625
12118,6847.74462890625
12119,6016.5185546875
12120,8043.58740234375
12121,7994.421875
12122,7176.46728515625
12123,5492.927734375
12124,6431.517578125
12125,6934.80029296875
12126,3970.39453125
12127,7260.09814453125
12128,6144.15087890625
12129,9300.197265625
12130,7717.80810546875
12131,7208.8154296875
12132,11107.9931640625
12133,5614.63671875
12134,5550.4375
12135,11600.38671875
12136,7207.5439453125
12137,8961.33203125
12138,8152.28466796875
12139,6487.0576171875
12140,6379.828125
12141,5811.5361328125
12142,8537.29296875
12143,13008.87890625
12144,6768.12939453125
12145,3192.032958984375
12146,5280.7978515625
12147,8180.48193359375
12148,8566.44921875
12149,6530.40869140625
12150,7485.671875
12151,6086.67236328125
12152,4734.22802734375
12153,3884.441162109375
12154,6065.2685546875
12155,6912.06298828125
12156,7521.3212890625
12157,7094.8955078125
12158,7750.974609375
12159,8432.69140625
12160,11154.3310546875
12161,8709.1162109375
12162,4831.4521484375
12163,10171.8447265625
12164,11696.3134765625
12165,6017.73779296875
12166,7904.1328125
12167,6004.80224609375
12168,7148.41943359375
12169,4218.3330078125
12170,8069.44091796875
12171,5709.9462890625
12172,9086.326171875
12173,7686.1884765625
12174,9282.71484375
12175,8835.0791015625
12176,6427.01513671875
12177,8715.2578125
12178,20210.580078125
12179,11345.90625
12180,6688.3876953125
12181,2681.01025390625
12182,6874.708984375
12183,9369.552734375
12184,6383.4736328125
12185,13165.0966796875
12186,20714.560546875
12187,6216.92333984375
12188,6172.708984375
12189,10820.2568359375
12190,6092.8447265625
12191,8305.296875
12192,7490.8759765625
12193,8544.2255859375
12194,5436.0986328125
12195,6684.99267578125
12196,6510.865234375
12197,8643.861328125
12198,9907.4033203125
12199,6973.6484375
12200,6681.435546875
12201,7325.8212890625
12202,5492.72412109375
12203,5135.650390625
12204,8296.0087890625
12205,5978.86962890625
12206,6190.72607421875
12207,7792.81689453125
12208,6155.2744140625
12209,5707.390625
12210,7951.42578125
12211,7596.36962890625
12212,8903.6279296875
12213,8438.59765625
12214,7413.3935546875
12215,6068.47021484375
12216,3262.972900390625
12217,7818.294921875
12218,6933.275390625
12219,6646.53466796875
12220,5073.28515625
12221,8412.84375
12222,8102.810546875
12223,11389.001953125
12224,7361.82373046875
12225,6156.18310546875
12226,5755.6962890625
12227,5939.13720703125
12228,11020.470703125
12229,5206.3359375
12230,7306.07568359375
12231,16877.2265625
12232,6959.529296875
12233,7399.69140625
12234,6048.138671875
12235,5167.1005859375
12236,7640.9189453125
12237,4359.5419921875
12238,5460.744140625
12239,12162.9130859375
12240,5556.05615234375
12241,15998.1396484375
12242,14843.8681640625
12243,6052.06005859375
12244,6741.5634765625
12245,5921.068359375
12246,7684.177734375
12247,6404.89208984375
12248,11742.025390625
12249,7971.75634765625
12250,10687.45703125
12251,5706.375
12252,8291.8193359375
12253,6514.56982421875
12254,8580.1572265625
12255,7278.33056640625
12256,6881.44677734375
12257,7263.23193359375
12258,6811.7275390625
12259,9242.732421875
12260,11028.1591796875
12261,6532.88037109375
12262,11146.64453125
12263,7205.03369140625
12264,10518.75390625
12265,5865.2060546875
12266,5272.18359375
12267,6225.89453125
12268,10842.787109375
12269,7105.271484375
12270,8776.8466796875
12271,7893.9912109375
12272,9385.072265625
12273,4615.35888671875
12274,9195.0556640625
12275,7618.04150390625
12276,4698.9296875
12277,11699.236328125
12278,19126.283203125
12279,7587.470703125
12280,7086.59521484375
12281,9973.1376953125
12282,11668.794921875
12283,12598.6484375
12284,5917.9853515625
12285,8646.3984375
12286,6441.1767578125
12287,9379.25390625
12288,4711.49609375
12289,5989.03076171875
12290,5731.3154296875
12291,6113.50048828125
12292,8059.07373046875
12293,5700.935546875
12294,5420.79833984375
12295,7827.93798828125
12296,4038.161376953125
12297,4872.1337890625
12298,6225.00146484375
12299,7604.75732421875
12300,10626.3046875
12301,8760.82421875
12302,8274.5634765625
12303,6707.490234375
12304,7214.34228515625
12305,10367.26171875
12306,7605.32421875
12307,6239.34423828125
12308,5151.818359375
12309,8833.5625
12310,4930.16259765625
12311,7870.78076171875
12312,3957.194580078125
12313,5461.9580078125
12314,8264.87890625
12315,7337.17919921875
12316,6533.5107421875
12317,9509.28515625
12318,10914.6015625
12319,12637.1357421875
12320,6995.4130859375
12321,10719.427734375
12322,3272.501953125
12323,4551.30712890625
12324,6815.82421875
12325,4960.07373046875
12326,8414.685546875
12327,5770.0322265625
12328,6227.994140625
12329,9547.947265625
12330,10012.1484375
12331,10957.9580078125
12332,5150.97998046875
12333,5797.109375
12334,10545.13671875
12335,8007.29296875
12336,6578.79150390625
12337,5329.39990234375
12338,7054.58056640625
12339,10427.3603515625
12340,4575.2763671875
12341,6759.8525390625
12342,8980.962890625
12343,8867.6982421875
12344,13580.7861328125
12345,6478.06787109375
12346,15923.369140625
12347,6585.40625
12348,5878.37451171875
12349,3829.812744140625
12350,6255.5849609375
12351,6416.01708984375
12352,6146.810546875
12353,8120.9345703125
12354,5078.615234375
12355,5031.2646484375
12356,7090.0302734375
12357,5687.888671875
12358,7198.43896484375
12359,7373.90185546875
12360,8345.568359375
12361,8990.9072265625
12362,5341.1015625
12363,9496.662109375
12364,6251.8740234375
12365,6122.521484375
12366,5904.322265625
12367,5093.53369140625
12368,10026.90234375
12369,7195.5693359375
12370,5650.9501953125
12371,8001.2197265625
12372,9198.6953125
12373,8157.40576171875
12374,5167.25830078125
12375,9514.85546875
12376,6619.419921875
12377,6699.87353515625
12378,6341.60400390625
12379,9377.224609375
12380,6639.5947265625
12381,6502.1357421875
12382,5038.67529296875
12383,5755.13720703125
12384,4644.150390625
12385,6234.34228515625
12386,6875.29541015625
12387,10311.6630859375
12388,10884.396484375
12389,12314.9228515625
12390,9736.8046875
12391,6551.8388671875
12392,5360.76318359375
12393,11412.0751953125
12394,11286.341796875
12395,6174.84814453125
12396,9557.2548828125
12397,9004.7158203125
12398,5756.78466796875
12399,4568.07763671875
12400,8628.2001953125
12401,6702.86865234375
12402,7336.87255859375
12403,6296.08740234375
12404,3177.863525390625
12405,13515.908203125
12406,5831.787109375
12407,8266.9443359375
12408,5206.6484375
12409,5653.0380859375
12410,7856.39453125
12411,7077.1123046875
12412,7286.74072265625
12413,5339.03466796875
12414,5459.62841796875
12415,4557.306640625
12416,4748.83544921875
12417,7578.01123046875
12418,18382.5546875
12419,5766.64453125
12420,6278.37841796875
12421,7181.7265625
12422,5577.08056640625
12423,5604.34130859375
12424,5163.283203125
12425,4812.40576171875
12426,7944.7705078125
12427,6979.77978515625
12428,3253.40283203125
12429,9047.9501953125
12430,5883.58837890625
12431,4971.24658203125
12432,10419.0810546875
12433,8289.97265625
12434,10386.810546875
12435,5740.12744140625
12436,7758.43798828125
12437,4784.2744140625
12438,6356.97705078125
12439,14577.80859375
12440,10244.8896484375
12441,7559.55078125
12442,5952.60986328125
12443,5257.208984375
12444,5903.5224609375
12445,6089.0791015625
12446,11959.73828125
12447,5625.95703125
12448,6136.39990234375
12449,8326.283203125
12450,4637.3271484375
12451,6452.681640625
12452,7120.6298828125
12453,7749.47314453125
12454,6934.19482421875
12455,5380.32861328125
12456,5545.76611328125
12457,5369.48291015625
12458,9123.3017578125
12459,8915.4716796875
12460,8071.53466796875
12461,3763.436279296875
12462,7565.29443359375
12463,6449.68310546875
12464,5844.81005859375
12465,7222.20263671875
12466,7868.7841796875
12467,7161.2421875
12468,6605.77490234375
12469,7020.01953125
12470,7333.02685546875
12471,6494.888671875
12472,7587.53271484375
12473,6606.06005859375
12474,5610.8095703125
12475,10019.3466796875
12476,6753.11376953125
12477,5836.00048828125
12478,13069.3408203125
12479,5324.1416015625
12480,4297.08544921875
12481,7904.287109375
12482,10119.66796875
12483,11974.8916015625
12484,5331.89453125
12485,6960.72021484375
12486,6246.31201171875
12487,7869.548828125
12488,6713.7294921875
12489,8842.544921875
12490,3816.578369140625
12491,7660.99853515625
12492,6926.55908203125
12493,5676.2529296875
12494,5685.6591796875
12495,7400.23291015625
12496,9193.666015625
12497,5981.6376953125
12498,9093.3505859375
12499,7784.69384765625
12500,9588.814453125
12501,6436.18994140625
12502,6426.5751953125
12503,7074.302734375
12504,9314.232421875
12505,9127.8017578125
12506,5554.5908203125
12507,9689.732421875
12508,8137.5
12509,8221.2197265625
12510,4905.427734375
12511,4615.18017578125
12512,8777.099609375
12513,6411.28369140625
12514,9407.154296875
12515,7433.1142578125
12516,6133.720703125
12517,7601.05908203125
12518,7704.05908203125
12519,7061.2939453125
12520,8220.0341796875
12521,6943.35546875
12522,10035.68359375
12523,10785.7294921875
12524,8335.73046875
12525,4701.767578125
12526,6066.11376953125
12527,3921.80859375
12528,3897.347412109375
12529,9023.1494140625
12530,6126.9716796875
12531,9428.7822265625
12532,4642.86669921875
12533,5683.57275390625
12534,4949.10986328125
12535,9629.2451171875
12536,5849.77685546875
12537,5004.83056640625
12538,6337.14892578125
12539,7700.66552734375
12540,5189.6865234375
12541,8074.40478515625
12542,7859.958984375
12543,9118.5263671875
12544,8516.4609375
12545,7507.01416015625
12546,6723.7900390625
12547,5383.18017578125
12548,5473.81103515625
12549,10769.8720703125
12550,10033.3818359375
12551,8448.3740234375
12552,16221.5400390625
12553,6227.248046875
12554,5289.3701171875
12555,6608.76416015625
12556,8989.732421875
12557,9739.767578125
12558,8155.8291015625
12559,9298.9638671875
12560,9236.4365234375
12561,8068.90869140625
12562,7104.0966796875
12563,6016.42529296875
12564,5328.951171875
12565,5322.77587890625
12566,5118.89697265625
12567,5767.9697265625
12568,9356.078125
12569,17072.98046875
12570,6987.8193359375
12571,5370.4365234375
12572,7736.9521484375
12573,4611.40234375
12574,7343.794921875
12575,4607.94287109375
12576,9373.76953125
12577,7571.52099609375
12578,7141.51220703125
12579,14166.4951171875
12580,12571.130859375
12581,8089.6494140625
12582,7383.49267578125
12583,4401.16845703125
12584,5395.16748046875
12585,6581.5458984375
12586,8459.5302734375
12587,5567.51220703125
12588,4839.7841796875
12589,5780.26123046875
12590,5757.44189453125
12591,7340.11669921875
12592,7518.7177734375
12593,4770.4326171875
12594,7812.25634765625
12595,8517.2119140625
12596,9914.4033203125
12597,6305.08056640625
12598,4739.59423828125
12599,7881.00244140625
12600,5513.31689453125
12601,10315.1943359375
12602,5326.64208984375
12603,5824.583984375
12604,7777.01953125
12605,7440.9619140625
12606,5575.89453125
12607,8099.8173828125
12608,7917.36962890625
12609,9594.837890625
12610,10772.1796875
12611,6718.470703125
12612,4640.73486328125
12613,6048.44482421875
12614,6476.083984375
12615,5336.8720703125
12616,6969.0302734375
12617,7054.82470703125
12618,11631.2607421875
12619,8735.5615234375
12620,6776.240234375
12621,8264.685546875
12622,6236.19921875
12623,9539.9873046875
12624,6043.23388671875
12625,14227.46875
12626,6467.34228515625
12627,5862.13671875
12628,5864.9619140625
12629,4829.37646484375
12630,8444.265625
12631,19773.47265625
12632,4756.1337890625
12633,5385.943359375
12634,9374.2236328125
12635,6230.0537109375
12636,7134.48486328125
12637,8583.7490234375
12638,6821.5537109375
12639,5819.978515625
12640,4295.181640625
12641,10399.7802734375
12642,5922.65478515625
12643,8040.43359375
12644,8984.435546875
12645,5330.43017578125
12646,7611.474609375
12647,6635.037109375
12648,4379.396484375
12649,9293.953125
12650,9142.9013671875
12651,4336.84375
12652,8782.4931640625
12653,7187.5771484375
12654,5452.57763671875
12655,10194.8896484375
12656,7985.328125
12657,8599.38671875
12658,5628.6357421875
12659,6816.708984375
12660,6952.5380859375
12661,4435.92578125
12662,8582.3359375
12663,4359.19384765625
12664,6663.88134765625
12665,5449.8125
12666,6877.25048828125
12667,6645.6171875
12668,7472.4892578125
12669,6906.01025390625
12670,7700.13671875
12671,6178.88720703125
12672,7326.50830078125
12673,6674.521484375
12674,9128.9873046875
12675,10107.4580078125
12676,8634.1474609375
12677,4120.58203125
12678,5945.43408203125
12679,8146.06494140625
12680,4266.3642578125
12681,11589.23828125
12682,5595.93212890625
12683,8736.8125
12684,10637.0400390625
12685,7075.33642578125
12686,3636.155517578125
12687,12198.4443359375
12688,10513.953125
12689,5937.7177734375
12690,10031.826171875
12691,10246.216796875
12692,6857.73779296875
12693,7763.61328125
12694,8159.203125
12695,5850.6259765625
12696,5311.83740234375
12697,8210.1337890625
12698,5525.66943359375
12699,6734.4697265625
12700,7358.61962890625
12701,7113.876953125
12702,8734.6826171875
12703,6901.91015625
12704,7019.865234375
12705,5233.619140625
12706,7679.51220703125
12707,7170.5751953125
12708,7372.703125
12709,6936.39404296875
12710,7681.2685546875
12711,10113.7900390625
12712,6137.74462890625
12713,4961.44580078125
12714,6680.90380859375
12715,7669.869140625
12716,6392.2314453125
12717,4669.03076171875
12718,4674.23095703125
12719,7205.470703125
12720,7726.41064453125
12721,5953.8681640625
12722,8510.525390625
12723,7152.82666015625
12724,7435.29931640625
12725,5265.92578125
12726,3673.568603515625
12727,7576.00244140625
12728,7190.5009765625
12729,7506.13134765625
12730,9795.5634765625
12731,9389.107421875
12732,5069.47705078125
12733,9128.9765625
12734,3897.471923828125
12735,2957.920654296875
12736,7976.4228515625
12737,9199.98046875
12738,8514.0087890625
12739,7940.9541015625
12740,4494.95068359375
12741,7405.11328125
12742,9967.3037109375
12743,6433.09375
12744,5892.36865234375
12745,5727.2412109375
12746,6327.3720703125
12747,5336.82666015625
12748,6046.21044921875
12749,5766.51123046875
12750,5887.7763671875
12751,4889.16064453125
12752,4404.5771484375
12753,6597.125
12754,6991.03125
12755,5327.16845703125
12756,6412.08935546875
12757,7844.17822265625
12758,6669.443359375
12759,5792.4921875
12760,8808.17578125
12761,8332.837890625
12762,5536.388671875
12763,4144.25341796875
12764,10442.328125
12765,6996.5380859375
12766,6235.28369140625
12767,7559.650390625
12768,6694.1826171875
12769,8457.916015625
12770,6953.23291015625
12771,7334.5361328125
12772,7784.16796875
12773,13314.2255859375
12774,4687.080078125
12775,5305.37890625
12776,5580.84033203125
12777,7192.29296875
12778,6644.798828125
12779,7493.07373046875
12780,9807.060546875
12781,6309.78662109375
12782,4749.3125
12783,6140.65576171875
12784,10258.595703125
12785,5317.02587890625
12786,8110.4267578125
12787,4199.17333984375
12788,8151.64208984375
12789,7774.490234375
12790,7625.5341796875
12791,8848.654296875
12792,6855.466796875
12793,4757.04052734375
12794,7845.2666015625
12795,7736.30224609375
12796,9255.4130859375
12797,7672.06884765625
12798,8900.416015625
12799,7157.27978515625
12800,4910.1298828125
12801,10620.7470703125
12802,4882.8232421875
12803,10164.2158203125
12804,5894.3740234375
12805,4780.44775390625
12806,7473.94140625
12807,6125.78564453125
12808,7962.40869140625
12809,8052.400390625
12810,5465.908203125
12811,4846.8525390625
12812,8207.75
12813,8774.12890625
12814,9519.380859375
12815,5783.65478515625
12816,6218.84619140625
12817,6622.67236328125
12818,7670.3095703125
12819,6008.71044921875
12820,10595.94921875
12821,9473.9033203125
12822,11579.126953125
12823,4443.44677734375
12824,6694.43359375
12825,10442.57421875
12826,8897.7451171875
12827,6019.01806640625
12828,10180.078125
12829,5910.03857421875
12830,6617.34423828125
12831,5972.9111328125
12832,6074.60302734375
12833,5089.15185546875
12834,5577.61083984375
12835,5050.53857421875
12836,4871.66845703125
12837,8536.865234375
12838,7587.20361328125
12839,23402.798828125
12840,7562.67626953125
12841,5744.81005859375
12842,9306.689453125
12843,10920.9482421875
12844,7462.97802734375
12845,9210.3427734375
12846,5686.5302734375
12847,9819.087890625
12848,9088.0537109375
12849,5761.21826171875
12850,5334.3662109375
12851,7564.89208984375
12852,8602.5068359375
12853,7399.88232421875
12854,8122.984375
12855,5309.8671875
12856,3759.04150390625
12857,7542.55859375
12858,11473.87890625
12859,12552.5107421875
12860,10882.68359375
12861,9450.62109375
12862,5258.5908203125
12863,6996.994140625
12864,4047.16796875
12865,9597.39453125
12866,11103.7890625
12867,9442.365234375
12868,6718.09228515625
12869,7450.7197265625
12870,4455.05615234375
12871,4640.80419921875
12872,11807.19921875
12873,6986.31396484375
12874,5869.64404296875
12875,5545.8427734375
12876,8892.1572265625
12877,4051.184814453125
12878,8479.0791015625
12879,4969.8896484375
12880,7336.927734375
12881,8725.1279296875
12882,7200.6279296875
12883,8434.72265625
12884,7049.451171875
12885,5448.80419921875
12886,7706.04248046875
12887,8310.3427734375
12888,12020.525390625
12889,6234.3701171875
12890,9363.541015625
12891,9108.068359375
12892,11098.2861328125
12893,7737.7607421875
12894,10622.8720703125
12895,5431.3154296875
12896,5842.16552734375
12897,7188.93359375
12898,6808.0498046875
12899,10284.2626953125
12900,8407.2265625
12901,5948.87060546875
12902,7760.55908203125
12903,6658.28271484375
12904,10869.58203125
12905,4472.46435546875
12906,16812.662109375
12907,5862.82763671875
12908,5623.36376953125
12909,10123.849609375
12910,5353.61767578125
12911,7479.02099609375
12912,7346.615234375
12913,9128.2880859375
12914,8305.3369140625
12915,5976.4638671875
12916,8122.29541015625
12917,8681.423828125
12918,8464.24609375
12919,4757.775390625
12920,8019.626953125
12921,13436.189453125
12922,8619.1962890625
12923,6912.154296875
12924,7692.85107421875
12925,6786.86865234375
12926,5339.95947265625
12927,7605.34716796875
12928,4712.6826171875
12929,9003.1728515625
12930,7947.109375
12931,6887.02685546875
12932,9872.45703125
12933,5377.14990234375
12934,6686.88427734375
12935,5282.26708984375
12936,9479.353515625
12937,9057.45703125
12938,5369.27197265625
12939,4969.27734375
12940,7709.5283203125
12941,5989.55859375
12942,6303.990234375
12943,7289.3916015625
12944,6700.27392578125
12945,8464.744140625
12946,5817.02734375
12947,5407.27880859375
12948,7268.20703125
12949,9601.607421875
12950,9130.41015625
12951,9265.958984375
12952,10020.33203125
12953,6045.0830078125
12954,10099.794921875
12955,7427.486328125
12956,8454.103515625
12957,11148.677734375
12958,7077.658203125
12959,11942.8720703125
12960,10493.052734375
12961,8628.1865234375
12962,6910.4296875
12963,8813.841796875
12964,8421.0556640625
12965,6569.00634765625
12966,4919.70849609375
12967,7363.603515625
12968,9478.208984375
12969,6892.06689453125
12970,5663.27490234375
12971,10136.509765625
12972,7153.439453125
12973,6285.84619140625
12974,7030.68798828125
12975,6633.87548828125
12976,9573.2998046875
12977,8587.7568359375
12978,7287.0771484375
12979,5788.91162109375
12980,8233.8046875
12981,7738.42822265625
12982,4397.2587890625
12983,7671.02294921875
12984,5980.71826171875
12985,10032.6689453125
12986,7767.7734375
12987,6800.09814453125
12988,10941.1787109375
12989,6868.56591796875
12990,6021.45751953125
12991,12379.0166015625
12992,8348.623046875
12993,8928.6455078125
12994,9232.103515625
12995,5708.03369140625
12996,6187.55322265625
12997,5463.447265625
12998,8622.2451171875
12999,14138.3544921875
13000,6569.7451171875
13001,3161.876953125
13002,6458.25732421875
13003,8835.998046875
13004,8706.5078125
13005,7259.68505859375
13006,8059.9287109375
13007,5811.21533203125
13008,5565.984375
13009,4230.26416015625
13010,6796.62841796875
13011,7629.17919921875
13012,7848.61328125
13013,8036.77978515625
13014,8689.07421875
13015,9173.8642578125
13016,11783.7109375
13017,9853.57421875
13018,6215.98974609375
13019,10884.9638671875
13020,14140.111328125
13021,6017.2685546875
13022,9003.1875
13023,6918.88525390625
13024,8543.3447265625
13025,4555.27734375
13026,9030.546875
13027,6077.5224609375
13028,10180.55078125
13029,8270.8037109375
13030,10134.3935546875
13031,9331.34375
13032,6439.01318359375
13033,9366.9609375
13034,21514.95703125
13035,12275.0146484375
13036,7635.0400390625
13037,3416.18798828125
13038,7875.318359375
13039,9829.623046875
13040,5684.18408203125
13041,12571.5732421875
13042,20810.43359375
13043,6289.27587890625
13044,6808.01904296875
13045,9298.5908203125
13046,6924.16748046875
13047,10123.123046875
13048,7995.9853515625
13049,9436.9052734375
13050,5680.7578125
13051,7399.158203125
13052,7386.21630859375
13053,9180.048828125
13054,10589.986328125
13055,6080.447265625
13056,7222.56591796875
13057,7560.55908203125
13058,5643.6103515625
13059,5800.44287109375
13060,9269.1630859375
13061,6158.9599609375
13062,6483.26171875
13063,9113.8359375
13064,6735.06640625
13065,6816.54248046875
13066,7629.93212890625
13067,8247.2978515625
13068,8835.095703125
13069,9621.6318359375
13070,7777.0439453125
13071,7035.02001953125
13072,4046.166748046875
13073,7712.3984375
13074,7287.5732421875
13075,7087.04736328125
13076,5026.748046875
13077,8822.994140625
13078,8397.9130859375
13079,11489.6904296875
13080,8336.1162109375
13081,6125.93798828125
13082,5945.93505859375
13083,6731.318359375
13084,11738.76171875
13085,5511.3310546875
13086,7826.03369140625
13087,18094.2890625
13088,7160.60302734375
13089,6257.44287109375
13090,5885.92138671875
13091,5590.67822265625
13092,7014.44775390625
13093,4205.60986328125
13094,6335.33642578125
13095,12551.6962890625
13096,6240.5283203125
13097,17965.900390625
13098,16110.4482421875
13099,5866.119140625
13100,7376.96533203125
13101,6049.73828125
13102,8497.9345703125
13103,6950.00341796875
13104,12175.3515625
13105,7156.1572265625
13106,10931.01953125
13107,5365.91748046875
13108,9010.75390625
13109,6756.43310546875
13110,9494.7646484375
13111,7013.056640625
13112,6966.8486328125
13113,7240.1650390625
13114,7498.51025390625
13115,9678.76953125
13116,11445.7685546875
13117,6420.49072265625
13118,12567.943359375
13119,7521.84521484375
13120,11789.703125
13121,5735.24755859375
13122,5913.55029296875
13123,6909.98876953125
13124,12409.2333984375
13125,7371.61865234375
13126,8117.9599609375
13127,7959.4873046875
13128,10591.1337890625
13129,5320.71630859375
13130,9872.0361328125
13131,8037.29443359375
13132,4661.18310546875
13133,12708.3994140625
13134,18939.25390625
13135,8263.890625
13136,7513.48583984375
13137,10039.099609375
13138,12165.1279296875
13139,13671.38671875
13140,6022.84228515625
13141,9263.9326171875
13142,7262.67041015625
13143,9813.0146484375
13144,5284.01123046875
13145,6859.65478515625
13146,6281.89599609375
13147,6261.66015625
13148,8531.46875
13149,5921.36669921875
13150,5728.6142578125
13151,8177.2099609375
13152,4348.638671875
13153,5127.01953125
13154,6327.017578125
13155,8426.5
13156,11146.9423828125
13157,9479.171875
13158,8728.7939453125
13159,6586.3525390625
13160,7033.78515625
13161,11102.9560546875
13162,7762.060546875
13163,6394.9296875
13164,5367.81298828125
13165,9241.3203125
13166,5221.2099609375
13167,8356.8740234375
13168,3960.904052734375
13169,6280.29296875
13170,8494.453125
13171,7018.88037109375
13172,6445.291015625
13173,9858.59765625
13174,11442.8486328125
13175,13194.6494140625
13176,7615.0458984375
13177,9835.4033203125
13178,3895.318359375
13179,5473.07421875
13180,7585.912109375
13181,5153.32421875
13182,8945.0849609375
13183,6399.77685546875
13184,6897.87939453125
13185,10499.09375
13186,11588.5986328125
13187,9406.626953125
13188,5706.9345703125
13189,6216.685546875
13190,12640.3017578125
13191,9231.2626953125
13192,7253.29541015625
13193,5652.6611328125
13194,7664.55712890625
13195,11136.388671875
13196,5365.3447265625
13197,7302.50732421875
13198,9452.2451171875
13199,9922.119140625
13200,14027.8662109375
13201,6796.85986328125
13202,17842.880859375
13203,6539.90966796875
13204,6364.3447265625
13205,3736.3056640625
13206,7024.3212890625
13207,5938.03515625
13208,6521.072265625
13209,8561.767578125
13210,5444.98095703125
13211,5359.205078125
13212,7480.9296875
13213,5691.7275390625
13214,7444.40478515625
13215,7712.9853515625
13216,8172.98486328125
13217,9517.4833984375
13218,5438.078125
13219,10393.6865234375
13220,6613.49853515625
13221,6902.8564453125
13222,6635.67236328125
13223,6207.18310546875
13224,10972.396484375
13225,7868.4365234375
13226,6040.787109375
13227,9040.2255859375
13228,9398.890625
13229,8425.568359375
13230,5838.58544921875
13231,10623.9345703125
13232,6706.044921875
13233,7116.3955078125
13234,6694.482421875
13235,10016.1650390625
13236,6387.77685546875
13237,6839.423828125
13238,5481.49755859375
13239,6093.97802734375
13240,5421.47314453125
13241,5505.083984375
13242,6936.4306640625
13243,10984.80078125
13244,12476.1416015625
13245,12839.5078125
13246,10744.365234375
13247,7353.61181640625
13248,5732.27978515625
13249,12654.083984375
13250,12108.9677734375
13251,5848.63330078125
13252,9959.0244140625
13253,9813.86328125
13254,6262.41796875
13255,4795.18310546875
13256,8832.2861328125
13257,6587.49755859375
13258,8511.0576171875
13259,6323.2236328125
13260,3006.127685546875
13261,14947.505859375
13262,6131.609375
13263,8580.3798828125
13264,5047.05859375
13265,5552.81396484375
13266,8866.3623046875
13267,8189.654296875
13268,7645.58544921875
13269,6108.75341796875
13270,5007.34423828125
13271,5424.2939453125
13272,4297.61279296875
13273,8136.50390625
13274,19003.8515625
13275,5530.10205078125
13276,7024.59326171875
13277,8911.53125
13278,5811.6845703125
13279,5697.8828125
13280,5624.4951171875
13281,4918.95068359375
13282,7295.90185546875
13283,7278.1259765625
13284,3202.06494140625
13285,10021.7333984375
13286,5764.0556640625
13287,5324.1328125
13288,10831.1171875
13289,9423.9453125
13290,11312.146484375
13291,6263.509765625
13292,8083.29345703125
13293,4858.11328125
13294,7195.458984375
13295,17261.712890625
13296,10340.3837890625
13297,7194.40673828125
13298,6301.0009765625
13299,5333.79638671875
13300,6061.03515625
13301,5256.74609375
13302,11148.0830078125
13303,6627.1904296875
13304,6032.6806640625
13305,8684.6044921875
13306,4942.05322265625
13307,6472.39892578125
13308,7361.98193359375
13309,8386.109375
13310,6989.06494140625
13311,5508.65283203125
13312,5284.244140625
13313,5295.91796875
13314,9980.9404296875
13315,9378.4853515625
13316,8244.9873046875
13317,5161.3232421875
13318,8037.76123046875
13319,7178.5341796875
13320,6246.5830078125
13321,7896.70458984375
13322,8234.2158203125
13323,6876.0400390625
13324,7132.2216796875
13325,8062.32470703125
13326,7630.38671875
13327,6589.12451171875
13328,8050.96923828125
13329,7143.681640625
13330,6428.17578125
13331,10923.66796875
13332,7038.17626953125
13333,6088.625
13334,14859.365234375
13335,5295.9755859375
13336,4375.4140625
13337,9393.2392578125
13338,10259.8525390625
13339,14064.294921875
13340,5889.40283203125
13341,7126.40869140625
13342,6253.58642578125
13343,8460.4384765625
13344,6316.77294921875
13345,9350.578125
13346,4183.1171875
13347,8648.359375
13348,6863.2333984375
13349,6077.60791015625
13350,5621.36767578125
13351,8025.75439453125
13352,10442.8056640625
13353,5847.59521484375
13354,9904.98828125
13355,8181.68408203125
13356,10420.2763671875
13357,6478.67724609375
13358,7103.71484375
13359,7474.95849609375
13360,10126.5517578125
13361,10244.5888671875
13362,4391.48828125
13363,9599.388671875
13364,6466.19482421875
13365,8278.89453125
13366,5026.53564453125
13367,4656.927734375
13368,8945.6005859375
13369,6502.8037109375
13370,10718.798828125
13371,7250.28662109375
13372,6337.490234375
13373,7289.05810546875
13374,7734.38037109375
13375,7346.4033203125
13376,8223.900390625
13377,6992.28369140625
13378,10992.763671875
13379,11560.7587890625
13380,9090.185546875
13381,5553.62841796875
13382,6525.41650390625
13383,4052.037841796875
13384,3688.969970703125
13385,9415.3310546875
13386,6089.60107421875
13387,10885.28515625
13388,4615.6181640625
13389,5859.8525390625
13390,5403.29931640625
13391,11115.953125
13392,5825.78271484375
13393,5213.62548828125
13394,6965.47607421875
13395,8249.1337890625
13396,4919.95947265625
13397,9129.923828125
13398,8181.7138671875
13399,9810.9287109375
13400,9157.6044921875
13401,8146.8115234375
13402,6323.37451171875
13403,5859.900390625
13404,5075.09814453125
13405,13359.953125
13406,10976.912109375
13407,9037.2919921875
13408,16687.708984375
13409,6445.5615234375
13410,5135.03759765625
13411,7459.87158203125
13412,9675.0107421875
13413,10750.1181640625
13414,8875.4521484375
13415,10004.6953125
13416,10303.7060546875
13417,8069.91748046875
13418,7977.48974609375
13419,5568.8828125
13420,5607.1923828125
13421,4954.5595703125
13422,5537.98486328125
13423,6004.20556640625
13424,9322.9248046875
13425,18315.0234375
13426,7618.8798828125
13427,5539.65478515625
13428,9134.8291015625
13429,4586.71337890625
13430,7146.2041015625
13431,4114.2353515625
13432,9215.7685546875
13433,7623.76025390625
13434,7579.28857421875
13435,15583.6787109375
13436,13484.248046875
13437,8108.7451171875
13438,7845.49560546875
13439,4955.61376953125
13440,5686.27685546875
13441,7027.5234375
13442,8715.7607421875
13443,6683.92626953125
13444,4972.47998046875
13445,6042.49560546875
13446,6168.310546875
13447,7495.55224609375
13448,8036.814453125
13449,4251.49755859375
13450,7853.24072265625
13451,9387.4453125
13452,10911.1279296875
13453,6628.71630859375
13454,5065.24658203125
13455,8406.513671875
13456,5313.27197265625
13457,11716.623046875
13458,5746.41259765625
13459,5755.13916015625
13460,7988.7529296875
13461,6683.0595703125
13462,5498.16455078125
13463,7743.68359375
13464,8621.1162109375
13465,11013.544921875
13466,12479.7021484375
13467,7346.52392578125
13468,4362.8134765625
13469,6246.36865234375
13470,5989.33251953125
13471,6091.1240234375
13472,7304.9970703125
13473,7691.48388671875
13474,11969.201171875
13475,8931.45703125
13476,7311.1357421875
13477,9658.720703125
13478,5885.93359375
13479,10200.5498046875
13480,6174.216796875
13481,13889.37890625
13482,6494.64208984375
13483,5422.0927734375
13484,6465.79345703125
13485,5189.8408203125
13486,9090.486328125
13487,19636.802734375
13488,4784.69482421875
13489,5337.6044921875
13490,9654.345703125
13491,7226.00732421875
13492,8040.04736328125
13493,9585.7509765625
13494,6596.42724609375
13495,5794.3427734375
13496,4064.261474609375
13497,11510.1279296875
13498,6187.1474609375
13499,8404.7373046875
13500,8230.9365234375
13501,6580.63037109375
13502,8247.6337890625
13503,7224.2431640625
13504,4769.41064453125
13505,9908.8759765625
13506,9439.0
13507,4469.21484375
13508,9378.595703125
13509,7442.572265625
13510,6071.640625
13511,9792.7275390625
13512,7875.88330078125
13513,9171.845703125
13514,4949.22705078125
13515,7021.49853515625
13516,8661.990234375
13517,3180.786376953125
13518,8762.6591796875
13519,5349.90966796875
13520,7255.5400390625
13521,5547.84228515625
13522,7029.01416015625
13523,7056.4794921875
13524,8769.9970703125
13525,6679.8994140625
13526,7664.4638671875
13527,6385.8291015625
13528,8919.6005859375
13529,7556.451171875
13530,10332.435546875
13531,10471.1650390625
13532,8588.4833984375
13533,4493.14501953125
13534,5834.10546875
13535,8556.2001953125
13536,5627.0068359375
13537,11831.3330078125
13538,6038.63720703125
13539,8497.9345703125
13540,11806.009765625
13541,7275.01806640625
13542,4353.4794921875
13543,11923.375
13544,11900.001953125
13545,6841.9833984375
13546,10545.740234375
13547,10390.8720703125
13548,6728.00390625
13549,9056.9560546875
13550,8752.7626953125
13551,6073.21044921875
13552,5073.37451171875
13553,8474.16796875
13554,5347.96923828125
13555,7060.61181640625
13556,7700.2177734375
13557,7846.90283203125
13558,9662.2822265625
13559,7655.5732421875
13560,7287.85595703125
13561,5002.951171875
13562,8166.884765625
13563,8112.24169921875
13564,7635.25048828125
13565,7431.81103515625
13566,8067.30126953125
13567,9896.3837890625
13568,6877.056640625
13569,4752.9931640625
13570,6128.037109375
13571,8024.3212890625
13572,7467.4619140625
13573,5636.16748046875
13574,5169.41552734375
13575,8438.298828125
13576,7798.62744140625
13577,6016.7314453125
13578,8889.224609375
13579,7068.8583984375
13580,8000.4521484375
13581,5421.18359375
13582,3507.288818359375
13583,7802.19921875
13584,7809.77685546875
13585,7644.5166015625
13586,10932.8408203125
13587,10890.830078125
13588,5403.9951171875
13589,8851.2978515625
13590,4093.33837890625
13591,2716.89697265625
13592,9070.2041015625
13593,9952.8349609375
13594,8740.2734375
13595,8564.115234375
13596,4700.90283203125
13597,7852.970703125
13598,10578.388671875
13599,6705.9609375
13600,5818.658203125
13601,6179.2529296875
13602,6722.62744140625
13603,5503.931640625
13604,6077.98486328125
13605,6617.2197265625
13606,6181.7109375
13607,5252.13818359375
13608,4341.31884765625
13609,7152.73876953125
13610,7520.779296875
13611,5677.20263671875
13612,6884.70849609375
13613,8531.8515625
13614,7228.40869140625
13615,5770.18896484375
13616,10046.2919921875
13617,9284.5732421875
13618,6264.39501953125
13619,4441.59326171875
13620,11582.8203125
13621,7039.7587890625
13622,6593.29638671875
13623,8447.7265625
13624,7338.49560546875
13625,9419.7109375
13626,7668.49365234375
13627,7541.17724609375
13628,9098.33984375
13629,14468.9814453125
13630,5704.30810546875
13631,5669.07177734375
13632,5610.564453125
13633,7168.11865234375
13634,6421.232421875
13635,8503.7451171875
13636,9880.75390625
13637,5892.22412109375
13638,4876.703125
13639,7218.037109375
13640,10018.2216796875
13641,5353.50439453125
13642,8480.697265625
13643,3774.5078125
13644,8364.177734375
13645,8177.36279296875
13646,8232.2509765625
13647,10120.8271484375
13648,7591.87646484375
13649,4994.24365234375
13650,8029.86376953125
13651,8435.16015625
13652,10158.0205078125
13653,8414.5322265625
13654,9314.9384765625
13655,7266.76904296875
13656,5610.66015625
13657,11552.16796875
13658,4304.28125
13659,10909.6884765625
13660,6916.87109375
13661,4989.62841796875
13662,7969.3154296875
13663,5364.0107421875
13664,7959.00146484375
13665,9081.2822265625
13666,5435.92626953125
13667,5051.9970703125
13668,8671.7265625
13669,10015.267578125
13670,9808.0126953125
13671,6722.00830078125
13672,6744.62890625
13673,6906.10546875
13674,8027.2841796875
13675,6088.70703125
13676,11487.7666015625
13677,10389.9970703125
13678,12140.1015625
13679,4199.34814453125
13680,6752.193359375
13681,10770.61328125
13682,9022.43359375
13683,5881.36474609375
13684,10873.8095703125
13685,5717.43896484375
13686,6467.654296875
13687,5769.5615234375
13688,6793.5537109375
13689,5417.96728515625
13690,6145.79443359375
13691,4473.7705078125
13692,5229.87255859375
13693,9791.8310546875
13694,8281.42578125
13695,25669.666015625
13696,6644.3828125
13697,5187.6953125
13698,9971.08203125
13699,12088.6240234375
13700,8699.6025390625
13701,9694.5732421875
13702,6880.970703125
13703,8994.505859375
13704,9247.009765625
13705,6224.865234375
13706,5880.01171875
13707,7886.6044921875
13708,8733.4521484375
13709,7293.0068359375
13710,9658.3896484375
13711,5772.4384765625
13712,4264.19140625
13713,9207.126953125
13714,12135.7177734375
13715,13573.6875
13716,12671.455078125
13717,10016.38671875
13718,6428.400390625
13719,6949.85546875
13720,5516.919921875
13721,10257.8017578125
13722,11255.16796875
13723,9376.390625
13724,7782.73779296875
13725,7698.751953125
13726,4927.5947265625
13727,5339.71875
13728,12089.376953125
13729,7086.03564453125
13730,6037.01611328125
13731,5353.80712890625
13732,8558.19921875
13733,4603.55810546875
13734,8221.0966796875
13735,5084.17822265625
13736,6828.46923828125
13737,9181.1171875
13738,6818.1103515625
13739,7645.8291015625
13740,7857.92138671875
13741,5464.20849609375
13742,8504.3232421875
13743,7668.634765625
13744,11806.2001953125
13745,6011.42626953125
13746,9829.3857421875
13747,7584.3359375
13748,11419.458984375
13749,7865.8564453125
13750,10403.20703125
13751,6583.68603515625
13752,6579.2265625
13753,7854.44677734375
13754,7243.40625
13755,10170.23046875
13756,9211.990234375
13757,6789.28515625
13758,8477.349609375
13759,7447.80615234375
13760,11659.748046875
13761,5013.9443359375
13762,16896.126953125
13763,6243.4248046875
13764,6370.3974609375
13765,10885.03515625
13766,4996.9169921875
13767,8139.98583984375
13768,8411.2841796875
13769,9556.5263671875
13770,7297.55224609375
13771,5771.25830078125
13772,8168.61962890625
13773,8869.5390625
13774,9245.064453125
13775,3985.200927734375
13776,8752.59765625
13777,13602.9609375
13778,9322.8017578125
13779,7213.89453125
13780,7723.7275390625
13781,7004.197265625
13782,5919.31396484375
13783,7915.39794921875
13784,5615.0615234375
13785,10358.5478515625
13786,8010.82958984375
13787,7801.70166015625
13788,9917.291015625
13789,6344.01513671875
13790,7868.0947265625
13791,6232.205078125
13792,10298.8916015625
13793,10267.5810546875
13794,5931.22119140625
13795,5373.802734375
13796,7878.4306640625
13797,5917.67626953125
13798,5875.74560546875
13799,8431.544921875
13800,6976.72900390625
13801,8610.1484375
13802,5506.87939453125
13803,5735.12451171875
13804,8679.1220703125
13805,8233.359375
13806,10058.099609375
13807,8583.966796875
13808,10076.279296875
13809,6534.26806640625
13810,10236.279296875
13811,7612.90380859375
13812,9745.18359375
13813,10905.4267578125
13814,7230.076171875
13815,13005.0791015625
13816,9849.615234375
13817,9612.5859375
13818,6608.056640625
13819,9288.0283203125
13820,8954.48828125
13821,7146.9169921875
13822,4649.15478515625
13823,7679.20751953125
13824,9542.580078125
13825,7421.69775390625
13826,6340.41845703125
13827,11178.494140625
13828,7252.40966796875
13829,6875.7197265625
13830,7656.93115234375
13831,7207.73828125
13832,10472.6669921875
13833,9225.9765625
13834,8144.71630859375
13835,5908.0869140625
13836,10548.8828125
13837,8196.751953125
13838,5202.99462890625
13839,9025.916015625
13840,7160.37109375
13841,10313.9052734375
13842,8717.212890625
13843,7244.994140625
13844,11394.6962890625
13845,6981.0546875
13846,5136.7353515625
13847,13133.2529296875
13848,8362.5595703125
13849,8916.6181640625
13850,9508.9677734375
13851,6003.5830078125
13852,6582.1728515625
13853,6104.0498046875
13854,9925.03125
13855,15090.53125
13856,7071.443359375
13857,3136.652587890625
13858,6029.66064453125
13859,9597.537109375
13860,9817.1650390625
13861,7630.69775390625
13862,8779.8720703125
13863,6383.28369140625
13864,5751.45751953125
13865,4305.716796875
13866,7450.625
13867,8160.009765625
13868,7364.18701171875
13869,8552.5947265625
13870,8998.9658203125
13871,9266.515625
13872,11526.98828125
13873,10099.3271484375
13874,5944.62353515625
13875,11655.5947265625
13876,15463.697265625
13877,6298.3876953125
13878,9757.830078125
13879,6685.1318359375
13880,8363.0908203125
13881,4720.28466796875
13882,10013.728515625
13883,6347.3349609375
13884,10367.0322265625
13885,9017.705078125
13886,10717.1591796875
13887,10022.494140625
13888,6989.2353515625
13889,10174.904296875
13890,22527.0234375
13891,13473.7392578125
13892,8156.12451171875
13893,3738.156494140625
13894,7864.14306640625
13895,10718.779296875
13896,6388.68310546875
13897,12890.568359375
13898,20799.09765625
13899,6404.8623046875
13900,6528.7373046875
13901,9620.1728515625
13902,6855.42919921875
13903,10538.2197265625
13904,8367.7548828125
13905,9896.12890625
13906,5237.8154296875
13907,7212.107421875
13908,7696.24560546875
13909,9590.587890625
13910,9101.63671875
13911,5880.38720703125
13912,7117.23486328125
13913,7771.6494140625
13914,5870.21484375
13915,5969.54345703125
13916,8710.4775390625
13917,6657.03173828125
13918,6637.54833984375
13919,10366.7783203125
13920,7395.1923828125
13921,6910.42822265625
13922,8905.9091796875
13923,8810.0927734375
13924,8798.6689453125
13925,8683.892578125
13926,9094.0087890625
13927,6677.28125
13928,3529.568603515625
13929,9058.8642578125
13930,7723.291015625
13931,7063.81884765625
13932,5699.8583984375
13933,9414.6650390625
13934,9575.5810546875
13935,11625.705078125
13936,8546.68359375
13937,6331.4013671875
13938,6390.59814453125
13939,6684.9501953125
13940,13113.904296875
13941,6096.62939453125
13942,8607.0537109375
13943,19246.826171875
13944,7037.6650390625
13945,7787.0703125
13946,5768.884765625
13947,6356.85986328125
13948,7353.63671875
13949,3927.2529296875
13950,6290.72802734375
13951,13919.8662109375
13952,6257.599609375
13953,18503.916015625
13954,16662.908203125
13955,5567.12939453125
13956,7381.69580078125
13957,6101.37353515625
13958,8568.54296875
13959,7638.8203125
13960,12135.015625
13961,8208.3095703125
13962,13420.685546875
13963,6587.451171875
13964,9008.3125
13965,5964.82861328125
13966,9331.0732421875
13967,7858.94091796875
13968,7473.14306640625
13969,7047.5322265625
13970,7283.55810546875
13971,10569.8740234375
13972,11993.0322265625
13973,5860.16845703125
13974,13635.3662109375
13975,7010.40185546875
13976,11805.2119140625
13977,5558.41748046875
13978,6339.28125
13979,7286.69775390625
13980,12783.34375
13981,7415.955078125
13982,8469.5244140625
13983,8747.998046875
13984,10365.1923828125
13985,4316.0009765625
13986,11191.138671875
13987,9098.779296875
13988,5137.966796875
13989,13233.810546875
13990,18566.8671875
13991,8727.0029296875
13992,8223.001953125
13993,11396.2197265625
13994,13382.3408203125
13995,14669.0654296875
13996,7913.3466796875
13997,10080.861328125
13998,7791.5908203125
13999,10041.0712890625
14000,5360.9638671875
14001,7939.005859375
14002,6116.2421875
14003,6567.82080078125
14004,9091.8359375
14005,6056.5888671875
14006,6632.54248046875
14007,8193.673828125
14008,4380.50537109375
14009,5436.6689453125
14010,6796.06982421875
14011,8715.24609375
14012,10952.0048828125
14013,9937.40234375
14014,8710.384765625
14015,6122.8564453125
14016,7799.6650390625
14017,11539.0380859375
14018,8528.8759765625
14019,7169.048828125
14020,5473.12158203125
14021,8913.1611328125
14022,5096.32861328125
14023,8817.4267578125
14024,4156.38525390625
14025,6444.525390625
14026,10676.1455078125
14027,6961.1796875
14028,5718.37060546875
14029,9104.1708984375
14030,11484.423828125
14031,13740.0302734375
14032,7959.72216796875
14033,9532.8681640625
14034,3288.185302734375
14035,6344.41015625
14036,8000.34033203125
14037,5762.8720703125
14038,9100.314453125
14039,6886.1005859375
14040,7150.37158203125
14041,10916.10546875
14042,13016.06640625
14043,8886.916015625
14044,6255.611328125
14045,6617.61279296875
14046,12004.18359375
14047,8121.388671875
14048,7992.0546875
14049,5762.228515625
14050,8246.677734375
14051,12390.7646484375
14052,4720.83203125
14053,8019.1240234375
14054,9339.61328125
14055,10039.4072265625
14056,15195.1396484375
14057,6701.42724609375
14058,17789.384765625
14059,7354.50048828125
14060,6033.2392578125
14061,4329.69921875
14062,7305.12890625
14063,6759.47998046875
14064,6460.193359375
14065,7936.42626953125
14066,5207.62548828125
14067,5843.06201171875
14068,7669.8134765625
14069,5967.99365234375
14070,7894.24853515625
14071,7214.2568359375
14072,9741.3271484375
14073,10272.130859375
14074,6046.3896484375
14075,11049.931640625
14076,6943.17724609375
14077,6827.28466796875
14078,5745.83642578125
14079,6050.73095703125
14080,11592.404296875
14081,7942.38427734375
14082,6641.50341796875
14083,10009.845703125
14084,9768.2236328125
14085,8617.013671875
14086,7028.1806640625
14087,10697.900390625
14088,7530.26611328125
14089,6589.63037109375
14090,7385.42822265625
14091,8937.646484375
14092,7520.072265625
14093,7286.8046875
14094,6219.89697265625
14095,5875.9658203125
14096,5284.2822265625
14097,5521.42822265625
14098,6440.73828125
14099,11188.70703125
14100,12853.744140625
14101,13992.0380859375
14102,9845.7646484375
14103,7287.03369140625
14104,5882.78955078125
14105,12543.7060546875
14106,12561.943359375
14107,6864.36669921875
14108,11544.392578125
14109,11337.8037109375
14110,6395.16064453125
14111,5075.90087890625
14112,9399.0
14113,6403.44140625
14114,9320.1455078125
14115,6585.439453125
14116,3372.67529296875
14117,15652.0107421875
14118,5875.09228515625
14119,8834.9892578125
14120,5183.6728515625
14121,5281.70458984375
14122,10023.962890625
14123,10454.080078125
14124,7242.203125
14125,6036.00048828125
14126,5224.4189453125
14127,5340.9189453125
14128,5241.43115234375
14129,8986.8955078125
14130,19004.548828125
14131,6510.81103515625
14132,6550.48779296875
14133,9022.869140625
14134,6311.2880859375
14135,6273.40234375
14136,5060.40283203125
14137,5798.16943359375
14138,8249.001953125
14139,6991.34375
14140,3797.95947265625
14141,10147.158203125
14142,7213.05859375
14143,5005.8828125
14144,10855.236328125
14145,10118.2744140625
14146,11734.4755859375
14147,7129.69140625
14148,8934.7763671875
14149,5597.1962890625
14150,7147.564453125
14151,16499.03125
14152,11566.0439453125
14153,7509.54296875
14154,6835.57373046875
14155,5116.58544921875
14156,5503.4091796875
14157,6067.125
14158,11349.931640625
14159,6685.7861328125
14160,6638.35595703125
14161,8536.7900390625
14162,4658.5712890625
14163,6261.44677734375
14164,9345.7099609375
14165,8416.314453125
14166,8053.7763671875
14167,5885.87646484375
14168,6123.72314453125
14169,5693.509765625
14170,10597.8681640625
14171,10073.671875
14172,8294.365234375
14173,5796.01904296875
14174,7862.80517578125
14175,7966.822265625
14176,5990.02294921875
14177,8786.2197265625
14178,8383.41796875
14179,7087.1376953125
14180,7138.126953125
14181,8726.0947265625
14182,7388.6669921875
14183,7176.23681640625
14184,8799.9873046875
14185,6894.40185546875
14186,7637.197265625
14187,10690.591796875
14188,7136.1123046875
14189,6853.9755859375
14190,14735.193359375
14191,6128.3759765625
14192,4884.583984375
14193,10905.701171875
14194,10487.8408203125
14195,14934.4482421875
14196,5995.06884765625
14197,7470.52783203125
14198,6865.76953125
14199,8244.251953125
14200,7169.58056640625
14201,9548.044921875
14202,4785.74951171875
14203,8757.875
14204,6707.10107421875
14205,7034.232421875
14206,6440.228515625
14207,8259.3125
14208,11379.6767578125
14209,6887.9638671875
14210,11575.783203125
14211,7730.07080078125
14212,11253.193359375
14213,5571.837890625
14214,8185.458984375
14215,8777.978515625
14216,9524.4521484375
14217,10402.7578125
14218,5454.5546875
14219,9022.3720703125
14220,8066.2841796875
14221,8847.9033203125
14222,5421.76025390625
14223,4850.77880859375
14224,8976.5205078125
14225,7815.11572265625
14226,10879.529296875
14227,7914.2490234375
14228,7046.69091796875
14229,8640.6572265625
14230,9279.2763671875
14231,8768.029296875
14232,8806.767578125
14233,7735.81494140625
14234,11109.775390625
14235,12345.0224609375
14236,9992.6572265625
14237,5700.7314453125
14238,6992.0537109375
14239,5119.498046875
14240,4521.1328125
14241,10454.5458984375
14242,5284.3681640625
14243,11847.7099609375
14244,5298.09228515625
14245,5945.1171875
14246,6786.48095703125
14247,11209.6748046875
14248,5290.27392578125
14249,5731.6689453125
14250,7518.076171875
14251,8622.5732421875
14252,5379.31591796875
14253,9145.7822265625
14254,7431.1640625
14255,10317.2958984375
14256,8657.5400390625
14257,8275.064453125
14258,6420.5302734375
14259,6760.48779296875
14260,5720.22265625
14261,14330.376953125
14262,10465.24609375
14263,9023.6435546875
14264,16259.5146484375
14265,7374.66259765625
14266,5816.732421875
14267,8281.7109375
14268,10228.1142578125
14269,8976.875
14270,9201.5791015625
14271,10379.8642578125
14272,10521.9375
14273,8693.958984375
14274,7246.41015625
14275,6488.7958984375
14276,6197.71923828125
14277,4900.38623046875
14278,5750.93505859375
14279,6841.6181640625
14280,9661.39453125
14281,18278.52734375
14282,7708.40185546875
14283,5408.96337890625
14284,9740.19140625
14285,4272.57470703125
14286,6795.76953125
14287,3928.908447265625
14288,9690.083984375
14289,7331.046875
14290,7796.34716796875
14291,16987.25
14292,12569.583984375
14293,8854.2998046875
14294,8434.560546875
14295,4963.3369140625
14296,5803.474609375
14297,7328.86572265625
14298,8083.408203125
14299,7150.14990234375
14300,4605.2333984375
14301,7189.06640625
14302,6012.75048828125
14303,8734.4169921875
14304,8610.7431640625
14305,4721.12158203125
14306,8081.40087890625
14307,10296.294921875
14308,11381.43359375
14309,7677.28466796875
14310,5654.4970703125
14311,9061.056640625
14312,6254.615234375
14313,12009.0576171875
14314,5897.83984375
14315,6321.1279296875
14316,8030.23486328125
14317,7096.22802734375
14318,5671.01904296875
14319,7440.37890625
14320,8884.6064453125
14321,11047.4580078125
14322,13256.4541015625
14323,8415.8017578125
14324,5114.66650390625
14325,6807.0517578125
14326,6631.39599609375
14327,6674.076171875
14328,8128.5
14329,7724.7998046875
14330,12718.2216796875
14331,9451.1015625
14332,7297.71484375
14333,9474.546875
14334,6541.82275390625
14335,10574.2490234375
14336,6584.640625
14337,12457.3037109375
14338,7329.84228515625
14339,5755.5498046875
14340,6421.06689453125
14341,5372.99267578125
14342,9472.0068359375
14343,20299.791015625
14344,5611.36279296875
14345,5730.37060546875
14346,11008.248046875
14347,8226.501953125
14348,8840.0859375
14349,9615.2861328125
14350,7645.00146484375
14351,5341.08740234375
14352,5050.76611328125
14353,12163.046875
14354,7197.15673828125
14355,9023.0224609375
14356,8252.248046875
14357,5953.52001953125
14358,8263.220703125
14359,7649.3349609375
14360,4400.65087890625
14361,10864.6376953125
14362,10321.380859375
14363,5448.48779296875
14364,9283.896484375
14365,8210.921875
14366,5375.8203125
14367,10020.271484375
14368,7247.6474609375
14369,8816.8291015625
14370,5168.6669921875
14371,7101.07421875
14372,8308.025390625
14373,3560.9072265625
14374,8726.888671875
14375,5690.96533203125
14376,7666.2412109375
14377,6142.1611328125
14378,6693.5224609375
14379,7339.85205078125
14380,8077.85693359375
14381,7757.37060546875
14382,8093.02197265625
14383,6420.82080078125
14384,9227.33984375
14385,8210.5869140625
14386,11042.1865234375
14387,10411.2626953125
14388,9015.744140625
14389,4121.12158203125
14390,6641.48193359375
14391,9307.837890625
14392,5743.2861328125
14393,11667.380859375
14394,6560.275390625
14395,9387.4677734375
14396,12747.7705078125
14397,8172.90478515625
14398,4389.88720703125
14399,13083.8603515625
14400,11990.6103515625
14401,6094.5810546875
14402,12087.1025390625
14403,10753.6494140625
14404,6738.81689453125
14405,9314.2275390625
14406,9701.388671875
14407,7048.89599609375
14408,5781.99853515625
14409,8926.9580078125
14410,5818.5478515625
14411,7426.892578125
14412,8263.271484375
14413,8651.1962890625
14414,10972.373046875
14415,8281.2900390625
14416,8063.326171875
14417,5210.38720703125
14418,9228.572265625
14419,8245.234375
14420,7997.50927734375
14421,8093.2998046875
14422,8228.3623046875
14423,11000.869140625
14424,7017.46826171875
14425,5642.45849609375
14426,6734.46337890625
14427,7772.38134765625
14428,8268.134765625
14429,4875.3720703125
14430,5271.81005859375
14431,8549.1318359375
14432,7168.26611328125
14433,6723.68505859375
14434,10083.78515625
14435,7120.21533203125
14436,8691.6650390625
14437,5535.07177734375
14438,4855.33740234375
14439,8771.2041015625
14440,8232.6494140625
14441,9533.80859375
14442,11933.28515625
14443,11548.1357421875
14444,6027.91455078125
14445,9597.001953125
14446,3914.403564453125
14447,3625.547607421875
14448,9696.109375
14449,10704.107421875
14450,9082.845703125
14451,9281.28125
14452,5979.61279296875
14453,9099.2421875
14454,11487.04296875
14455,7773.43310546875
14456,6912.5068359375
14457,6648.9521484375
14458,6924.20751953125
14459,6758.23974609375
14460,6300.115234375
14461,7190.35693359375
14462,6701.53125
14463,5066.91845703125
14464,5255.42236328125
14465,8000.875
14466,8919.0029296875
14467,5837.240234375
14468,8037.83837890625
14469,9033.017578125
14470,7437.978515625
14471,7337.611328125
14472,9398.0048828125
14473,9763.900390625
14474,5578.974609375
14475,5290.2490234375
14476,14361.75390625
14477,6135.49853515625
14478,6578.0478515625
14479,7947.5556640625
14480,7594.890625
14481,9822.5302734375
14482,8349.7958984375
14483,8822.8935546875
14484,10189.4853515625
14485,15127.43359375
14486,6426.33203125
14487,6821.8720703125
14488,5730.86474609375
14489,7742.2529296875
14490,7010.33056640625
14491,8351.072265625
14492,10861.193359375
14493,7225.408203125
14494,4813.55419921875
14495,7444.7294921875
14496,9979.251953125
14497,5735.43408203125
14498,9096.9267578125
14499,5525.22900390625
14500,7949.72412109375
14501,8439.6552734375
14502,8334.7939453125
14503,10445.55078125
14504,8110.77197265625
14505,4026.289306640625
14506,8156.47705078125
14507,9255.0478515625
14508,11068.3095703125
14509,8808.2734375
14510,9046.1875
14511,7906.17578125
14512,5813.39892578125
14513,12435.09765625
14514,5125.7998046875
14515,11850.3427734375
14516,6274.36328125
14517,4679.84814453125
14518,9205.119140625
14519,6517.40966796875
14520,8160.3828125
14521,9579.734375
14522,5682.84912109375
14523,5685.48095703125
14524,8846.6337890625
14525,11059.1826171875
14526,10097.7314453125
14527,6189.236328125
14528,7790.03466796875
14529,8942.3603515625
14530,8545.9453125
14531,6799.9794921875
14532,11922.76953125
14533,10871.7314453125
14534,12929.521484375
14535,4863.91259765625
14536,7591.154296875
14537,11004.126953125
14538,8846.4228515625
14539,7612.578125
14540,11644.841796875
14541,6280.25341796875
14542,6937.611328125
14543,6587.95361328125
14544,6866.8974609375
14545,5976.78076171875
14546,7295.404296875
14547,4809.44287109375
14548,6201.80419921875
14549,10913.412109375
14550,7745.09423828125
14551,25224.58984375
14552,5777.67724609375
14553,5793.49609375
14554,11397.5791015625
14555,14492.3173828125
14556,9688.9228515625
14557,12076.1689453125
14558,6749.392578125
14559,11884.8037109375
14560,12392.6171875
14561,7724.423828125
14562,8555.49609375
14563,11670.126953125
14564,10217.3232421875
14565,11487.3525390625
14566,11863.05078125
14567,10423.04296875
14568,7421.50146484375
14569,10812.677734375
14570,16833.1171875
14571,15632.734375
14572,16640.2890625
14573,13303.6513671875
14574,8436.85546875
14575,8019.96435546875
14576,6760.40673828125
14577,11720.3271484375
14578,16987.021484375
14579,11911.2919921875
14580,10608.9306640625
14581,8199.822265625
14582,5204.58984375
14583,7794.0888671875
14584,15042.16015625
14585,10295.630859375
14586,6920.78759765625
14587,10168.642578125
14588,11000.70703125
14589,5115.56298828125
14590,10806.400390625
14591,6854.88525390625
14592,11217.3623046875
14593,11081.2919921875
14594,8454.9619140625
14595,11330.7197265625
14596,13730.3603515625
14597,8701.0537109375
14598,9453.611328125
14599,11366.75390625
14600,18081.46484375
14601,7774.34912109375
14602,13120.94140625
14603,11609.2861328125
14604,12274.1064453125
14605,10121.95703125
14606,13774.599609375
14607,8004.11083984375
14608,6582.78759765625
14609,10240.328125
14610,8322.1630859375
14611,13109.4443359375
14612,14399.4921875
14613,8153.91259765625
14614,10716.029296875
14615,8210.791015625
14616,14124.435546875
14617,5513.859375
14618,17480.75
14619,6407.404296875
14620,7050.64306640625
14621,12852.642578125
14622,7658.4130859375
14623,10153.05078125
14624,10036.1357421875
14625,11650.28515625
14626,10885.76171875
14627,8826.3056640625
14628,10213.412109375
14629,12301.7080078125
14630,13577.9560546875
14631,9578.8125
14632,9710.892578125
14633,16769.078125
14634,9727.8837890625
14635,9183.4296875
14636,9139.078125
14637,7521.45654296875
14638,8280.041015625
14639,9341.15234375
14640,5515.4228515625
14641,12793.2001953125
14642,8971.1044921875
14643,11753.6728515625
14644,12562.54296875
14645,6021.1865234375
14646,9055.1611328125
14647,7969.2666015625
14648,13152.26953125
14649,11990.291015625
14650,5745.103515625
14651,5397.9970703125
14652,9829.4921875
14653,8558.140625
14654,9900.2470703125
14655,8807.294921875
14656,9590.5546875
14657,12175.060546875
14658,9172.4052734375
14659,6304.6982421875
14660,9626.38671875
14661,9562.2978515625
14662,11328.873046875
14663,14417.578125
14664,13079.56640625
14665,8771.3486328125
14666,13476.376953125
14667,8386.1494140625
14668,11078.490234375
14669,12822.1650390625
14670,10301.63671875
14671,13857.0908203125
14672,10066.0439453125
14673,11675.349609375
14674,7751.337890625
14675,9650.7724609375
14676,12734.7822265625
14677,9922.904296875
14678,5018.39599609375
14679,6376.65966796875
14680,11610.1416015625
14681,8230.86328125
14682,7266.62841796875
14683,13954.9033203125
14684,8358.263671875
14685,9128.0810546875
14686,7564.2900390625
14687,8075.3310546875
14688,12661.3310546875
14689,9986.1640625
14690,11217.51953125
14691,8977.0078125
14692,8444.2060546875
14693,10042.36328125
14694,6100.54296875
14695,9133.5673828125
14696,8886.03125
14697,11356.7255859375
14698,9160.7294921875
14699,7133.26220703125
14700,14887.685546875
14701,8076.19091796875
14702,9219.7431640625
14703,15616.5908203125
14704,9269.37890625
14705,12121.0400390625
14706,11514.3671875
14707,5609.06787109375
14708,7877.7373046875
14709,6664.90234375
14710,12881.197265625
14711,17521.580078125
14712,8762.3447265625
14713,4559.306640625
14714,6452.064453125
14715,12320.3896484375
14716,13092.5087890625
14717,9327.724609375
14718,10847.2216796875
14719,6393.96337890625
14720,7667.97900390625
14721,4250.779296875
14722,7148.20654296875
14723,8849.109375
14724,12296.138671875
14725,9992.8486328125
14726,9800.75390625
14727,12919.1923828125
14728,15730.92578125
14729,11723.6201171875
14730,7994.38720703125
14731,13104.87109375
14732,19617.546875
14733,9149.255859375
14734,11661.01953125
14735,8456.046875
14736,10104.8154296875
14737,6854.09423828125
14738,12485.5126953125
14739,9087.6220703125
14740,11545.6142578125
14741,10340.728515625
14742,13242.5556640625
14743,12144.1337890625
14744,7881.07373046875
14745,13711.033203125
14746,25167.72265625
14747,16558.517578125
14748,12209.3701171875
14749,4363.89453125
14750,10627.392578125
14751,14210.3544921875
14752,7559.09130859375
14753,13751.6904296875
14754,21267.99609375
14755,5399.34619140625
14756,8581.5009765625
14757,12473.9892578125
14758,7515.20068359375
14759,14072.8408203125
14760,11193.470703125
14761,11713.1083984375
14762,7684.5302734375
14763,8742.2548828125
14764,9356.7890625
14765,10197.109375
14766,17670.888671875
14767,7692.9931640625
14768,8789.31640625
14769,9246.96875
14770,7461.22607421875
14771,6153.0673828125
14772,11126.6533203125
14773,7298.38232421875
14774,8222.556640625
14775,12581.8154296875
14776,7799.0830078125
14777,8572.6884765625
14778,8407.443359375
14779,9744.7822265625
14780,10185.7392578125
14781,10312.6787109375
14782,10835.5673828125
14783,7001.7509765625
14784,6803.13427734375
14785,10591.0322265625
14786,9133.130859375
14787,8351.669921875
14788,5428.16943359375
14789,11984.880859375
14790,11196.6328125
14791,16359.6552734375
14792,9191.9072265625
14793,8025.36328125
14794,7711.873046875
14795,7346.8701171875
14796,17782.998046875
14797,7725.724609375
14798,10101.10546875
14799,21729.640625
14800,10665.1025390625
14801,11258.5615234375
14802,6788.916015625
14803,7901.34423828125
14804,10752.759765625
14805,7148.4794921875
14806,7415.0625
14807,13686.2138671875
14808,7869.18603515625
14809,21162.77734375
14810,19198.607421875
14811,6318.611328125
14812,11158.4658203125
14813,9707.193359375
14814,9306.6796875
14815,8819.1064453125
14816,14501.685546875
14817,9314.19140625
14818,17623.626953125
14819,9313.7666015625
14820,9859.330078125
14821,9527.66015625
14822,12815.5439453125
14823,10286.0244140625
14824,9502.1982421875
14825,9235.302734375
14826,6872.0712890625
14827,12697.341796875
14828,12651.9375
14829,9745.943359375
14830,15983.580078125
14831,8923.3154296875
14832,12912.1767578125
14833,6768.60498046875
14834,9221.6962890625
14835,9625.4091796875
14836,18066.611328125
14837,8890.1240234375
14838,12934.1396484375
14839,10852.5380859375
14840,12702.9765625
14841,7546.2421875
14842,11720.373046875
14843,9928.3046875
14844,5359.23388671875
14845,15539.1103515625
14846,21315.46875
14847,11355.8876953125
14848,11554.33203125
14849,14818.0224609375
14850,15907.9384765625
14851,15643.3125
14852,7830.53271484375
14853,12312.3291015625
14854,10597.8056640625
14855,11966.341796875
14856,5053.353515625
14857,8117.849609375
14858,8854.2109375
14859,7799.8935546875
14860,10787.35546875
14861,9845.5126953125
14862,9049.8564453125
14863,14246.224609375
14864,6090.072265625
14865,7340.0283203125
14866,9158.556640625
14867,12723.197265625
14868,14040.2177734375
14869,12949.9736328125
14870,10834.595703125
14871,9563.0224609375
14872,8931.7373046875
14873,13655.33203125
14874,11203.595703125
14875,9436.0830078125
14876,7853.5634765625
14877,14239.279296875
14878,5956.38623046875
14879,12229.5439453125
14880,5095.96044921875
14881,6976.68017578125
14882,13800.123046875
14883,9321.1044921875
14884,8232.2080078125
14885,11058.1435546875
14886,13691.28125
14887,15723.2763671875
14888,9731.2021484375
14889,12465.3251953125
14890,4091.9091796875
14891,9305.521484375
14892,9410.0908203125
14893,6052.72314453125
14894,9965.361328125
14895,8491.2255859375
14896,8650.388671875
14897,12783.0244140625
14898,15814.4326171875
14899,14185.734375
14900,9587.4404296875
14901,9091.166015625
14902,13202.544921875
14903,9684.4267578125
14904,9078.2275390625
14905,7494.6923828125
14906,10573.603515625
14907,15101.294921875
14908,6224.03369140625
14909,9650.083984375
14910,10920.7412109375
14911,11210.2158203125
14912,18902.59375
14913,8766.736328125
14914,17868.80859375
14915,10094.5107421875
14916,8737.2470703125
14917,5231.3125
14918,8434.2587890625
14919,9449.181640625
14920,9176.69921875
14921,9711.2666015625
14922,8621.591796875
14923,7186.6923828125
14924,10147.5537109375
14925,7442.17919921875
14926,9211.48828125
14927,11963.6025390625
14928,13498.8994140625
14929,14386.767578125
14930,9780.8330078125
14931,11757.607421875
14932,7159.8134765625
14933,8359.80859375
14934,9181.08984375
14935,6573.927734375
14936,20066.53125
14937,9886.0458984375
14938,9524.4423828125
14939,12429.5400390625
14940,14442.4423828125
14941,11828.7373046875
14942,11663.453125
14943,12205.73828125
14944,6943.314453125
14945,7561.86279296875
14946,10425.6298828125
14947,13196.3251953125
14948,9215.3984375
14949,9415.7236328125
14950,10863.0986328125
14951,9015.2158203125
14952,7182.66845703125
14953,8378.5361328125
14954,11613.99609375
14955,13090.0830078125
14956,15261.4296875
14957,20620.056640625
14958,11728.5625
14959,8099.7373046875
14960,7140.2373046875
14961,14361.7109375
14962,17221.82421875
14963,14101.3427734375
14964,11466.634765625
14965,12083.923828125
14966,8676.88671875
14967,5933.92236328125
14968,10833.0107421875
14969,10867.33203125
14970,12117.220703125
14971,9377.1826171875
14972,5553.16162109375
14973,15114.37890625
14974,10502.87109375
14975,9726.984375
14976,6086.80908203125
14977,7720.27001953125
14978,11834.2255859375
14979,15978.0361328125
14980,10875.017578125
14981,6691.6796875
14982,8146.80908203125
14983,7399.28125
14984,5152.38427734375
14985,9538.4541015625
14986,21034.607421875
14987,7167.35302734375
14988,8656.90234375
14989,10653.8359375
14990,6994.96435546875
14991,9653.7294921875
14992,8356.3291015625
14993,6997.02197265625
14994,10826.0302734375
14995,11285.1337890625
14996,5381.28759765625
14997,13925.177734375
14998,10720.244140625
14999,8480.7919921875
15000,13053.8583984375
15001,12280.8251953125
15002,13416.2255859375
15003,8487.390625
15004,9751.2529296875
15005,7902.06982421875
15006,9640.8642578125
15007,18117.673828125
15008,15069.20703125
15009,8581.6181640625
15010,9207.2958984375
15011,8180.30908203125
15012,8870.650390625
15013,6425.21142578125
15014,12301.8203125
15015,8807.6689453125
15016,7150.32763671875
15017,14257.0146484375
15018,7216.1953125
15019,9794.25390625
15020,11305.6259765625
15021,9608.7958984375
15022,12322.5888671875
15023,6174.6181640625
15024,6955.26904296875
15025,10812.39453125
15026,13275.2998046875
15027,13097.3095703125
15028,9312.546875
15029,7381.16748046875
15030,9602.1806640625
15031,9156.75390625
15032,6971.42333984375
15033,11323.201171875
15034,10670.1015625
15035,11136.310546875
15036,9685.4013671875
15037,10730.3818359375
15038,10042.75
15039,12201.80078125
15040,9189.65625
15041,9302.6328125
15042,13083.21484375
15043,13526.6201171875
15044,8906.611328125
15045,6865.89111328125
15046,17733.1328125
15047,8273.4609375
15048,8005.9287109375
15049,11701.89453125
15050,12386.1103515625
15051,18234.046875
15052,5940.17822265625
15053,9924.576171875
15054,7898.591796875
15055,10387.7373046875
15056,8875.3125
15057,14921.779296875
15058,5147.4677734375
15059,12574.97265625
15060,8129.01318359375
15061,7371.3505859375
15062,7934.27783203125
15063,9723.7158203125
15064,13120.8798828125
15065,7751.2578125
15066,12898.9287109375
15067,11326.7109375
15068,13890.33984375
15069,7057.25146484375
15070,11144.3916015625
15071,11119.0166015625
15072,13656.83203125
15073,13100.4111328125
15074,6898.16162109375
15075,8938.265625
15076,11036.1572265625
15077,12921.3037109375
15078,7282.91357421875
15079,4726.36328125
15080,14207.0400390625
15081,10162.5234375
15082,13067.40625
15083,8785.8525390625
15084,7878.8681640625
15085,13302.048828125
15086,11169.873046875
15087,14091.9482421875
15088,10451.89453125
15089,9820.2646484375
15090,12983.814453125
15091,17457.146484375
15092,12850.765625
15093,7118.94921875
15094,9253.6357421875
15095,7599.10693359375
15096,5984.4501953125
15097,12497.01171875
15098,7798.97216796875
15099,15079.1279296875
15100,7861.68115234375
15101,9320.2626953125
15102,9591.4716796875
15103,16499.21484375
15104,10854.5068359375
15105,8127.59765625
15106,10606.5185546875
15107,9408.3251953125
15108,7681.39013671875
15109,11897.9189453125
15110,11112.421875
15111,10676.58203125
15112,12409.759765625
15113,9431.560546875
15114,7258.13623046875
15115,6258.88037109375
15116,7284.775390625
15117,18327.38671875
15118,13009.25
15119,11076.041015625
15120,16848.02734375
15121,10864.1005859375
15122,6840.70947265625
15123,10284.1474609375
15124,11600.44140625
15125,14929.998046875
15126,10513.85546875
15127,11290.392578125
15128,13905.5517578125
15129,8391.197265625
15130,10810.2236328125
15131,8900.8447265625
15132,7639.45703125
15133,7128.19970703125
15134,5592.63330078125
15135,8072.31201171875
15136,13266.666015625
15137,25339.462890625
15138,9203.2724609375
15139,6846.3662109375
15140,10317.8623046875
15141,8803.4560546875
15142,8250.783203125
15143,5395.6640625
15144,13891.9501953125
15145,8130.03759765625
15146,9406.408203125
15147,21854.47265625
15148,14444.052734375
15149,11703.4326171875
15150,9513.98046875
15151,5421.92333984375
15152,7010.91796875
15153,8701.2568359375
15154,12109.89453125
15155,8329.5849609375
15156,9016.869140625
15157,8584.78515625
15158,7295.09912109375
15159,11419.6416015625
15160,11423.5693359375
15161,3897.898193359375
15162,10203.828125
15163,11641.76953125
15164,12368.25390625
15165,8426.4248046875
15166,7823.7939453125
15167,9660.4716796875
15168,7373.19140625
15169,15396.2197265625
15170,6631.732421875
15171,7495.77587890625
15172,10954.310546875
15173,9724.3984375
15174,7876.8095703125
15175,7651.24755859375
15176,9043.4326171875
15177,13947.7412109375
15178,14739.205078125
15179,7539.7685546875
15180,6484.2568359375
15181,7637.69677734375
15182,8153.03466796875
15183,7283.2109375
15184,9350.3525390625
15185,8718.810546875
15186,14700.1279296875
15187,14129.322265625
15188,8665.9267578125
15189,10305.1845703125
15190,8523.9501953125
15191,12598.1015625
15192,7677.5478515625
15193,18927.021484375
15194,10062.4033203125
15195,9856.576171875
15196,10911.728515625
15197,4845.47119140625
15198,9911.646484375
15199,25241.41015625
15200,7302.2001953125
15201,7125.56298828125
15202,15458.544921875
15203,9035.7529296875
15204,13408.68359375
15205,11417.1640625
15206,11283.60546875
15207,7792.06787109375
15208,5557.48046875
15209,13446.1484375
15210,9534.75
15211,9034.0478515625
15212,9094.6103515625
15213,6593.67822265625
15214,10248.5546875
15215,8795.1142578125
15216,5478.75
15217,13106.2587890625
15218,12650.48046875
15219,5967.57763671875
15220,11265.7265625
15221,9792.0
15222,7443.55810546875
15223,15015.0517578125
15224,8683.7802734375
15225,11603.7841796875
15226,5807.98388671875
15227,9354.9462890625
15228,9455.982421875
15229,6555.71826171875
15230,10782.1005859375
15231,7192.240234375
15232,8926.6337890625
15233,5745.16845703125
15234,8693.4052734375
15235,6958.51123046875
15236,7802.14599609375
15237,10945.462890625
15238,11841.509765625
15239,9007.12890625
15240,10870.8037109375
15241,8778.0234375
15242,11788.3037109375
15243,12652.8310546875
15244,10517.95703125
15245,8001.3515625
15246,8192.5380859375
15247,11257.802734375
15248,5898.9111328125
15249,15151.69140625
15250,10744.18359375
15251,10469.794921875
15252,14529.4619140625
15253,8096.53515625
15254,5944.83349609375
15255,15253.517578125
15256,14485.642578125
15257,8090.00537109375
15258,13053.74609375
15259,13621.87109375
15260,9618.3974609375
15261,8872.318359375
15262,10473.533203125
15263,8044.36669921875
15264,6886.90576171875
15265,10026.3759765625
15266,6825.72216796875
15267,8427.1611328125
15268,12750.6796875
15269,10034.99609375
15270,14977.59765625
15271,9455.06640625
15272,10757.0625
15273,8036.44921875
15274,11153.5537109375
15275,11126.44921875
15276,8932.3857421875
15277,8010.7734375
15278,12227.8681640625
15279,13429.3857421875
15280,8667.6005859375
15281,6758.8701171875
15282,10818.626953125
15283,8941.7412109375
15284,10214.2568359375
15285,6135.85986328125
15286,6738.255859375
15287,9435.5625
15288,7389.63916015625
15289,8263.875
15290,14615.640625
15291,8188.6298828125
15292,11367.7724609375
15293,8091.142578125
15294,5855.93994140625
15295,10431.0263671875
15296,9428.53125
15297,10988.388671875
15298,14226.80859375
15299,12936.125
15300,7397.09912109375
15301,12852.841796875
15302,8645.4931640625
15303,2599.16650390625
15304,12867.9638671875
15305,14461.8828125
15306,11659.6337890625
15307,11643.2568359375
15308,7514.42138671875
15309,9901.7861328125
15310,14543.728515625
15311,10759.60546875
15312,11519.5888671875
15313,7147.025390625
15314,7501.97998046875
15315,6371.7265625
15316,7211.07470703125
15317,7840.76171875
15318,9026.1220703125
15319,8028.46484375
15320,6010.50732421875
15321,8868.3701171875
15322,11862.6552734375
15323,8911.3740234375
15324,8523.130859375
15325,11287.693359375
15326,9310.4892578125
15327,8638.021484375
15328,15162.6123046875
15329,13355.2490234375
15330,8401.2939453125
15331,6405.24560546875
15332,23867.0390625
15333,9685.9169921875
15334,12212.607421875
15335,15790.3623046875
15336,10721.4296875
15337,13083.2509765625
15338,9213.857421875
15339,9275.5986328125
15340,13152.1650390625
15341,21241.255859375
15342,9091.2294921875
15343,7162.572265625
15344,7940.2412109375
15345,9614.853515625
15346,7496.27392578125
15347,13669.7607421875
15348,13804.1728515625
15349,8132.22998046875
15350,6177.18212890625
15351,8241.765625
15352,12166.59765625
15353,7713.04443359375
15354,13230.31640625
15355,6435.51953125
15356,11113.5947265625
15357,13231.06640625
15358,10700.56640625
15359,12194.0009765625
15360,10204.2861328125
15361,7448.51708984375
15362,9189.890625
15363,10030.8486328125
15364,12494.994140625
15365,10497.8046875
15366,10421.0263671875
15367,8305.4658203125
15368,6593.9287109375
15369,13938.3203125
15370,6882.09033203125
15371,13513.0859375
15372,7257.79736328125
15373,8721.875
15374,10934.2744140625
15375,8425.5068359375
15376,11328.3857421875
15377,11642.4150390625
15378,9083.7705078125
15379,7577.28271484375
15380,12523.9453125
15381,13155.828125
15382,12332.3740234375
15383,8390.1494140625
15384,8072.3515625
15385,10711.3896484375
15386,10038.8486328125
15387,9090.076171875
15388,13952.0615234375
15389,13433.423828125
15390,16738.484375
15391,6482.79931640625
15392,11953.189453125
15393,10943.7890625
15394,14011.814453125
15395,8527.6298828125
15396,16342.6875
15397,8037.03466796875
15398,11390.482421875
15399,7547.9482421875
15400,11062.2109375
15401,7704.08447265625
15402,9869.26171875
15403,7985.74755859375
15404,7481.1875
15405,14849.1181640625
15406,7509.271484375
15407,28419.40234375
15408,10826.640625
15409,0.0
15410,0.0
15411,0.0
15412,0.0
15413,0.0
15414,0.0
15415,0.0
15416,0.0
15417,0.0
15418,0.0
15419,0.0
15420,0.0
15421,0.0
15422,0.0
15423,0.0
15424,0.0
15425,0.0
15426,0.0
15427,0.0
15428,0.0
15429,0.0
15430,0.0
15431,0.0
15432,0.0
15433,0.0
15434,0.0
15435,0.0
15436,0.0
15437,0.0
15438,0.0
15439,0.0
15440,0.0
15441,0.0
15442,0.0
15443,0.0
15444,0.0
15445,0.0
15446,0.0
15447,0.0
15448,0.0
15449,0.0
15450,0.0
15451,0.0
15452,0.0
15453,0.0
15454,0.0
15455,0.0
15456,0.0
15457,0.0
15458,0.0
15459,0.0
15460,0.0
15461,0.0
15462,0.0
15463,0.0
15464,0.0
15465,0.0
15466,0.0
15467,0.0
15468,0.0
15469,0.0
15470,0.0
15471,0.0
15472,0.0
15473,0.0
15474,0.0
15475,0.0
15476,0.0
15477,0.0
15478,0.0
15479,0.0
15480,0.0
15481,0.0
15482,0.0
15483,0.0
15484,0.0
15485,0.0
15486,0.0
15487,0.0
15488,0.0
15489,0.0
15490,0.0
15491,0.0
15492,0.0
15493,0.0
15494,0.0
15495,0.0
15496,0.0
15497,0.0
15498,0.0
15499,0.0
15500,5300.01611328125
15501,0.0
15502,0.0
15503,0.0
15504,0.0
15505,0.0
15506,0.0
15507,0.0
15508,0.0
15509,0.0
15510,0.0
15511,0.0
15512,0.0
15513,0.0
15514,0.0
15515,0.0
15516,0.0
15517,0.0
15518,0.0
15519,0.0
15520,0.0
15521,0.0
15522,0.0
15523,0.0
15524,0.0
15525,0.0
15526,0.0
15527,0.0
15528,0.0
15529,0.0
15530,0.0
15531,0.0
15532,0.0
15533,0.0
15534,0.0
15535,0.0
15536,0.0
15537,0.0
15538,0.0
15539,0.0
15540,0.0
15541,0.0
15542,0.0
15543,0.0
15544,0.0
15545,0.0
15546,0.0
15547,0.0
15548,0.0
15549,0.0
15550,0.0
15551,0.0
15552,0.0
15553,0.0
15554,0.0
15555,0.0
15556,0.0
15557,0.0
15558,0.0
15559,0.0
15560,0.0
15561,0.0
15562,0.0
15563,0.0
15564,0.0
15565,0.0
15566,0.0
15567,0.0
15568,4009.724365234375
15569,0.0
15570,0.0
15571,0.0
15572,0.0
15573,0.0
15574,0.0
15575,0.0
15576,0.0
15577,0.0
15578,0.0
15579,0.0
15580,0.0
15581,0.0
15582,0.0
15583,0.0
15584,0.0
15585,0.0
15586,0.0
15587,0.0
15588,0.0
15589,0.0
15590,0.0
15591,0.0
15592,0.0
15593,0.0
15594,0.0
15595,0.0
15596,0.0
15597,0.0
15598,0.0
15599,0.0
15600,0.0
15601,0.0
15602,0.0
15603,0.0
15604,0.0
15605,0.0
15606,0.0
15607,0.0
15608,0.0
15609,16543.841796875
15610,32460.197265625
15611,0.0
15612,0.0
15613,0.0
15614,0.0
15615,0.0
15616,0.0
15617,0.0
15618,7489.06005859375
15619,0.0
15620,0.0
15621,0.0
15622,0.0
15623,0.0
15624,0.0
15625,0.0
15626,0.0
15627,0.0
15628,0.0
15629,0.0
15630,0.0
15631,0.0
15632,0.0
15633,0.0
15634,0.0
15635,0.0
15636,0.0
15637,4672.3623046875
15638,0.0
15639,0.0
15640,0.0
15641,0.0
15642,0.0
15643,0.0
15644,0.0
15645,0.0
15646,0.0
15647,4540.33837890625
15648,0.0
15649,0.0
15650,0.0
15651,0.0
15652,0.0
15653,0.0
15654,0.0
15655,0.0
15656,0.0
15657,0.0
15658,0.0
15659,0.0
15660,0.0
15661,0.0
15662,0.0
15663,0.0
15664,0.0
15665,8821.849609375
15666,0.0
15667,0.0
15668,0.0
15669,0.0
15670,0.0
15671,0.0
15672,0.0
15673,0.0
15674,0.0
15675,0.0
15676,0.0
15677,0.0
15678,0.0
15679,0.0
15680,0.0
15681,0.0
15682,10043.755859375
15683,0.0
15684,0.0
15685,0.0
15686,0.0
15687,0.0
15688,0.0
15689,0.0
15690,0.0
15691,0.0
15692,0.0
15693,0.0
15694,0.0
15695,0.0
15696,0.0
15697,0.0
15698,0.0
15699,0.0
15700,0.0
15701,0.0
15702,0.0
15703,0.0
15704,0.0
15705,0.0
15706,0.0
15707,0.0
15708,0.0
15709,0.0
15710,0.0
15711,0.0
15712,0.0
15713,0.0
15714,0.0
15715,0.0
15716,0.0
15717,0.0
15718,0.0
15719,0.0
15720,0.0
15721,0.0
15722,0.0
15723,0.0
15724,0.0
15725,0.0
15726,0.0
15727,0.0
15728,0.0
15729,0.0
15730,0.0
15731,0.0
15732,0.0
15733,0.0
15734,0.0
15735,0.0
15736,0.0
15737,0.0
15738,0.0
15739,0.0
15740,0.0
15741,0.0
15742,0.0
15743,0.0
15744,2180.86083984375
15745,0.0
15746,0.0
15747,0.0
15748,0.0
15749,0.0
15750,0.0
15751,0.0
15752,0.0
15753,0.0
15754,0.0
15755,0.0
15756,0.0
15757,0.0
15758,6134.830078125
15759,0.0
15760,0.0
15761,0.0
15762,0.0
15763,0.0
15764,0.0
15765,0.0
15766,0.0
15767,0.0
15768,0.0
15769,0.0
15770,0.0
15771,0.0
15772,0.0
15773,0.0
15774,0.0
15775,0.0
15776,0.0
15777,0.0
15778,0.0
15779,0.0
15780,0.0
15781,0.0
15782,0.0
15783,0.0
15784,0.0
15785,0.0
15786,0.0
15787,0.0
15788,0.0
15789,0.0
15790,0.0
15791,0.0
15792,0.0
15793,0.0
15794,0.0
15795,0.0
15796,0.0
15797,0.0
15798,0.0
15799,0.0
15800,0.0
15801,8348.86328125
15802,0.0
15803,0.0
15804,0.0
15805,0.0
15806,0.0
15807,0.0
15808,0.0
15809,0.0
15810,0.0
15811,3802.37451171875
15812,0.0
15813,0.0
15814,0.0
15815,6264.0341796875
15816,0.0
15817,0.0
15818,0.0
15819,0.0
15820,0.0
15821,0.0
15822,0.0
15823,0.0
15824,0.0
15825,0.0
15826,0.0
15827,0.0
15828,0.0
15829,0.0
15830,0.0
15831,0.0
15832,0.0
15833,0.0
15834,0.0
15835,0.0
15836,0.0
15837,0.0
15838,0.0
15839,0.0
15840,0.0
15841,0.0
15842,21684.748046875
15843,0.0
15844,0.0
15845,0.0
15846,0.0
15847,0.0
15848,0.0
15849,0.0
15850,0.0
15851,0.0
15852,0.0
15853,0.0
15854,0.0
15855,0.0
15856,6749.53369140625
15857,0.0
15858,0.0
15859,0.0
15860,0.0
15861,0.0
15862,0.0
15863,0.0
15864,0.0
15865,0.0
15866,0.0
15867,0.0
15868,0.0
15869,0.0
15870,0.0
15871,0.0
15872,0.0
15873,0.0
15874,0.0
15875,0.0
15876,0.0
15877,0.0
15878,0.0
15879,0.0
15880,0.0
15881,0.0
15882,0.0
15883,0.0
15884,0.0
15885,0.0
15886,0.0
15887,0.0
15888,0.0
15889,0.0
15890,0.0
15891,0.0
15892,0.0
15893,0.0
15894,0.0
15895,0.0
15896,0.0
15897,0.0
15898,0.0
15899,0.0
15900,0.0
15901,0.0
15902,0.0
15903,0.0
15904,0.0
15905,0.0
15906,0.0
15907,0.0
15908,0.0
15909,0.0
15910,0.0
15911,0.0
15912,0.0
15913,0.0
15914,0.0
15915,0.0
15916,0.0
15917,0.0
15918,0.0
15919,0.0
15920,0.0
15921,0.0
15922,0.0
15923,0.0
15924,0.0
15925,0.0
15926,0.0
15927,0.0
15928,0.0
15929,0.0
15930,0.0
15931,13570.099609375
15932,0.0
15933,0.0
15934,0.0
15935,0.0
15936,0.0
15937,0.0
15938,0.0
15939,0.0
15940,0.0
15941,0.0
15942,0.0
15943,0.0
15944,0.0
15945,0.0
15946,0.0
15947,0.0
15948,0.0
15949,0.0
15950,0.0
15951,0.0
15952,0.0
15953,0.0
15954,0.0
15955,0.0
15956,0.0
15957,0.0
15958,0.0
15959,0.0
15960,0.0
15961,0.0
15962,0.0
15963,0.0
15964,0.0
15965,0.0
15966,0.0
15967,0.0
15968,0.0
15969,0.0
15970,0.0
15971,0.0
15972,0.0
15973,0.0
15974,0.0
15975,5161.27685546875
15976,17796.55078125
15977,0.0
15978,0.0
15979,0.0
15980,0.0
15981,0.0
15982,0.0
15983,0.0
15984,0.0
15985,0.0
15986,0.0
15987,0.0
15988,0.0
15989,0.0
15990,0.0
15991,0.0
15992,0.0
15993,0.0
15994,0.0
15995,0.0
15996,0.0
15997,0.0
15998,0.0
15999,0.0
16000,0.0
16001,0.0
16002,0.0
16003,0.0
16004,13163.2236328125
16005,0.0
16006,0.0
16007,0.0
16008,0.0
16009,0.0
16010,0.0
16011,0.0
16012,0.0
16013,0.0
16014,0.0
16015,0.0
16016,0.0
16017,0.0
16018,0.0
16019,0.0
16020,0.0
16021,0.0
16022,0.0
16023,0.0
16024,0.0
16025,0.0
16026,0.0
16027,0.0
16028,0.0
16029,0.0
16030,0.0
16031,0.0
16032,0.0
16033,0.0
16034,0.0
16035,0.0
16036,0.0
16037,0.0
16038,0.0
16039,0.0
16040,0.0
16041,0.0
16042,0.0
16043,0.0
16044,0.0
16045,0.0
16046,0.0
16047,0.0
16048,0.0
16049,0.0
16050,0.0
16051,0.0
16052,0.0
16053,0.0
16054,0.0
16055,0.0
16056,0.0
16057,0.0
16058,0.0
16059,0.0
16060,0.0
16061,0.0
16062,0.0
16063,0.0
16064,0.0
16065,0.0
16066,0.0
16067,0.0
16068,0.0
16069,0.0
16070,0.0
16071,0.0
16072,0.0
16073,0.0
16074,3148.375732421875
16075,0.0
16076,0.0
16077,0.0
16078,2080.34228515625
16079,0.0
16080,0.0
16081,0.0
16082,0.0
16083,0.0
16084,0.0
16085,0.0
16086,0.0
16087,0.0
16088,0.0
16089,0.0
16090,0.0
16091,0.0
16092,0.0
16093,0.0
16094,0.0
16095,0.0
16096,0.0
16097,0.0
16098,0.0
16099,0.0
16100,0.0
16101,0.0
16102,0.0
16103,0.0
16104,0.0
16105,0.0
16106,0.0
16107,0.0
16108,0.0
16109,0.0
16110,0.0
16111,0.0
16112,0.0
16113,0.0
16114,0.0
16115,0.0
16116,0.0
16117,0.0
16118,0.0
16119,0.0
16120,0.0
16121,0.0
16122,0.0
16123,0.0
16124,0.0
16125,0.0
16126,0.0
16127,0.0
16128,0.0
16129,3746.739501953125
16130,0.0
16131,0.0
16132,0.0
16133,0.0
16134,0.0
16135,0.0
16136,0.0
16137,0.0
16138,0.0
16139,0.0
16140,0.0
16141,0.0
16142,0.0
16143,0.0
16144,12372.52734375
16145,0.0
16146,0.0
16147,0.0
16148,0.0
16149,0.0
16150,0.0
16151,0.0
16152,0.0
16153,0.0
16154,0.0
16155,0.0
16156,0.0
16157,0.0
16158,0.0
16159,0.0
16160,0.0
16161,0.0
16162,0.0
16163,0.0
16164,0.0
16165,0.0
16166,0.0
16167,0.0
16168,0.0
16169,0.0
16170,0.0
16171,0.0
16172,0.0
16173,0.0
16174,0.0
16175,0.0
16176,0.0
16177,0.0
16178,0.0
16179,0.0
16180,0.0
16181,0.0
16182,0.0
16183,0.0
16184,0.0
16185,0.0
16186,0.0
16187,0.0
16188,0.0
16189,0.0
16190,0.0
16191,0.0
16192,0.0
16193,0.0
16194,0.0
16195,0.0
16196,0.0
16197,0.0
16198,0.0
16199,0.0
16200,0.0
16201,0.0
16202,0.0
16203,0.0
16204,0.0
16205,0.0
16206,0.0
16207,0.0
16208,4738.64599609375
16209,0.0
16210,0.0
16211,0.0
16212,0.0
16213,0.0
16214,0.0
16215,0.0
16216,0.0
16217,0.0
16218,0.0
16219,0.0
16220,0.0
16221,0.0
16222,0.0
16223,0.0
16224,0.0
16225,0.0
16226,0.0
16227,0.0
16228,0.0
16229,0.0
16230,0.0
16231,0.0
16232,0.0
16233,0.0
16234,0.0
16235,0.0
16236,0.0
16237,0.0
16238,0.0
16239,0.0
16240,0.0
16241,0.0
16242,0.0
16243,0.0
16244,0.0
16245,0.0
16246,0.0
16247,0.0
16248,0.0
16249,14529.0986328125
16250,6734.0234375
16251,0.0
16252,0.0
16253,0.0
16254,0.0
16255,0.0
16256,0.0
16257,0.0
16258,0.0
16259,0.0
16260,0.0
16261,0.0
16262,0.0
16263,0.0
16264,0.0
16265,3908.980224609375
16266,4611.875
16267,8087.5234375
16268,4119.87548828125
16269,6505.4599609375
16270,4531.3564453125
16271,6498.7060546875
16272,7217.71337890625
16273,4303.09765625
16274,3489.435791015625
16275,6010.8974609375
16276,5668.91943359375
16277,5037.40673828125
16278,7076.05810546875
16279,6265.83349609375
16280,4401.73193359375
16281,4696.779296875
16282,7719.392578125
16283,8167.59912109375
16284,6636.26416015625
16285,7522.935546875
16286,3767.82421875
16287,5797.2119140625
16288,2438.059814453125
16289,8375.24609375
16290,7452.4697265625
16291,8851.59375
16292,5974.35205078125
16293,3975.263916015625
16294,4864.2744140625
16295,6337.05615234375
16296,7860.1044921875
16297,3439.462890625
16298,5742.56201171875
16299,5861.19921875
16300,6235.46484375
16301,2890.0146484375
16302,7873.1982421875
16303,4499.8955078125
16304,7358.67724609375
16305,6126.91748046875
16306,4833.46484375
16307,8334.9267578125
16308,7164.19384765625
16309,4780.21826171875
16310,4210.412109375
16311,8026.0029296875
16312,10930.146484375
16313,5676.03466796875
16314,6395.0244140625
16315,8711.2353515625
16316,7794.953125
16317,5573.52880859375
16318,6783.35595703125
16319,3171.318115234375
16320,3039.838623046875
16321,4754.77978515625
16322,6814.0400390625
16323,8020.5830078125
16324,7341.7451171875
16325,4344.28076171875
16326,8599.427734375
16327,8576.65625
16328,5724.814453125
16329,3181.79443359375
16330,11701.0791015625
16331,4025.53857421875
16332,4724.24951171875
16333,7769.861328125
16334,4357.8994140625
16335,6111.07958984375
16336,2947.683349609375
16337,5734.7333984375
16338,4767.6083984375
16339,5396.2978515625
16340,7299.76806640625
16341,7733.31494140625
16342,6851.88134765625
16343,4702.78173828125
16344,8033.35205078125
16345,12421.3515625
16346,7148.71533203125
16347,4556.45556640625
16348,6229.822265625
16349,5954.62646484375
16350,6242.50537109375
16351,8445.228515625
16352,2899.58349609375
16353,8068.06201171875
16354,5517.771484375
16355,5704.5263671875
16356,7995.79443359375
16357,3317.4921875
16358,5334.95703125
16359,5642.26318359375
16360,7486.6279296875
16361,8060.37890625
16362,3954.49951171875
16363,3725.049072265625
16364,7433.1416015625
16365,6312.8095703125
16366,4870.28759765625
16367,4625.46826171875
16368,5414.88525390625
16369,6093.89208984375
16370,4979.4296875
16371,4198.08056640625
16372,5071.40283203125
16373,6566.666015625
16374,7031.5712890625
16375,7254.40283203125
16376,8290.3056640625
16377,4547.6787109375
16378,8788.6123046875
16379,3647.93017578125
16380,4136.0078125
16381,8215.439453125
16382,7443.39990234375
16383,6805.93896484375
16384,9231.8994140625
16385,6820.8876953125
16386,4740.025390625
16387,6753.49267578125
16388,7664.13623046875
16389,4934.11181640625
16390,3473.382080078125
16391,5655.08984375
16392,5242.9794921875
16393,5233.2646484375
16394,3269.558837890625
16395,5931.41748046875
16396,6013.29736328125
16397,6249.693359375
16398,6273.16015625
16399,3538.105712890625
16400,7022.5546875
16401,6604.46435546875
16402,4059.68017578125
16403,5320.78857421875
16404,3995.84033203125
16405,5324.77734375
16406,3101.41357421875
16407,5194.0849609375
16408,6049.611328125
16409,7510.568359375
16410,6511.849609375
16411,6939.5322265625
16412,12517.2021484375
16413,4361.560546875
16414,5355.88525390625
16415,10863.7314453125
16416,6132.08740234375
16417,8424.857421875
16418,6356.556640625
16419,5448.71240234375
16420,6750.67236328125
16421,5110.81396484375
16422,5317.7021484375
16423,9121.3369140625
16424,5581.15771484375
16425,3000.383544921875
16426,3561.8115234375
16427,7332.6650390625
16428,8486.68359375
16429,7460.3916015625
16430,6807.9931640625
16431,4530.484375
16432,2824.551513671875
16433,2540.03076171875
16434,3984.85498046875
16435,6327.07421875
16436,7216.5830078125
16437,5057.22509765625
16438,5263.84912109375
16439,8116.240234375
16440,7485.33056640625
16441,8222.2158203125
16442,4942.28662109375
16443,9161.2998046875
16444,9866.4775390625
16445,4214.16162109375
16446,5674.6455078125
16447,5635.97607421875
16448,6895.83935546875
16449,2625.27294921875
16450,5771.59716796875
16451,4766.3017578125
16452,8195.0234375
16453,5868.58935546875
16454,7810.50341796875
16455,7382.24951171875
16456,5656.2900390625
16457,8544.2529296875
16458,18120.185546875
16459,8393.666015625
16460,4742.0732421875
16461,3806.886962890625
16462,6890.76611328125
16463,7354.21533203125
16464,4831.58251953125
16465,10129.1875
16466,18627.08984375
16467,5862.96630859375
16468,3849.136474609375
16469,11308.998046875
16470,3889.423583984375
16471,5634.5029296875
16472,3738.73486328125
16473,6798.77392578125
16474,5077.8935546875
16475,5973.3427734375
16476,4975.6318359375
16477,5802.3388671875
16478,10086.23046875
16479,6731.1064453125
16480,6340.65869140625
16481,6760.7685546875
16482,4888.923828125
16483,6427.90185546875
16484,9556.7998046875
16485,5287.72802734375
16486,5166.88134765625
16487,4245.48486328125
16488,3931.940673828125
16489,5171.740234375
16490,4634.58984375
16491,5683.08984375
16492,7496.91845703125
16493,9468.650390625
16494,7942.27734375
16495,5058.59375
16496,3421.20068359375
16497,4793.17822265625
16498,4793.74365234375
16499,6847.70263671875
16500,4322.82275390625
16501,6399.3076171875
16502,5185.9716796875
16503,8904.0908203125
16504,6020.5703125
16505,3731.9970703125
16506,3833.291259765625
16507,4054.412109375
16508,8210.033203125
16509,5580.89453125
16510,5609.86767578125
16511,13251.900390625
16512,6173.2314453125
16513,4840.2646484375
16514,5809.34765625
16515,3360.01904296875
16516,4934.68798828125
16517,4342.37451171875
16518,4814.341796875
16519,10050.9970703125
16520,4610.7861328125
16521,8503.48046875
16522,11047.4462890625
16523,5479.07958984375
16524,5470.48876953125
16525,5441.4521484375
16526,5953.5263671875
16527,4959.98974609375
16528,9229.9130859375
16529,5047.619140625
16530,8096.5703125
16531,3587.12548828125
16532,6081.79345703125
16533,5692.71875
16534,7355.2939453125
16535,6192.2021484375
16536,5547.2900390625
16537,6797.44580078125
16538,5332.5205078125
16539,8328.35546875
16540,7679.52978515625
16541,6746.3662109375
16542,9315.8271484375
16543,7054.138671875
16544,8609.2978515625
16545,4211.72021484375
16546,5648.68798828125
16547,5715.8935546875
16548,9702.7490234375
16549,6409.63037109375
16550,6541.712890625
16551,6112.50048828125
16552,7617.5654296875
16553,4846.66015625
16554,7235.7431640625
16555,6795.17333984375
16556,2803.75830078125
16557,8658.7412109375
16558,15713.01171875
16559,7148.38623046875
16560,6787.3173828125
16561,7122.1962890625
16562,8492.4306640625
16563,8752.4013671875
16564,3758.70263671875
16565,4458.333984375
16566,5950.27197265625
16567,8259.359375
16568,3271.257568359375
16569,4712.94970703125
16570,5305.56884765625
16571,5206.69189453125
16572,4905.84130859375
16573,3966.07861328125
16574,3560.4697265625
16575,7549.55322265625
16576,4094.181640625
16577,4909.4375
16578,5773.78173828125
16579,5887.072265625
16580,9019.3037109375
16581,11460.572265625
16582,6160.99853515625
16583,7046.1611328125
16584,6743.02880859375
16585,9254.71484375
16586,5034.4892578125
16587,3580.322265625
16588,5175.22607421875
16589,13930.421875
16590,4615.607421875
16591,7588.72265625
16592,2269.436279296875
16593,3604.44921875
16594,8162.34375
16595,7075.13916015625
16596,5718.07568359375
16597,8716.9853515625
16598,9154.546875
16599,8233.9736328125
16600,5070.42138671875
16601,9045.349609375
16602,2320.747802734375
16603,3062.791748046875
16604,6547.16943359375
16605,4808.4189453125
16606,10013.552734375
16607,2635.957763671875
16608,6924.0634765625
16609,6063.97802734375
16610,9009.2841796875
16611,8855.4052734375
16612,5169.69677734375
16613,3452.7255859375
16614,9975.248046875
16615,8985.46875
16616,4372.46875
16617,5461.3291015625
16618,8288.3955078125
16619,5878.1083984375
16620,4707.43359375
16621,4069.904541015625
16622,7505.4462890625
16623,4381.5224609375
16624,12444.677734375
16625,9074.7705078125
16626,15975.0986328125
16627,6425.27392578125
16628,6045.1103515625
16629,2155.48486328125
16630,5841.07177734375
16631,6174.2685546875
16632,4675.04150390625
16633,8724.66796875
16634,6029.1865234375
16635,3145.695556640625
16636,6697.01171875
16637,4577.740234375
16638,8603.9228515625
16639,7087.888671875
16640,6889.7255859375
16641,7833.7783203125
16642,4478.7822265625
16643,7315.1337890625
16644,6642.33251953125
16645,5873.982421875
16646,6779.14892578125
16647,4407.65771484375
16648,9454.1640625
16649,5929.48095703125
16650,3426.09130859375
16651,5349.6552734375
16652,7596.6533203125
16653,6560.17626953125
16654,4626.45458984375
16655,5471.013671875
16656,5764.14697265625
16657,5251.328125
16658,5335.20556640625
16659,9075.5791015625
16660,4688.10595703125
16661,3941.76171875
16662,5568.595703125
16663,6561.58740234375
16664,3625.891845703125
16665,5301.42138671875
16666,8386.75
16667,8477.2724609375
16668,10105.232421875
16669,8901.1416015625
16670,8274.515625
16671,6701.36865234375
16672,5393.5205078125
16673,10433.287109375
16674,8628.189453125
16675,7058.4931640625
16676,5675.01513671875
16677,6345.84814453125
16678,5356.4833984375
16679,3002.169189453125
16680,10889.099609375
16681,7400.869140625
16682,6193.5771484375
16683,4581.55224609375
16684,1491.574951171875
16685,7675.8837890625
16686,5531.435546875
16687,6497.34619140625
16688,4399.55322265625
16689,4798.947265625
16690,6481.47509765625
16691,4740.2666015625
16692,10486.0498046875
16693,5015.3916015625
16694,5278.841796875
16695,3217.22509765625
16696,3877.98486328125
16697,4804.947265625
16698,13651.435546875
16699,4517.017578125
16700,5382.27587890625
16701,4676.70458984375
16702,4223.7333984375
16703,3699.08056640625
16704,5712.25537109375
16705,3015.56591796875
16706,9250.4462890625
16707,5050.23486328125
16708,3092.433349609375
16709,8320.82421875
16710,2629.021484375
16711,4891.81298828125
16712,9507.0009765625
16713,7636.94873046875
16714,8817.681640625
16715,3136.38134765625
16716,4725.234375
16717,4916.66455078125
16718,4725.0751953125
16719,14791.5751953125
16720,12054.904296875
16721,5122.4443359375
16722,2957.124755859375
16723,6602.41455078125
16724,4661.34375
16725,3028.2900390625
16726,8377.0009765625
16727,5307.19677734375
16728,4650.2001953125
16729,7005.65625
16730,4372.30322265625
16731,5651.92822265625
16732,6416.4423828125
16733,5922.37646484375
16734,6444.3486328125
16735,3915.77099609375
16736,5880.12890625
16737,6795.44677734375
16738,7380.87890625
16739,5954.78125
16740,6858.75390625
16741,3467.740234375
16742,8413.216796875
16743,4976.3447265625
16744,3708.491943359375
16745,4781.90576171875
16746,5215.67626953125
16747,4842.15673828125
16748,6729.681640625
16749,4016.596435546875
16750,6173.1552734375
16751,5028.75830078125
16752,7852.5185546875
16753,7798.07080078125
16754,6027.9755859375
16755,6806.5693359375
16756,5991.443359375
16757,3406.665283203125
16758,11037.130859375
16759,3571.36767578125
16760,4454.83544921875
16761,6347.560546875
16762,10131.5185546875
16763,10823.20703125
16764,4622.357421875
16765,5377.412109375
16766,6007.84716796875
16767,6930.8154296875
16768,4832.68408203125
16769,8349.130859375
16770,3508.516845703125
16771,4380.3349609375
16772,3260.8232421875
16773,2924.8603515625
16774,4063.275634765625
16775,6588.7744140625
16776,6715.2900390625
16777,6789.7578125
16778,5155.5087890625
16779,8268.9990234375
16780,8209.669921875
16781,5529.71142578125
16782,5894.3203125
16783,6205.8212890625
16784,7745.5576171875
16785,5965.89404296875
16786,2557.353515625
16787,6142.087890625
16788,6281.52099609375
16789,6239.8076171875
16790,6418.1826171875
16791,2998.98095703125
16792,10194.6279296875
16793,3840.311767578125
16794,9401.607421875
16795,4592.35498046875
16796,4344.28955078125
16797,7053.8525390625
16798,3715.627197265625
16799,4493.44287109375
16800,7950.6943359375
16801,3640.374755859375
16802,8120.2666015625
16803,9100.2265625
16804,6818.94482421875
16805,2736.398681640625
16806,5536.9755859375
16807,3896.905517578125
16808,1710.597900390625
16809,5218.67919921875
16810,6047.93701171875
16811,4997.373046875
16812,4931.4892578125
16813,4706.83447265625
16814,5422.48486328125
16815,7976.162109375
16816,6251.5712890625
16817,5873.4384765625
16818,5364.1025390625
16819,5751.9755859375
16820,6185.2216796875
16821,6656.72412109375
16822,7592.29638671875
16823,7947.02880859375
16824,7787.5869140625
16825,5551.46826171875
16826,5076.27197265625
16827,3086.057373046875
16828,5634.1025390625
16829,9451.5712890625
16830,6290.84716796875
16831,8257.7080078125
16832,14425.6025390625
16833,2910.215087890625
16834,5137.18505859375
16835,4298.67822265625
16836,8544.3603515625
16837,9940.6025390625
16838,6838.275390625
16839,7497.11474609375
16840,8052.16796875
16841,8012.28857421875
16842,6668.95703125
16843,5210.37451171875
16844,3749.96875
16845,4947.28662109375
16846,3819.64697265625
16847,3532.649658203125
16848,6965.56298828125
16849,17866.56640625
16850,5772.6328125
16851,3534.466552734375
16852,4443.978515625
16853,5106.45361328125
16854,6051.21923828125
16855,2977.251220703125
16856,6299.06689453125
16857,7161.96826171875
16858,4492.86279296875
16859,11597.470703125
16860,11500.279296875
16861,4348.3388671875
16862,6052.744140625
16863,4248.9970703125
16864,3720.9111328125
16865,4899.876953125
16866,8405.4609375
16867,4437.1376953125
16868,4372.64208984375
16869,3682.75048828125
16870,4494.2041015625
16871,5734.4658203125
16872,7476.48193359375
16873,3604.05224609375
16874,8010.98291015625
16875,7260.0341796875
16876,5062.212890625
16877,4339.0302734375
16878,4319.76708984375
16879,5533.630859375
16880,4800.7685546875
16881,9872.4365234375
16882,4279.07763671875
16883,4007.570556640625
16884,6660.03662109375
16885,5461.3251953125
16886,6535.236328125
16887,5760.14990234375
16888,6207.77490234375
16889,10209.6708984375
16890,6868.68994140625
16891,5622.95654296875
16892,3861.016845703125
16893,4767.68115234375
16894,6303.732421875
16895,3773.9296875
16896,4606.44140625
16897,5788.28857421875
16898,10005.89453125
16899,8253.6630859375
16900,5466.146484375
16901,6597.494140625
16902,4857.35009765625
16903,8415.2529296875
16904,5760.11865234375
16905,8870.7353515625
16906,6907.3291015625
16907,5179.24609375
16908,4840.51953125
16909,2844.027587890625
16910,4188.361328125
16911,20531.669921875
16912,2703.86376953125
16913,5054.70556640625
16914,6236.16943359375
16915,7296.0146484375
16916,7171.9404296875
16917,8412.7724609375
16918,5817.5625
16919,6167.306640625
16920,2524.53662109375
16921,8443.7958984375
16922,4719.2626953125
16923,6534.59130859375
16924,9397.4375
16925,4733.77734375
16926,7548.12158203125
16927,6374.7490234375
16928,3808.984619140625
16929,6297.625
16930,7287.79931640625
16931,3453.721435546875
16932,8815.9296875
16933,6197.53466796875
16934,5617.33154296875
16935,8779.7841796875
16936,8398.9892578125
16937,6649.86376953125
16938,5023.52978515625
16939,6240.25244140625
16940,6232.8896484375
16941,2932.17431640625
16942,6714.52587890625
16943,3161.4267578125
16944,5626.53271484375
16945,3141.268798828125
16946,5564.00146484375
16947,5432.8076171875
16948,4803.55712890625
16949,5177.73291015625
16950,8990.9462890625
16951,6262.3193359375
16952,7225.9189453125
16953,5475.71484375
16954,6067.2822265625
16955,9694.8193359375
16956,7062.92626953125
16957,3718.895751953125
16958,5657.3525390625
16959,6386.1181640625
16960,4058.265625
16961,12318.0244140625
16962,5843.4736328125
16963,6370.82080078125
16964,9066.5732421875
16965,6577.4609375
16966,2134.122314453125
16967,12999.861328125
16968,9499.6337890625
16969,6381.70068359375
16970,8013.7724609375
16971,7676.8857421875
16972,8489.3955078125
16973,5199.2109375
16974,4421.2373046875
16975,3510.157470703125
16976,4988.66943359375
16977,7674.16845703125
16978,2932.623779296875
16979,8737.3212890625
16980,6757.34423828125
16981,5171.09716796875
16982,8045.2685546875
16983,5527.77734375
16984,8334.05078125
16985,4141.658203125
16986,5186.34814453125
16987,4854.26171875
16988,4822.81396484375
16989,6708.6953125
16990,6322.03271484375
16991,8565.0966796875
16992,6280.05322265625
16993,4417.3056640625
16994,6183.2158203125
16995,6751.630859375
16996,6042.138671875
16997,3516.0
16998,4918.06396484375
16999,9399.443359375
17000,6294.35595703125
17001,0.0
17002,7469.09423828125
17003,6526.31103515625
17004,6362.63232421875
17005,4792.06494140625
17006,2324.997802734375
17007,6615.71923828125
17008,6258.68603515625
17009,5527.71142578125
17010,8773.5771484375
17011,6583.15869140625
17012,4002.228271484375
17013,6531.46435546875
17014,3546.93212890625
17015,1344.138427734375
17016,6228.22265625
17017,7366.126953125
17018,5568.447265625
17019,4632.6220703125
17020,3780.116943359375
17021,4986.8154296875
17022,6983.130859375
17023,6643.27685546875
17024,7635.173828125
17025,4356.64697265625
17026,4741.2587890625
17027,4119.00390625
17028,7087.01220703125
17029,3315.111083984375
17030,3306.474853515625
17031,4125.9404296875
17032,4630.03955078125
17033,6119.41796875
17034,5242.1982421875
17035,4971.1201171875
17036,5517.13720703125
17037,7703.3076171875
17038,5671.740234375
17039,4642.83154296875
17040,10320.0673828125
17041,7061.85986328125
17042,6542.52294921875
17043,2563.06591796875
17044,5233.22314453125
17045,5313.2412109375
17046,4715.79052734375
17047,8355.181640625
17048,7789.02978515625
17049,6698.2998046875
17050,6376.81201171875
17051,6395.861328125
17052,7957.98876953125
17053,12353.4306640625
17054,4171.357421875
17055,4260.701171875
17056,5474.10107421875
17057,5255.39306640625
17058,5759.56787109375
17059,8020.77490234375
17060,6230.7353515625
17061,6242.61083984375
17062,2849.94482421875
17063,5773.78515625
17064,8253.0341796875
17065,3649.400390625
17066,6345.767578125
17067,3991.926025390625
17068,6764.4365234375
17069,6323.373046875
17070,5012.27783203125
17071,6142.810546875
17072,4905.8623046875
17073,4919.54931640625
17074,7276.8427734375
17075,5594.169921875
17076,9047.4970703125
17077,5419.06494140625
17078,8788.0927734375
17079,5200.60498046875
17080,3771.11669921875
17081,8597.2529296875
17082,4106.57666015625
17083,9119.4658203125
17084,5177.23095703125
17085,4762.884765625
17086,7399.513671875
17087,5395.10498046875
17088,5128.8837890625
17089,4824.81201171875
17090,3020.283447265625
17091,3521.9287109375
17092,5962.88916015625
17093,6285.5146484375
17094,9389.275390625
17095,5694.4130859375
17096,5792.02587890625
17097,4128.6943359375
17098,6935.5400390625
17099,3975.154296875
17100,9694.1865234375
17101,8269.9736328125
17102,10775.5390625
17103,5911.7802734375
17104,4802.95654296875
17105,8074.53173828125
17106,7146.97509765625
17107,3267.96533203125
17108,8528.572265625
17109,6591.27490234375
17110,6118.2568359375
17111,5473.0625
17112,4755.3720703125
17113,3072.093994140625
17114,6024.75927734375
17115,3613.373291015625
17116,2861.64990234375
17117,7236.66015625
17118,6483.8388671875
17119,24067.76171875
17120,8581.0791015625
17121,3484.756103515625
17122,6830.2236328125
17123,10447.1162109375
17124,5353.416015625
17125,6750.431640625
17126,5004.56982421875
17127,6979.666015625
17128,6171.26611328125
17129,3838.107177734375
17130,5697.68359375
17131,6495.90380859375
17132,6436.775390625
17133,7002.5234375
17134,7939.01708984375
17135,4652.41162109375
17136,5567.64697265625
17137,5704.466796875
17138,8679.1923828125
17139,11276.6083984375
17140,8251.6259765625
17141,7391.3369140625
17142,4689.1005859375
17143,5845.9501953125
17144,3784.772216796875
17145,8621.796875
17146,8610.1162109375
17147,7806.20458984375
17148,5269.4716796875
17149,5432.9736328125
17150,4657.35595703125
17151,6542.6728515625
17152,9111.84375
17153,5414.337890625
17154,4652.3408203125
17155,4965.12646484375
17156,7557.51611328125
17157,4375.4931640625
17158,7214.103515625
17159,3782.748291015625
17160,6469.70947265625
17161,5560.0087890625
17162,5473.60888671875
17163,7932.09912109375
17164,6355.7919921875
17165,4551.14208984375
17166,6758.4580078125
17167,7149.28564453125
17168,10704.7734375
17169,5594.58056640625
17170,7188.25341796875
17171,7917.58935546875
17172,9035.5703125
17173,5904.02734375
17174,8177.35595703125
17175,3486.1025390625
17176,3883.2705078125
17177,5592.9599609375
17178,6166.87451171875
17179,8732.1181640625
17180,7245.61865234375
17181,5091.33544921875
17182,7112.689453125
17183,6700.806640625
17184,8348.001953125
17185,4261.1826171875
17186,12594.931640625
17187,4563.99609375
17188,5151.5419921875
17189,8139.1904296875
17190,4340.0693359375
17191,6173.28369140625
17192,5753.15576171875
17193,6739.08056640625
17194,5082.2421875
17195,4588.8408203125
17196,7166.3857421875
17197,7524.28125
17198,6914.44384765625
17199,4990.3720703125
17200,7387.509765625
17201,11938.650390625
17202,6718.48486328125
17203,5150.68701171875
17204,5242.75927734375
17205,6308.2529296875
17206,5417.25537109375
17207,6449.05224609375
17208,4203.32275390625
17209,6663.708984375
17210,5225.2900390625
17211,6256.28857421875
17212,8198.041015625
17213,5942.31884765625
17214,6065.056640625
17215,4894.29833984375
17216,7147.052734375
17217,7772.28173828125
17218,4501.13818359375
17219,4085.7451171875
17220,7044.0166015625
17221,5378.67236328125
17222,4588.0791015625
17223,6635.8505859375
17224,6744.43408203125
17225,6588.80712890625
17226,5116.3720703125
17227,5082.974609375
17228,5136.3974609375
17229,7308.5
17230,7386.8115234375
17231,7678.71826171875
17232,7943.8701171875
17233,5428.22314453125
17234,8396.587890625
17235,5493.7919921875
17236,6267.560546875
17237,7663.2626953125
17238,6157.37939453125
17239,9171.48828125
17240,7476.41259765625
17241,6859.54248046875
17242,5169.78955078125
17243,7728.0224609375
17244,7027.09619140625
17245,6089.671875
17246,3638.528076171875
17247,5921.02685546875
17248,6488.576171875
17249,5631.8017578125
17250,4781.2265625
17251,7556.908203125
17252,5915.80126953125
17253,5750.34228515625
17254,5758.1357421875
17255,5169.0634765625
17256,6744.6884765625
17257,6747.3095703125
17258,5032.7294921875
17259,4994.40966796875
17260,4720.96826171875
17261,6331.89111328125
17262,2953.0576171875
17263,6478.216796875
17264,5478.873046875
17265,7750.23828125
17266,6597.64306640625
17267,5760.8720703125
17268,10389.296875
17269,4205.04150390625
17270,5408.18896484375
17271,10998.0048828125
17272,7030.001953125
17273,7246.55517578125
17274,8173.2353515625
17275,5834.37939453125
17276,6279.7880859375
17277,5265.16552734375
17278,7163.294921875
17279,9685.302734375
17280,6242.037109375
17281,2589.62158203125
17282,3960.49169921875
17283,7490.93603515625
17284,8803.9951171875
17285,6129.4091796875
17286,6997.74951171875
17287,5191.21044921875
17288,4630.80810546875
17289,3595.038818359375
17290,5009.29248046875
17291,5873.21240234375
17292,6342.71923828125
17293,5602.6826171875
17294,6791.53662109375
17295,7947.1923828125
17296,8083.626953125
17297,7223.521484375
17298,4898.83154296875
17299,9114.66015625
17300,10006.6904296875
17301,4803.99658203125
17302,7661.47509765625
17303,5304.365234375
17304,6970.7451171875
17305,3185.42919921875
17306,6733.3095703125
17307,4702.66552734375
17308,8305.654296875
17309,7195.0556640625
17310,7852.88671875
17311,8270.90234375
17312,5400.29736328125
17313,7869.7353515625
17314,18724.990234375
17315,8895.7021484375
17316,5737.64501953125
17317,3245.79443359375
17318,6398.90771484375
17319,8018.22900390625
17320,6672.275390625
17321,11802.646484375
17322,20592.931640625
17323,3740.145263671875
17324,4550.42333984375
17325,8683.5048828125
17326,4496.16455078125
17327,8517.1767578125
17328,5794.5673828125
17329,7251.30615234375
17330,5569.6220703125
17331,5115.15234375
17332,5532.06591796875
17333,6761.15380859375
17334,8577.25390625
17335,6178.09033203125
17336,5755.580078125
17337,5814.19189453125
17338,4054.935791015625
17339,4778.68017578125
17340,7899.6865234375
17341,5123.4130859375
17342,5159.26123046875
17343,6863.21923828125
17344,5609.91845703125
17345,5779.9814453125
17346,5844.2578125
17347,5892.6279296875
17348,8199.50390625
17349,7600.794921875
17350,8042.89794921875
17351,5040.97314453125
17352,2881.7119140625
17353,6040.396484375
17354,5800.55419921875
17355,6023.673828125
17356,4793.97900390625
17357,7005.13916015625
17358,5465.615234375
17359,9430.3505859375
17360,6193.2802734375
17361,4693.56640625
17362,5171.626953125
17363,4105.2880859375
17364,8900.212890625
17365,5398.35595703125
17366,8253.7724609375
17367,14634.5751953125
17368,5955.01025390625
17369,5868.48046875
17370,5302.15771484375
17371,5072.03759765625
17372,7775.88671875
17373,4071.7138671875
17374,4535.2138671875
17375,10372.169921875
17376,4913.16650390625
17377,11805.4052734375
17378,12565.822265625
17379,5029.427734375
17380,6249.83984375
17381,5696.15576171875
17382,6262.802734375
17383,5731.7978515625
17384,9037.998046875
17385,6295.0693359375
17386,8638.111328125
17387,5173.451171875
17388,7633.0751953125
17389,5199.58642578125
17390,7379.70068359375
17391,5695.7685546875
17392,6534.74560546875
17393,6494.1103515625
17394,6616.2666015625
17395,8243.0927734375
17396,9516.9033203125
17397,5549.52197265625
17398,10116.1962890625
17399,6327.81396484375
17400,9025.5712890625
17401,5366.97314453125
17402,4892.39013671875
17403,5008.91796875
17404,8481.8681640625
17405,6000.5927734375
17406,6973.01318359375
17407,5860.91162109375
17408,7246.33203125
17409,4271.58740234375
17410,8337.9697265625
17411,6891.52099609375
17412,3573.83447265625
17413,10530.048828125
17414,15992.986328125
17415,5936.560546875
17416,6384.88037109375
17417,9254.7197265625
17418,9266.08984375
17419,10224.451171875
17420,6195.1796875
17421,6742.87060546875
17422,5993.724609375
17423,8166.1904296875
17424,4492.3154296875
17425,6097.86181640625
17426,4824.02587890625
17427,5520.044921875
17428,7529.828125
17429,4861.64892578125
17430,4010.556396484375
17431,6533.5458984375
17432,3825.862060546875
17433,4623.9248046875
17434,5620.953125
17435,6845.462890625
17436,8578.9228515625
17437,8008.28466796875
17438,7222.82666015625
17439,6054.4619140625
17440,6369.41259765625
17441,8662.88671875
17442,6395.5986328125
17443,6034.9326171875
17444,5336.96435546875
17445,11237.33984375
17446,3689.9111328125
17447,7744.29296875
17448,3436.340087890625
17449,4495.453125
17450,6637.705078125
17451,7018.37890625
17452,5796.8544921875
17453,7903.37451171875
17454,9658.681640625
17455,11096.0322265625
17456,6119.7880859375
17457,10012.2548828125
17458,3027.55810546875
17459,5267.32958984375
17460,6572.84228515625
17461,4149.42431640625
17462,8545.0048828125
17463,4847.5830078125
17464,5885.89453125
17465,7991.90771484375
17466,10377.5908203125
17467,7149.86962890625
17468,4928.69384765625
17469,4526.40673828125
17470,10423.7197265625
17471,7562.13916015625
17472,5599.97314453125
17473,5663.171875
17474,6416.6318359375
17475,8455.8408203125
17476,4381.693359375
17477,5258.77001953125
17478,6887.83447265625
17479,7770.060546875
17480,11931.3134765625
17481,6851.49560546875
17482,14878.734375
17483,5937.38330078125
17484,6072.69580078125
17485,3878.44775390625
17486,6656.759765625
17487,6618.873046875
17488,4842.138671875
17489,8154.79248046875
17490,5252.162109375
17491,4749.00927734375
17492,6757.47021484375
17493,3485.298828125
17494,6126.09326171875
17495,6411.40380859375
17496,8109.66796875
17497,7916.32666015625
17498,4269.03466796875
17499,9028.302734375
17500,5646.99365234375
17501,5261.59765625
17502,5172.43017578125
17503,4909.03662109375
17504,10328.5576171875
17505,6740.36181640625
17506,3914.979248046875
17507,6727.283203125
17508,8427.4921875
17509,7040.31103515625
17510,6099.6240234375
17511,8310.2275390625
17512,5452.1533203125
17513,6579.607421875
17514,5784.90869140625
17515,8327.92578125
17516,4978.80126953125
17517,5284.32373046875
17518,5471.49267578125
17519,5330.482421875
17520,4824.955078125
17521,5498.66455078125
17522,7408.94287109375
17523,8177.38330078125
17524,10716.4365234375
17525,10281.9619140625
17526,7865.46826171875
17527,7043.671875
17528,5701.25390625
17529,10551.02734375
17530,10317.1083984375
17531,7540.73095703125
17532,7979.55322265625
17533,8586.9609375
17534,5779.9521484375
17535,3355.382080078125
17536,7852.02099609375
17537,6017.57958984375
17538,6618.32373046875
17539,5279.55712890625
17540,2319.584716796875
17541,9187.5498046875
17542,5079.17919921875
17543,6985.98291015625
17544,5646.564453125
17545,4592.21826171875
17546,6645.8662109375
17547,5905.43310546875
17548,7004.80859375
17549,5545.4833984375
17550,5247.955078125
17551,3621.1982421875
17552,3901.4482421875
17553,6604.9384765625
17554,15937.6083984375
17555,5050.6279296875
17556,5781.767578125
17557,6287.86572265625
17558,5936.25537109375
17559,5192.271484375
17560,4993.10302734375
17561,4652.4794921875
17562,6886.58251953125
17563,5411.55810546875
17564,3588.547607421875
17565,7481.09130859375
17566,4547.009765625
17567,4837.17138671875
17568,8968.083984375
17569,7169.02880859375
17570,9326.560546875
17571,4673.29248046875
17572,6103.88818359375
17573,4645.9013671875
17574,4973.87744140625
17575,13909.181640625
17576,10024.099609375
17577,6115.59326171875
17578,4013.87255859375
17579,5054.611328125
17580,6231.39599609375
17581,4966.0537109375
17582,8740.79296875
17583,5315.09375
17584,4300.73876953125
17585,6896.310546875
17586,4026.868896484375
17587,6116.46044921875
17588,6280.4658203125
17589,5737.15966796875
17590,5739.48193359375
17591,4708.94775390625
17592,5213.46484375
17593,6149.20166015625
17594,7790.56103515625
17595,7812.14697265625
17596,6606.28369140625
17597,4513.20166015625
17598,6542.16796875
17599,5914.21533203125
17600,3885.669677734375
17601,7750.07177734375
17602,7481.43408203125
17603,6361.18701171875
17604,5662.994140625
17605,6410.7734375
17606,6070.92919921875
17607,5412.02978515625
17608,6386.93212890625
17609,6272.50146484375
17610,6125.7060546875
17611,8297.4111328125
17612,5859.08740234375
17613,5341.7705078125
17614,11099.9150390625
17615,5001.02783203125
17616,3712.72900390625
17617,8188.64990234375
17618,9099.6474609375
17619,10871.6435546875
17620,5027.85205078125
17621,5960.80078125
17622,5233.12255859375
17623,7013.82421875
17624,5776.8076171875
17625,8045.0
17626,3332.96142578125
17627,6026.05078125
17628,4973.955078125
17629,4331.51416015625
17630,4516.13427734375
17631,5973.94873046875
17632,6189.2783203125
17633,5707.91943359375
17634,7355.68505859375
17635,6037.5029296875
17636,7684.3427734375
17637,5528.04345703125
17638,6135.671875
17639,5968.025390625
17640,7501.115234375
17641,9776.1669921875
17642,3790.5751953125
17643,8385.361328125
17644,6536.71337890625
17645,7307.29833984375
17646,5446.20263671875
17647,3838.39794921875
17648,7716.701171875
17649,5857.00439453125
17650,8851.35546875
17651,6026.408203125
17652,5317.21484375
17653,7335.28515625
17654,5708.21826171875
17655,4786.134765625
17656,6276.63818359375
17657,5099.29833984375
17658,9304.66796875
17659,9934.4951171875
17660,6744.94970703125
17661,4417.4111328125
17662,4856.7421875
17663,3637.865966796875
17664,3423.7685546875
17665,7786.2041015625
17666,5144.150390625
17667,9723.708984375
17668,4401.87841796875
17669,4944.1650390625
17670,5948.67578125
17671,8447.9658203125
17672,5703.3076171875
17673,5620.1171875
17674,4953.24365234375
17675,6978.458984375
17676,5248.76806640625
17677,7104.05712890625
17678,7626.0888671875
17679,8115.2373046875
17680,7195.38037109375
17681,7245.482421875
17682,5623.0419921875
17683,4822.71435546875
17684,4998.55615234375
17685,10431.578125
17686,7988.556640625
17687,8165.017578125
17688,16035.5126953125
17689,6029.947265625
17690,4174.37890625
17691,6900.45166015625
17692,8490.8984375
17693,9618.3544921875
17694,6893.091796875
17695,7183.197265625
17696,7989.7138671875
17697,6963.51416015625
17698,6718.73876953125
17699,5856.732421875
17700,4564.10546875
17701,4400.19287109375
17702,4634.4482421875
17703,4923.21875
17704,7627.04541015625
17705,16744.93359375
17706,5999.833984375
17707,4767.5615234375
17708,6874.232421875
17709,4372.72021484375
17710,6360.8232421875
17711,4444.72412109375
17712,8480.00390625
17713,6414.83837890625
17714,6132.03955078125
17715,11915.3544921875
17716,13356.9775390625
17717,6406.4619140625
17718,6581.63427734375
17719,4128.65185546875
17720,5226.1884765625
17721,5145.3603515625
17722,7604.3388671875
17723,5247.11572265625
17724,4405.4521484375
17725,4482.951171875
17726,4959.53271484375
17727,7298.94921875
17728,7052.74169921875
17729,3728.77587890625
17730,7035.2294921875
17731,8154.013671875
17732,6553.42578125
17733,5196.6826171875
17734,4369.48388671875
17735,7492.74365234375
17736,4874.54931640625
17737,10331.8076171875
17738,4243.89501953125
17739,5041.5537109375
17740,6897.5283203125
17741,6428.16357421875
17742,4479.380859375
17743,5529.3828125
17744,5884.5322265625
17745,9085.521484375
17746,8095.25341796875
17747,5316.39306640625
17748,4492.185546875
17749,5331.52783203125
17750,4850.82958984375
17751,5387.0166015625
17752,5128.52734375
17753,5594.1689453125
17754,8385.8974609375
17755,8118.77880859375
17756,5992.45458984375
17757,7065.27294921875
17758,3293.26806640625
17759,9149.4326171875
17760,5280.95654296875
17761,11410.0361328125
17762,6003.85400390625
17763,4597.6787109375
17764,6443.6005859375
17765,4468.0869140625
17766,6502.04736328125
17767,18998.322265625
17768,4660.712890625
17769,5290.9658203125
17770,8554.658203125
17771,7358.17919921875
17772,7800.96240234375
17773,7669.103515625
17774,6373.5
17775,5495.322265625
17776,3953.6142578125
17777,9243.32421875
17778,6013.45458984375
17779,6601.18017578125
17780,7224.869140625
17781,5048.44189453125
17782,7101.07470703125
17783,6587.740234375
17784,4021.580078125
17785,8336.1748046875
17786,8859.5654296875
17787,5201.66455078125
17788,8094.181640625
17789,5870.64794921875
17790,5361.31298828125
17791,8585.73046875
17792,6426.03369140625
17793,7897.11572265625
17794,4675.0302734375
17795,5180.71435546875
17796,6373.02197265625
17797,3415.895263671875
17798,7261.330078125
17799,4504.0830078125
17800,5789.8076171875
17801,5560.3974609375
17802,5356.75390625
17803,5984.5166015625
17804,6542.13720703125
17805,5524.70556640625
17806,8310.111328125
17807,5785.8271484375
17808,7648.87255859375
17809,5831.474609375
17810,8425.060546875
17811,8667.67578125
17812,7446.52197265625
17813,4062.99560546875
17814,5716.48291015625
17815,6171.77880859375
17816,4122.0673828125
17817,11309.51171875
17818,5270.1748046875
17819,7322.52099609375
17820,9765.6357421875
17821,7507.8818359375
17822,3740.685791015625
17823,13456.1015625
17824,9360.685546875
17825,5610.57958984375
17826,7608.54443359375
17827,9206.1259765625
17828,6059.958984375
17829,5935.39794921875
17830,7056.78515625
17831,5338.29931640625
17832,4883.8857421875
17833,7478.44287109375
17834,4188.6953125
17835,7329.6376953125
17836,7004.328125
17837,6114.35107421875
17838,7750.18505859375
17839,5959.02294921875
17840,6042.529296875
17841,5010.982421875
17842,6770.111328125
17843,6997.64892578125
17844,6426.775390625
17845,6543.09033203125
17846,6299.68017578125
17847,8784.5771484375
17848,6229.71923828125
17849,4515.91796875
17850,5620.99365234375
17851,7155.63525390625
17852,6893.310546875
17853,3995.213134765625
17854,2950.120361328125
17855,6516.32568359375
17856,7679.2802734375
17857,5485.078125
17858,7294.7314453125
17859,6301.87451171875
17860,6005.859375
17861,5286.287109375
17862,3655.76513671875
17863,6350.11572265625
17864,6966.89208984375
17865,6820.60009765625
17866,8612.7001953125
17867,7324.98193359375
17868,5144.02197265625
17869,8845.8134765625
17870,3377.121337890625
17871,2414.748779296875
17872,6996.2705078125
17873,8702.7548828125
17874,7416.94775390625
17875,6897.591796875
17876,4682.658203125
17877,6413.7978515625
17878,7412.64306640625
17879,5898.802734375
17880,6463.4560546875
17881,5046.923828125
17882,4769.1015625
17883,5465.75732421875
17884,6073.97119140625
17885,5373.341796875
17886,4812.3896484375
17887,4194.15625
17888,4247.02490234375
17889,5851.40576171875
17890,6696.265625
17891,4667.84228515625
17892,6146.65673828125
17893,6655.08447265625
17894,5681.041015625
17895,5295.78857421875
17896,9389.197265625
17897,7224.23291015625
17898,5567.9990234375
17899,4016.46435546875
17900,11981.669921875
17901,5837.248046875
17902,5425.8837890625
17903,8109.66943359375
17904,7571.11865234375
17905,6877.0126953125
17906,5761.513671875
17907,7097.09716796875
17908,8454.8369140625
17909,11622.775390625
17910,5398.982421875
17911,4714.82275390625
17912,5410.02587890625
17913,5858.5078125
17914,5828.13671875
17915,7058.85888671875
17916,7774.6005859375
17917,5086.294921875
17918,4256.47509765625
17919,5199.14599609375
17920,9342.296875
17921,5274.84228515625
17922,6775.84716796875
17923,3397.273193359375
17924,6830.00244140625
17925,6970.33935546875
17926,7024.142578125
17927,7587.576171875
17928,5872.51904296875
17929,4419.5302734375
17930,6991.1171875
17931,8184.50146484375
17932,8134.361328125
17933,7073.4521484375
17934,7660.97802734375
17935,5587.25390625
17936,4198.349609375
17937,10111.40234375
17938,4722.84228515625
17939,9734.322265625
17940,5415.43310546875
17941,4244.6884765625
17942,6985.32177734375
17943,5052.1748046875
17944,7846.34619140625
17945,6630.6650390625
17946,4257.2509765625
17947,4427.04833984375
17948,6428.0888671875
17949,6747.01904296875
17950,8267.451171875
17951,5322.37939453125
17952,5699.95556640625
17953,4853.5966796875
17954,6797.33837890625
17955,5661.091796875
17956,10150.767578125
17957,7741.94189453125
17958,9963.0673828125
17959,4315.671875
17960,6588.505859375
17961,9471.306640625
17962,8883.099609375
17963,4809.41748046875
17964,8746.345703125
17965,5211.734375
17966,5559.1669921875
17967,5154.9208984375
17968,5179.810546875
17969,4631.5244140625
17970,5356.0107421875
17971,4923.61083984375
17972,4696.72607421875
17973,7616.44140625
17974,6112.6494140625
17975,23029.982421875
17976,6773.68994140625
17977,3259.33154296875
17978,5518.34814453125
17979,8718.412109375
17980,5806.6796875
17981,6001.69921875
17982,4886.255859375
17983,6410.7060546875
17984,5430.693359375
17985,3352.204833984375
17986,4890.6748046875
17987,5921.9794921875
17988,6340.41162109375
17989,6388.369140625
17990,8474.3486328125
17991,3814.0595703125
17992,4418.22265625
17993,4351.3369140625
17994,7266.31103515625
17995,8394.5263671875
17996,6840.49609375
17997,6389.27392578125
17998,3729.21337890625
17999,4979.91162109375
18000,3102.53564453125
18001,7126.02734375
18002,7626.43896484375
18003,7810.501953125
18004,4224.10546875
18005,4101.669921875
18006,3859.682373046875
18007,5223.955078125
18008,7797.2744140625
18009,4704.18115234375
18010,4097.0537109375
18011,4329.70703125
18012,6009.43896484375
18013,3505.3427734375
18014,6184.4580078125
18015,3191.53759765625
18016,5564.46044921875
18017,5201.89404296875
18018,4829.20556640625
18019,6805.1162109375
18020,5493.763671875
18021,4289.19140625
18022,6001.7216796875
18023,6173.94775390625
18024,9167.033203125
18025,5085.76123046875
18026,6874.89306640625
18027,6727.66796875
18028,7842.587890625
18029,5217.20751953125
18030,6881.57568359375
18031,3341.149658203125
18032,3704.847900390625
18033,4962.1123046875
18034,5567.35205078125
18035,7503.0029296875
18036,6255.59912109375
18037,4398.25244140625
18038,5932.17822265625
18039,6433.51513671875
18040,7563.931640625
18041,3461.807373046875
18042,11550.3564453125
18043,3619.571533203125
18044,5341.248046875
18045,7113.98193359375
18046,3733.414794921875
18047,5254.81298828125
18048,4458.30810546875
18049,6033.32373046875
18050,4333.43310546875
18051,4514.25927734375
18052,6474.9609375
18053,6377.234375
18054,4150.34814453125
18055,4964.92626953125
18056,6631.4716796875
18057,9995.3984375
18058,5607.80859375
18059,4997.89111328125
18060,5283.77197265625
18061,5697.98193359375
18062,4680.306640625
18063,6044.626953125
18064,3715.743896484375
18065,5706.71240234375
18066,4719.416015625
18067,5472.9345703125
18068,7959.298828125
18069,3751.337646484375
18070,3806.693115234375
18071,3374.360107421875
18072,6936.31005859375
18073,6999.873046875
18074,3983.602783203125
18075,3702.00048828125
18076,5783.86376953125
18077,4554.25537109375
18078,4308.8447265625
18079,6166.93701171875
18080,5348.7607421875
18081,6230.826171875
18082,4452.40283203125
18083,4056.656982421875
18084,4254.34130859375
18085,7223.01416015625
18086,6075.89599609375
18087,6283.6572265625
18088,6237.2392578125
18089,4457.19775390625
18090,8312.5966796875
18091,4353.92431640625
18092,5006.6201171875
18093,7317.46044921875
18094,5217.2080078125
18095,7993.60107421875
18096,6799.76953125
18097,5877.8837890625
18098,4282.29296875
18099,6046.98974609375
18100,6303.984375
18101,5797.96337890625
18102,3372.76953125
18103,4937.59423828125
18104,5821.365234375
18105,4480.0859375
18106,3623.336181640625
18107,6551.80419921875
18108,5203.08984375
18109,5000.56494140625
18110,4983.4677734375
18111,4618.15380859375
18112,5866.32568359375
18113,5772.4462890625
18114,4831.38671875
18115,4327.51611328125
18116,4440.8974609375
18117,5203.5966796875
18118,2953.067138671875
18119,5621.12890625
18120,4594.98486328125
18121,6616.93896484375
18122,6194.794921875
18123,5650.99560546875
18124,8703.0615234375
18125,3910.282958984375
18126,4586.01171875
18127,8351.8408203125
18128,5444.70654296875
18129,6708.89453125
18130,5973.021484375
18131,4486.2080078125
18132,5503.85498046875
18133,5187.7734375
18134,7014.736328125
18135,8584.966796875
18136,6067.3056640625
18137,2657.798828125
18138,3517.24267578125
18139,6327.89990234375
18140,5857.33056640625
18141,5024.67236328125
18142,5653.25439453125
18143,4489.33984375
18144,4572.32421875
18145,3306.618896484375
18146,4233.439453125
18147,5298.9345703125
18148,5687.7119140625
18149,5167.4501953125
18150,5328.5703125
18151,6526.55322265625
18152,6620.57666015625
18153,6235.8369140625
18154,3804.4521484375
18155,8441.3662109375
18156,7623.63330078125
18157,4412.57373046875
18158,5831.94287109375
18159,4691.86328125
18160,5832.8896484375
18161,2871.90478515625
18162,5723.06396484375
18163,3631.25146484375
18164,7448.32421875
18165,5952.6591796875
18166,6771.34521484375
18167,6829.57763671875
18168,4870.2177734375
18169,6343.751953125
18170,16270.1298828125
18171,8052.15625
18172,4809.90478515625
18173,2354.0341796875
18174,5089.4814453125
18175,6794.79931640625
18176,5785.48095703125
18177,10930.0283203125
18178,17794.732421875
18179,3367.037109375
18180,4692.09130859375
18181,9329.71875
18182,3643.600830078125
18183,6170.28564453125
18184,4670.99755859375
18185,6480.224609375
18186,4369.833984375
18187,4290.60791015625
18188,5016.31005859375
18189,6000.466796875
18190,7713.36572265625
18191,5793.9560546875
18192,4982.90576171875
18193,5884.0595703125
18194,3813.341064453125
18195,4232.0390625
18196,6754.25146484375
18197,4087.222900390625
18198,4226.02783203125
18199,5510.19970703125
18200,5409.27685546875
18201,4449.25
18202,6141.3154296875
18203,5404.55615234375
18204,6859.212890625
18205,7267.56982421875
18206,6631.3388671875
18207,4541.751953125
18208,2582.06298828125
18209,5096.4189453125
18210,4900.3349609375
18211,4471.46142578125
18212,4753.7861328125
18213,6319.34375
18214,5166.69677734375
18215,8697.05859375
18216,5805.13916015625
18217,4403.48291015625
18218,4320.48828125
18219,4256.70556640625
18220,7713.41650390625
18221,4285.8662109375
18222,6550.1640625
18223,13173.78515625
18224,5163.48095703125
18225,7102.904296875
18226,4180.7275390625
18227,4176.51806640625
18228,6007.24462890625
18229,3752.253173828125
18230,4790.44775390625
18231,9598.3056640625
18232,4336.33447265625
18233,10730.845703125
18234,10365.41796875
18235,4860.45458984375
18236,5742.19677734375
18237,5117.2431640625
18238,5586.1103515625
18239,4518.6650390625
18240,8526.4052734375
18241,4735.07763671875
18242,7785.462890625
18243,4511.9248046875
18244,6868.7978515625
18245,4688.708984375
18246,6734.92626953125
18247,4936.203125
18248,4886.04833984375
18249,5711.5283203125
18250,6101.0673828125
18251,6395.73388671875
18252,8841.5751953125
18253,4775.755859375
18254,7590.0830078125
18255,5361.5751953125
18256,7674.0771484375
18257,4955.11083984375
18258,4425.71533203125
18259,3953.691650390625
18260,6681.9228515625
18261,5172.27978515625
18262,6032.78564453125
18263,5867.82666015625
18264,7006.0556640625
18265,3649.27880859375
18266,6932.93359375
18267,6242.17919921875
18268,2950.47216796875
18269,8329.6943359375
18270,14538.806640625
18271,4848.556640625
18272,5660.49560546875
18273,7110.4990234375
18274,8479.7978515625
18275,10164.9423828125
18276,4278.91259765625
18277,5925.89453125
18278,4957.6875
18279,6942.09423828125
18280,3722.7255859375
18281,5094.60791015625
18282,4192.6484375
18283,4175.66015625
18284,6353.20458984375
18285,4554.99169921875
18286,2979.619873046875
18287,5923.818359375
18288,3158.625
18289,4179.91259765625
18290,5162.67333984375
18291,5013.6826171875
18292,7225.29150390625
18293,7334.57861328125
18294,6536.41650390625
18295,5447.77587890625
18296,5153.5849609375
18297,7932.935546875
18298,6034.0888671875
18299,3933.22802734375
18300,4510.2275390625
18301,8945.7958984375
18302,3390.51953125
18303,6118.24462890625
18304,2976.470947265625
18305,4104.048828125
18306,7368.697265625
18307,6197.5546875
18308,4713.93115234375
18309,7118.6103515625
18310,8682.6201171875
18311,10543.26953125
18312,5345.330078125
18313,8687.6845703125
18314,2874.013916015625
18315,4104.119140625
18316,4960.41064453125
18317,3517.887939453125
18318,6649.7607421875
18319,3530.1728515625
18320,5314.90478515625
18321,7456.75927734375
18322,9684.9306640625
18323,8454.59375
18324,4499.30322265625
18325,4431.33837890625
18326,10885.1103515625
18327,6372.9033203125
18328,4534.591796875
18329,4351.4580078125
18330,5188.7109375
18331,7387.79541015625
18332,4072.94091796875
18333,4836.34765625
18334,6069.1611328125
18335,6087.02099609375
18336,11385.0
18337,5486.60546875
18338,12102.0087890625
18339,5703.0859375
18340,4734.89111328125
18341,3200.19873046875
18342,4904.6875
18343,5615.357421875
18344,4200.55224609375
18345,6329.6376953125
18346,4563.17041015625
18347,3954.73193359375
18348,5912.16943359375
18349,3634.3369140625
18350,6751.50048828125
18351,5418.36767578125
18352,6909.92578125
18353,6385.5400390625
18354,4206.6337890625
18355,7672.8916015625
18356,5129.93212890625
18357,4734.36474609375
18358,4876.4638671875
18359,3784.71484375
18360,8523.087890625
18361,5068.23828125
18362,3868.810546875
18363,5677.95556640625
18364,7262.10107421875
18365,5786.93017578125
18366,5072.56982421875
18367,6962.02001953125
18368,4843.16259765625
18369,5471.65625
18370,4442.50390625
18371,6828.6015625
18372,4632.73486328125
18373,4815.677734375
18374,4563.8251953125
18375,4462.28857421875
18376,4121.2861328125
18377,4195.58740234375
18378,7051.05615234375
18379,7685.2822265625
18380,8265.90234375
18381,9472.666015625
18382,6663.853515625
18383,6702.8955078125
18384,5595.291015625
18385,9646.0810546875
18386,9053.6123046875
18387,6115.99951171875
18388,6868.55615234375
18389,5989.69775390625
18390,5260.05810546875
18391,3243.879150390625
18392,7108.44140625
18393,5528.388671875
18394,5334.16943359375
18395,4388.3525390625
18396,1970.032470703125
18397,8402.119140625
18398,5115.26708984375
18399,6235.54052734375
18400,4596.66162109375
18401,3835.37451171875
18402,5649.27197265625
18403,5764.29296875
18404,6038.78369140625
18405,5496.55712890625
18406,4951.70947265625
18407,3178.6806640625
18408,3598.87451171875
18409,5840.52294921875
18410,15120.2373046875
18411,4172.8642578125
18412,4790.1552734375
18413,5159.99853515625
18414,4217.56396484375
18415,3926.1787109375
18416,4246.69091796875
18417,3653.869384765625
18418,6919.1337890625
18419,5497.71435546875
18420,2895.9091796875
18421,6613.0419921875
18422,4138.833984375
18423,4180.39501953125
18424,8230.236328125
18425,5761.6640625
18426,7941.39501953125
18427,3799.245849609375
18428,5393.9150390625
18429,3973.141357421875
18430,4334.81982421875
18431,11775.4580078125
18432,8828.6142578125
18433,5343.05224609375
18434,3644.263427734375
18435,4304.27001953125
18436,5110.2001953125
18437,4710.60888671875
18438,9379.1728515625
18439,4555.62060546875
18440,4139.13330078125
18441,5741.45654296875
18442,3622.58837890625
18443,5452.38818359375
18444,6522.26220703125
18445,5214.0439453125
18446,5636.400390625
18447,3616.935302734375
18448,5282.45849609375
18449,5829.08203125
18450,7089.6494140625
18451,6610.74755859375
18452,5798.80078125
18453,4159.56982421875
18454,6286.53466796875
18455,4622.66552734375
18456,3587.218505859375
18457,5776.73388671875
18458,6595.94091796875
18459,5051.58642578125
18460,4918.18701171875
18461,4797.484375
18462,5543.4365234375
18463,4424.06982421875
18464,5755.02490234375
18465,4999.2626953125
18466,5709.7880859375
18467,8327.3232421875
18468,5083.990234375
18469,4067.0029296875
18470,8963.017578125
18471,4559.41015625
18472,3810.52783203125
18473,6126.79736328125
18474,6848.59716796875
18475,9757.5078125
18476,4423.9267578125
18477,4671.873046875
18478,5158.0048828125
18479,5913.18603515625
18480,5147.8505859375
18481,6500.28369140625
18482,3448.6943359375
18483,4594.0458984375
18484,4737.57421875
18485,4317.84130859375
18486,4210.06494140625
18487,5149.25341796875
18488,5230.91064453125
18489,4933.93798828125
18490,6458.56396484375
18491,5282.71923828125
18492,6816.1181640625
18493,4463.75048828125
18494,5923.451171875
18495,5785.92578125
18496,6947.20751953125
18497,6493.98291015625
18498,4459.42919921875
18499,7978.73828125
18500,6198.3203125
18501,5755.3095703125
18502,4496.12158203125
18503,3469.734375
18504,7116.1494140625
18505,4941.072265625
18506,7701.1103515625
18507,5195.86376953125
18508,4711.369140625
18509,6434.13232421875
18510,5223.7890625
18511,4750.4072265625
18512,6106.7216796875
18513,4807.10498046875
18514,8075.20947265625
18515,7695.38623046875
18516,6088.0703125
18517,3907.97412109375
18518,4687.80029296875
18519,3936.51171875
18520,3038.337890625
18521,5924.27587890625
18522,4139.01318359375
18523,6954.68701171875
18524,3868.16796875
18525,4910.82861328125
18526,5625.80615234375
18527,6646.5634765625
18528,4656.55078125
18529,4555.25634765625
18530,3930.34375
18531,6353.443359375
18532,4966.2978515625
18533,6462.650390625
18534,6606.556640625
18535,6865.45556640625
18536,6669.90869140625
18537,6047.16064453125
18538,4848.13134765625
18539,4031.130126953125
18540,4110.30712890625
18541,8192.0703125
18542,6561.25390625
18543,8125.2783203125
18544,13506.3388671875
18545,3613.396484375
18546,4144.0830078125
18547,4909.5048828125
18548,7089.2109375
18549,7799.92822265625
18550,5887.1953125
18551,6614.21142578125
18552,6914.724609375
18553,6322.5390625
18554,5355.36328125
18555,4290.44873046875
18556,3884.425048828125
18557,4162.3427734375
18558,4068.010009765625
18559,3937.395263671875
18560,6725.0703125
18561,12328.7353515625
18562,5620.78271484375
18563,4129.37255859375
18564,5043.64794921875
18565,3983.921142578125
18566,5598.7939453125
18567,4393.33984375
18568,8056.62548828125
18569,5686.341796875
18570,5742.0703125
18571,9598.80078125
18572,10991.35546875
18573,5526.01025390625
18574,6213.7275390625
18575,4026.059814453125
18576,4790.80517578125
18577,5056.6083984375
18578,7153.17529296875
18579,3827.0693359375
18580,3956.2880859375
18581,4398.85498046875
18582,4213.57861328125
18583,5221.52783203125
18584,5651.3740234375
18585,3747.96923828125
18586,5908.564453125
18587,6679.95458984375
18588,5152.51123046875
18589,3971.00390625
18590,3215.032470703125
18591,7105.22265625
18592,4543.96337890625
18593,8470.2841796875
18594,3855.49169921875
18595,3995.425048828125
18596,5893.79931640625
18597,5650.982421875
18598,4590.81298828125
18599,5316.6904296875
18600,5083.984375
18601,7649.4658203125
18602,7195.19482421875
18603,4692.3896484375
18604,3992.47998046875
18605,5389.16552734375
18606,4469.2998046875
18607,4194.71142578125
18608,4336.4306640625
18609,4938.16357421875
18610,8804.0673828125
18611,7126.57958984375
18612,5192.744140625
18613,6477.13623046875
18614,3547.68994140625
18615,7544.72216796875
18616,4961.37890625
18617,10152.865234375
18618,5331.32080078125
18619,4223.91455078125
18620,4439.494140625
18621,3293.152587890625
18622,6469.990234375
18623,16704.966796875
18624,3285.281494140625
18625,3951.82861328125
18626,7196.4248046875
18627,5016.79931640625
18628,7515.97216796875
18629,6497.8251953125
18630,4542.69384765625
18631,4901.96728515625
18632,3664.129638671875
18633,8467.2626953125
18634,4994.78076171875
18635,6033.845703125
18636,7496.17333984375
18637,4707.607421875
18638,6490.13623046875
18639,4847.9208984375
18640,3666.076171875
18641,7101.4794921875
18642,7553.46923828125
18643,4220.6640625
18644,7006.669921875
18645,5166.4267578125
18646,4628.13427734375
18647,8031.31591796875
18648,5804.79931640625
18649,6736.59326171875
18650,4253.13330078125
18651,4990.13330078125
18652,5862.15966796875
18653,2878.300048828125
18654,6808.89697265625
18655,3447.473388671875
18656,5103.95947265625
18657,4450.0576171875
18658,5257.09619140625
18659,5302.806640625
18660,6060.318359375
18661,5081.79150390625
18662,6554.55224609375
18663,4653.35986328125
18664,5347.91943359375
18665,5197.73583984375
18666,5992.3916015625
18667,7965.7822265625
18668,6142.689453125
18669,3352.48193359375
18670,5339.22998046875
18671,5799.32177734375
18672,3375.39794921875
18673,10250.3515625
18674,4418.1953125
18675,6287.67236328125
18676,8507.45703125
18677,6200.66162109375
18678,3150.203125
18679,12972.2783203125
18680,8321.775390625
18681,4965.72021484375
18682,6253.3095703125
18683,8229.1650390625
18684,5107.7255859375
18685,4416.15771484375
18686,5525.25244140625
18687,4486.64111328125
18688,3889.60986328125
18689,6130.3251953125
18690,3589.82763671875
18691,6279.70556640625
18692,6295.03662109375
18693,4995.4501953125
18694,5973.39794921875
18695,5319.29052734375
18696,4914.490234375
18697,5553.955078125
18698,6090.69775390625
18699,5217.666015625
18700,5452.8525390625
18701,5505.0693359375
18702,5454.73779296875
18703,7656.244140625
18704,4583.14111328125
18705,4144.4189453125
18706,5277.52099609375
18707,6314.78857421875
18708,5567.34912109375
18709,3386.185302734375
18710,3914.619873046875
18711,7046.5517578125
18712,6808.5693359375
18713,4966.58642578125
18714,6255.390625
18715,5379.84521484375
18716,4657.208984375
18717,4192.24169921875
18718,2674.973388671875
18719,6140.7880859375
18720,5580.23779296875
18721,5030.22412109375
18722,6922.64697265625
18723,5985.185546875
18724,4371.22119140625
18725,7468.90283203125
18726,4422.4638671875
18727,2330.3740234375
18728,5551.4970703125
18729,6758.44091796875
18730,6615.27587890625
18731,5453.47509765625
18732,3950.5830078125
18733,5036.90771484375
18734,5467.6904296875
18735,4879.56591796875
18736,6204.92138671875
18737,3817.789306640625
18738,3990.166259765625
18739,4599.70849609375
18740,4615.7705078125
18741,4087.58544921875
18742,4232.64990234375
18743,4212.61572265625
18744,3693.22021484375
18745,5689.46826171875
18746,5519.9609375
18747,3859.333251953125
18748,5307.60595703125
18749,5168.9423828125
18750,5272.228515625
18751,5152.2890625
18752,8332.5283203125
18753,6206.837890625
18754,4957.392578125
18755,3149.1533203125
18756,9219.1005859375
18757,5148.24072265625
18758,4284.32470703125
18759,6842.0673828125
18760,5879.51806640625
18761,5685.697265625
18762,4909.7314453125
18763,5751.87353515625
18764,7063.04248046875
18765,10496.083984375
18766,4109.71240234375
18767,3469.804931640625
18768,4453.20849609375
18769,5830.29541015625
18770,4722.728515625
18771,5763.82666015625
18772,6402.9326171875
18773,4982.9306640625
18774,3290.26220703125
18775,4842.50732421875
18776,9516.28125
18777,3936.640869140625
18778,6004.48291015625
18779,3336.663330078125
18780,5921.63525390625
18781,7012.7861328125
18782,5828.5234375
18783,6470.0703125
18784,5206.30224609375
18785,3247.81298828125
18786,6107.0693359375
18787,5559.61962890625
18788,7198.07666015625
18789,5803.30029296875
18790,6563.92333984375
18791,4636.16455078125
18792,3932.36962890625
18793,8053.07421875
18794,4068.47802734375
18795,8239.7548828125
18796,4504.310546875
18797,3322.250732421875
18798,5708.224609375
18799,4877.0166015625
18800,6524.33984375
18801,5663.146484375
18802,3076.910888671875
18803,3697.4296875
18804,5799.09912109375
18805,6713.63818359375
18806,7785.244140625
18807,3949.631591796875
18808,4795.19873046875
18809,4563.47607421875
18810,5835.79345703125
18811,4109.5595703125
18812,7665.5322265625
18813,6959.5625
18814,9808.2744140625
18815,4227.70947265625
18816,4788.76318359375
18817,8837.82421875
18818,7697.708984375
18819,3602.798828125
18820,8242.40625
18821,4793.49853515625
18822,4827.984375
18823,4476.97802734375
18824,4478.568359375
18825,4136.61279296875
18826,4397.7275390625
18827,4237.6328125
18828,3749.9814453125
18829,6711.169921875
18830,6210.0654296875
18831,20915.2265625
18832,5630.8310546875
18833,3832.783935546875
18834,5584.83349609375
18835,8885.05859375
18836,5114.025390625
18837,5974.2900390625
18838,4728.78955078125
18839,6937.833984375
18840,5752.5205078125
18841,3418.53515625
18842,4557.4130859375
18843,5288.91796875
18844,6103.32177734375
18845,5493.15283203125
18846,7679.9755859375
18847,3925.909423828125
18848,3878.44140625
18849,4680.9453125
18850,7280.76220703125
18851,8366.2119140625
18852,7222.22705078125
18853,6225.9189453125
18854,4039.505615234375
18855,4699.44287109375
18856,3206.80126953125
18857,7206.78564453125
18858,7317.53173828125
18859,7751.05908203125
18860,4384.43408203125
18861,4257.62255859375
18862,3548.302734375
18863,4750.36279296875
18864,8415.4228515625
18865,4438.18798828125
18866,3600.069580078125
18867,4135.85693359375
18868,6186.7451171875
18869,3344.977294921875
18870,6247.07958984375
18871,3301.95166015625
18872,5093.5244140625
18873,4964.138671875
18874,4799.4326171875
18875,6237.39453125
18876,5398.42236328125
18877,4557.8203125
18878,6021.28955078125
18879,5571.14453125
18880,7855.1181640625
18881,4329.5751953125
18882,6963.88623046875
18883,7143.3193359375
18884,7374.017578125
18885,4815.10693359375
18886,6263.6259765625
18887,3395.6005859375
18888,3824.386962890625
18889,4952.17529296875
18890,5271.13037109375
18891,6949.9013671875
18892,5692.4912109375
18893,4288.89013671875
18894,5197.45166015625
18895,6612.4580078125
18896,6736.884765625
18897,3685.01904296875
18898,12127.392578125
18899,3943.595703125
18900,5205.77783203125
18901,7099.19580078125
18902,3712.2275390625
18903,4630.3056640625
18904,4459.95849609375
18905,5720.28466796875
18906,4200.92529296875
18907,4379.98828125
18908,6442.9501953125
18909,6031.13232421875
18910,4830.95361328125
18911,4581.7197265625
18912,6731.44140625
18913,9916.7900390625
18914,6288.0517578125
18915,4651.82373046875
18916,4776.8916015625
18917,6058.400390625
18918,4331.7490234375
18919,5872.02783203125
18920,3873.59619140625
18921,5700.814453125
18922,5290.07080078125
18923,5691.7509765625
18924,7679.0380859375
18925,4205.28466796875
18926,3900.90478515625
18927,3616.615478515625
18928,6661.3291015625
18929,6943.94775390625
18930,3795.90673828125
18931,3579.455810546875
18932,5352.58447265625
18933,4434.81103515625
18934,4383.830078125
18935,5031.6171875
18936,5175.86181640625
18937,6072.4052734375
18938,4193.74853515625
18939,4306.18212890625
18940,4288.19482421875
18941,6419.01953125
18942,5954.5908203125
18943,6079.580078125
18944,6219.20849609375
18945,4562.45458984375
18946,7635.697265625
18947,4805.54052734375
18948,4865.8212890625
18949,6418.8935546875
18950,4973.55078125
18951,7965.32275390625
18952,6507.43798828125
18953,5570.3310546875
18954,4197.134765625
18955,6469.2890625
18956,5422.12841796875
18957,5397.42626953125
18958,3367.16796875
18959,4854.58935546875
18960,6272.8095703125
18961,4037.44873046875
18962,3568.9833984375
18963,6461.33447265625
18964,5400.009765625
18965,4790.68359375
18966,4207.13037109375
18967,4414.94287109375
18968,5699.03173828125
18969,5508.884765625
18970,4506.4443359375
18971,3899.564453125
18972,4575.88916015625
18973,5062.5771484375
18974,2969.169189453125
18975,5204.49560546875
18976,3868.239013671875
18977,6509.69140625
18978,6243.88134765625
18979,5527.58837890625
18980,8801.2841796875
18981,4410.31982421875
18982,4257.7978515625
18983,8839.4384765625
18984,5322.48388671875
18985,6380.57763671875
18986,6191.57861328125
18987,3694.328369140625
18988,5298.01953125
18989,5071.89111328125
18990,6599.0849609375
18991,8839.9345703125
18992,5648.75048828125
18993,2360.176025390625
18994,4084.86669921875
18995,6281.86279296875
18996,6330.64697265625
18997,4972.27197265625
18998,5451.0966796875
18999,3924.90625
19000,4289.76953125
19001,3701.9208984375
19002,4431.28271484375
19003,5355.162109375
19004,5386.90478515625
19005,5113.33154296875
19006,5697.6494140625
19007,6307.92822265625
19008,6019.38623046875
19009,6338.41748046875
19010,3782.470703125
19011,8183.60693359375
19012,7489.17529296875
19013,3811.909912109375
19014,5788.96142578125
19015,4446.86328125
19016,5794.2060546875
19017,2499.408935546875
19018,5925.58056640625
19019,3478.28515625
19020,7473.98681640625
19021,5466.00048828125
19022,6843.45947265625
19023,6999.82666015625
19024,4530.54248046875
19025,6408.515625
19026,15952.88671875
19027,7289.60498046875
19028,4948.14453125
19029,2691.638671875
19030,5291.3466796875
19031,6925.20361328125
19032,4982.234375
19033,10752.0771484375
19034,17232.369140625
19035,3386.86572265625
19036,4568.20458984375
19037,7552.3427734375
19038,3985.402099609375
19039,7446.23681640625
19040,4388.1171875
19041,6288.50146484375
19042,4592.79443359375
19043,4562.63671875
19044,4542.5986328125
19045,6228.53173828125
19046,7700.53759765625
19047,5852.041015625
19048,5101.4697265625
19049,5369.41845703125
19050,3479.416015625
19051,4223.125
19052,7561.77001953125
19053,3269.917236328125
19054,4292.8798828125
19055,5697.78515625
19056,5237.0771484375
19057,4724.8740234375
19058,5717.36572265625
19059,5538.76904296875
19060,6206.9736328125
19061,7079.5703125
19062,6314.17041015625
19063,4506.67724609375
19064,2573.254638671875
19065,5287.0595703125
19066,4573.22119140625
19067,4618.64404296875
19068,4407.93994140625
19069,6151.38037109375
19070,4515.2353515625
19071,8153.7646484375
19072,5589.4560546875
19073,3760.21337890625
19074,4071.160400390625
19075,3843.464599609375
19076,6941.61669921875
19077,4255.73974609375
19078,6199.32568359375
19079,12172.447265625
19080,4920.27099609375
19081,5755.7841796875
19082,3850.399169921875
19083,4333.39599609375
19084,5559.3330078125
19085,3848.14453125
19086,4653.5849609375
19087,8629.71484375
19088,4133.412109375
19089,10241.2724609375
19090,9801.2314453125
19091,4573.48486328125
19092,5947.2333984375
19093,4773.44970703125
19094,5344.548828125
19095,4601.3603515625
19096,8129.9697265625
19097,4211.3359375
19098,7521.642578125
19099,4112.74560546875
19100,7010.4990234375
19101,4671.6630859375
19102,6549.10009765625
19103,4655.83154296875
19104,4655.02978515625
19105,4915.80419921875
19106,5712.77587890625
19107,6470.23291015625
19108,8002.24755859375
19109,4572.87939453125
19110,7815.0439453125
19111,4900.6279296875
19112,7762.19677734375
19113,4481.30859375
19114,4301.74267578125
19115,3963.874267578125
19116,7702.94140625
19117,4972.05908203125
19118,5208.07470703125
19119,5818.1826171875
19120,7224.6064453125
19121,3399.22900390625
19122,6800.52392578125
19123,6131.60009765625
19124,2835.372802734375
19125,9586.8154296875
19126,13614.0615234375
19127,4892.0126953125
19128,5281.28662109375
19129,6777.953125
19130,8347.798828125
19131,9038.1396484375
19132,4323.88623046875
19133,6073.953125
19134,5002.37060546875
19135,6313.58935546875
19136,3848.12353515625
19137,5010.69189453125
19138,4295.8671875
19139,4208.158203125
19140,6503.17138671875
19141,4504.67919921875
19142,3109.812255859375
19143,5212.46728515625
19144,2923.943603515625
19145,3835.053955078125
19146,4702.931640625
19147,5913.99072265625
19148,6759.3564453125
19149,6849.2626953125
19150,6513.43310546875
19151,4866.44189453125
19152,5268.7138671875
19153,7389.2529296875
19154,5828.044921875
19155,4153.8955078125
19156,4518.673828125
19157,8531.4033203125
19158,3484.5068359375
19159,5931.86328125
19160,2820.237060546875
19161,4503.7744140625
19162,6628.8330078125
19163,6257.466796875
19164,4623.869140625
19165,7191.52001953125
19166,7903.13134765625
19167,10278.0078125
19168,5124.93212890625
19169,7629.64990234375
19170,3208.310546875
19171,4085.770263671875
19172,4706.97509765625
19173,3034.421630859375
19174,6706.73681640625
19175,3587.10888671875
19176,5587.1318359375
19177,7735.9453125
19178,9475.3251953125
19179,7299.9150390625
19180,4347.06982421875
19181,3800.87060546875
19182,11344.626953125
19183,6531.7822265625
19184,4803.185546875
19185,3889.390869140625
19186,5172.490234375
19187,7051.93017578125
19188,3843.77978515625
19189,5111.67041015625
19190,6112.22802734375
19191,6342.7373046875
19192,10706.24609375
19193,5501.69189453125
19194,12704.0009765625
19195,4690.68212890625
19196,4093.26025390625
19197,3427.67822265625
19198,5210.4599609375
19199,5186.3125
19200,3950.79541015625
19201,6500.17626953125
19202,4140.3740234375
19203,3590.08837890625
19204,5474.6884765625
19205,3771.70849609375
19206,6580.8037109375
19207,5191.78466796875
19208,6043.6015625
19209,5949.52880859375
19210,3445.576171875
19211,7713.27001953125
19212,5107.15869140625
19213,4721.41845703125
19214,4540.9306640625
19215,4215.6220703125
19216,8319.8193359375
19217,4788.82275390625
19218,3445.854248046875
19219,5716.60107421875
19220,6777.13427734375
19221,5529.2177734375
19222,5031.10205078125
19223,7167.19140625
19224,5220.17578125
19225,5570.427734375
19226,4555.57568359375
19227,6298.09765625
19228,4094.328369140625
19229,4365.94140625
19230,3934.07080078125
19231,4266.3203125
19232,4018.95849609375
19233,3699.734130859375
19234,6369.4326171875
19235,7390.72216796875
19236,8567.7373046875
19237,8456.0439453125
19238,6626.68505859375
19239,6793.36328125
19240,4645.99462890625
19241,10197.2421875
19242,8850.9404296875
19243,6471.095703125
19244,6946.42724609375
19245,6399.21728515625
19246,4841.2431640625
19247,3214.482421875
19248,7035.3466796875
19249,4842.45703125
19250,5256.998046875
19251,4352.66943359375
19252,2200.746337890625
19253,8270.5322265625
19254,4746.5966796875
19255,6259.69580078125
19256,4014.546630859375
19257,3829.41552734375
19258,5855.21728515625
19259,5814.80078125
19260,5675.552734375
19261,5223.89892578125
19262,4351.57275390625
19263,3637.69189453125
19264,3573.837890625
19265,5451.02099609375
19266,14228.6611328125
19267,4076.388671875
19268,4673.94189453125
19269,5407.849609375
19270,4045.021240234375
19271,3934.198974609375
19272,3987.892578125
19273,3434.86572265625
19274,6377.85986328125
19275,4892.8916015625
19276,2860.603271484375
19277,6805.9931640625
19278,3710.1201171875
19279,3849.363525390625
19280,8453.5791015625
19281,5970.6279296875
19282,7827.82666015625
19283,3861.629638671875
19284,5090.67431640625
19285,3676.63427734375
19286,3947.149169921875
19287,13819.3984375
19288,8157.462890625
19289,5032.775390625
19290,3623.366455078125
19291,4085.469482421875
19292,4838.5205078125
19293,3860.37841796875
19294,7644.173828125
19295,4790.662109375
19296,4150.84326171875
19297,5466.26513671875
19298,3328.578125
19299,5148.74072265625
19300,6098.45068359375
19301,4825.650390625
19302,5160.64794921875
19303,3774.621337890625
19304,4997.50732421875
19305,5011.37939453125
19306,7029.87060546875
19307,6537.76220703125
19308,5399.83935546875
19309,4145.8017578125
19310,5932.380859375
19311,4898.84326171875
19312,3437.6826171875
19313,5380.05859375
19314,6601.537109375
19315,4959.5830078125
19316,5121.74462890625
19317,4713.79638671875
19318,5788.947265625
19319,4173.94189453125
19320,6034.291015625
19321,4785.10595703125
19322,5065.7353515625
19323,7469.1845703125
19324,4932.7373046875
19325,4198.9990234375
19326,8886.6328125
19327,4401.73974609375
19328,3834.62451171875
19329,5600.6455078125
19330,6629.62841796875
19331,9204.6083984375
19332,4318.5556640625
19333,4518.70751953125
19334,4944.57666015625
19335,6250.9306640625
19336,4679.232421875
19337,6298.28125
19338,2993.9755859375
19339,4920.72119140625
19340,4309.93359375
19341,3943.114990234375
19342,4182.3232421875
19343,5650.4853515625
19344,5271.857421875
19345,5039.82421875
19346,6205.65625
19347,4829.1982421875
19348,6553.4521484375
19349,4603.8662109375
19350,5364.044921875
19351,5489.1513671875
19352,6702.88232421875
19353,6081.88232421875
19354,2734.536865234375
19355,7649.20654296875
19356,4930.26318359375
19357,5423.37109375
19358,4259.05126953125
19359,3462.95849609375
19360,6830.97412109375
19361,4557.6484375
19362,7848.8720703125
19363,4844.06689453125
19364,4924.30419921875
19365,5296.32763671875
19366,4819.7177734375
19367,4238.181640625
19368,6504.2333984375
19369,4794.03076171875
19370,7935.953125
19371,7428.25927734375
19372,5927.19287109375
19373,3980.1689453125
19374,4431.19873046875
19375,3367.052490234375
19376,3005.4140625
19377,5264.52197265625
19378,3759.700439453125
19379,6674.53076171875
19380,3801.449951171875
19381,4252.9462890625
19382,4845.822265625
19383,6744.07177734375
19384,4512.37109375
19385,4307.548828125
19386,4022.8564453125
19387,6323.40771484375
19388,4216.41162109375
19389,6563.8984375
19390,6487.94140625
19391,7074.3623046875
19392,6576.7783203125
19393,5841.31201171875
19394,4549.5302734375
19395,3914.927978515625
19396,3520.6552734375
19397,8676.3984375
19398,6511.74365234375
19399,7678.10986328125
19400,13384.7177734375
19401,3326.18310546875
19402,3464.0859375
19403,5029.3212890625
19404,6776.81787109375
19405,7832.869140625
19406,5899.44677734375
19407,5946.50146484375
19408,6593.84912109375
19409,6269.28076171875
19410,5308.09033203125
19411,3961.346435546875
19412,3657.48388671875
19413,3381.634033203125
19414,4115.40380859375
19415,3848.239990234375
19416,6274.8134765625
19417,12959.1728515625
19418,5709.36865234375
19419,4153.93798828125
19420,5620.05029296875
19421,3278.50244140625
19422,5085.34228515625
19423,3623.035888671875
19424,7386.06884765625
19425,5306.0234375
19426,5390.208984375
19427,9935.0439453125
19428,11470.814453125
19429,5425.64892578125
19430,5565.783203125
19431,3222.69873046875
19432,4925.06640625
19433,5512.9755859375
19434,6268.49267578125
19435,3974.039306640625
19436,3123.78857421875
19437,4331.56640625
19438,4548.61669921875
19439,5105.6943359375
19440,5460.09521484375
19441,3192.824462890625
19442,5485.9384765625
19443,6691.4892578125
19444,4974.0244140625
19445,3807.1943359375
19446,3121.623291015625
19447,7226.02587890625
19448,4151.12646484375
19449,8648.4619140625
19450,3693.336669921875
19451,3549.055908203125
19452,5404.83935546875
19453,4187.66796875
19454,4058.990478515625
19455,4646.4345703125
19456,5190.4052734375
19457,8081.13916015625
19458,7093.96923828125
19459,4658.90478515625
19460,3522.604736328125
19461,5291.77001953125
19462,4189.34033203125
19463,4212.20458984375
19464,4211.17626953125
19465,4956.09326171875
19466,8908.478515625
19467,6480.47021484375
19468,5157.16259765625
19469,6919.36279296875
19470,3064.131103515625
19471,7631.7197265625
19472,4727.22802734375
19473,10197.7724609375
19474,4755.529296875
19475,3910.1337890625
19476,4751.36865234375
19477,3441.53662109375
19478,6272.24853515625
19479,16913.765625
19480,3259.73291015625
19481,3750.041748046875
19482,6301.6162109375
19483,5174.33984375
19484,7200.14404296875
19485,6376.30126953125
19486,4648.5283203125
19487,4458.27490234375
19488,3488.75732421875
19489,8510.1923828125
19490,4920.22216796875
19491,5690.89599609375
19492,7350.7421875
19493,4877.8720703125
19494,6353.81396484375
19495,4810.97705078125
19496,3765.317138671875
19497,7074.484375
19498,6764.56787109375
19499,3623.23486328125
19500,6411.75634765625
19501,4648.94287109375
19502,4169.818359375
19503,7486.8408203125
19504,5422.36669921875
19505,6493.0458984375
19506,4163.7080078125
19507,4657.26953125
19508,6604.7734375
19509,2411.75048828125
19510,6712.9599609375
19511,4133.00341796875
19512,5516.38427734375
19513,4413.45849609375
19514,4857.38232421875
19515,5642.22802734375
19516,5613.83251953125
19517,3904.980224609375
19518,5994.07763671875
19519,4423.76318359375
19520,5656.2939453125
19521,5727.5126953125
19522,6655.111328125
19523,7802.24072265625
19524,6061.2607421875
19525,3341.80126953125
19526,4972.12939453125
19527,5653.13623046875
19528,3625.887451171875
19529,10019.521484375
19530,4448.5791015625
19531,6206.9677734375
19532,8425.2578125
19533,5831.41650390625
19534,3134.189208984375
19535,13021.0009765625
19536,8504.98046875
19537,5235.21923828125
19538,6469.310546875
19539,7993.86376953125
19540,4433.04150390625
19541,4753.7783203125
19542,5796.69091796875
19543,4234.47265625
19544,3603.668212890625
19545,6047.2041015625
19546,3801.2099609375
19547,6094.14208984375
19548,5773.8564453125
19549,4941.4033203125
19550,5868.8349609375
19551,5423.04638671875
19552,5058.494140625
19553,4725.2509765625
19554,5542.22119140625
19555,5284.31689453125
19556,5251.189453125
19557,5965.31689453125
19558,5141.73876953125
19559,7838.677734375
19560,4557.80810546875
19561,4143.79345703125
19562,4360.55078125
19563,6037.3046875
19564,5334.427734375
19565,3866.834228515625
19566,3664.650634765625
19567,7191.7275390625
19568,6969.3291015625
19569,4633.998046875
19570,5866.57568359375
19571,5866.04345703125
19572,5367.2724609375
19573,4171.4775390625
19574,2279.33251953125
19575,5411.5244140625
19576,5312.49609375
19577,4768.55517578125
19578,7079.419921875
19579,6992.94384765625
19580,4559.033203125
19581,7116.4140625
19582,4086.702392578125
19583,1972.7830810546875
19584,5865.5439453125
19585,7502.03955078125
19586,5873.13818359375
19587,5606.64892578125
19588,3532.063232421875
19589,5313.59326171875
19590,6213.04296875
19591,4928.85888671875
19592,5323.06884765625
19593,4025.162353515625
19594,3996.915283203125
19595,4458.94580078125
19596,4572.17578125
19597,4164.65771484375
19598,4173.6669921875
19599,3722.09130859375
19600,3467.8330078125
19601,5786.32568359375
19602,5734.587890625
19603,3384.294921875
19604,5382.81201171875
19605,5600.95458984375
19606,5049.8291015625
19607,4889.77490234375
19608,7633.857421875
19609,6689.0458984375
19610,4523.361328125
19611,3287.86279296875
19612,9062.638671875
19613,5020.5341796875
19614,4045.3740234375
19615,6373.22216796875
19616,6540.50732421875
19617,5754.32861328125
19618,4881.4931640625
19619,5933.9833984375
19620,7385.0283203125
19621,10206.3251953125
19622,4199.88818359375
19623,3493.1396484375
19624,4205.12060546875
19625,5308.560546875
19626,4158.85595703125
19627,6783.01904296875
19628,5932.00244140625
19629,4578.61669921875
19630,3050.799560546875
19631,4622.7451171875
19632,7798.07275390625
19633,4101.62109375
19634,5920.71728515625
19635,3081.369384765625
19636,5314.04443359375
19637,6080.564453125
19638,5688.81396484375
19639,6196.361328125
19640,5016.7705078125
19641,3224.19091796875
19642,5847.9951171875
19643,5955.28662109375
19644,6818.27685546875
19645,5603.90771484375
19646,6155.98486328125
19647,4264.38427734375
19648,3632.15380859375
19649,8195.31640625
19650,3938.820556640625
19651,8042.92333984375
19652,4487.5859375
19653,3220.673583984375
19654,5872.66015625
19655,4332.12255859375
19656,6436.97705078125
19657,5939.927734375
19658,3450.231689453125
19659,3650.92431640625
19660,5621.81396484375
19661,6026.66943359375
19662,7637.455078125
19663,4380.439453125
19664,4492.54541015625
19665,4047.305419921875
19666,5659.98193359375
19667,4272.12939453125
19668,7652.1650390625
19669,7334.64306640625
19670,9406.88671875
19671,3718.663818359375
19672,4996.47802734375
19673,8471.734375
19674,7449.673828125
19675,3440.515625
19676,7436.578125
19677,4086.75537109375
19678,4675.5380859375
19679,3745.57763671875
19680,4589.181640625
19681,3881.0185546875
19682,4041.21044921875
19683,4099.36083984375
19684,4240.48828125
19685,6494.56689453125
19686,6343.76953125
19687,21751.947265625
19688,5367.78662109375
19689,3574.919189453125
19690,5762.03759765625
19691,9480.4365234375
19692,4614.291015625
19693,6515.34375
19694,4633.0205078125
19695,6030.5537109375
19696,5472.0439453125
19697,3360.772705078125
19698,4536.765625
19699,5108.5908203125
19700,5706.08740234375
19701,5705.52685546875
19702,7934.1708984375
19703,3785.13671875
19704,3602.739990234375
19705,4353.55517578125
19706,6938.08251953125
19707,8137.228515625
19708,7549.62109375
19709,6235.45849609375
19710,3841.844970703125
19711,4726.5029296875
19712,2704.307373046875
19713,7205.02587890625
19714,7064.09375
19715,7390.44091796875
19716,4225.619140625
19717,4188.5517578125
19718,3465.50634765625
19719,5086.94970703125
19720,7642.04638671875
19721,4291.67919921875
19722,3468.0771484375
19723,3595.8232421875
19724,5657.2265625
19725,2885.4873046875
19726,5962.4677734375
19727,2872.615478515625
19728,4669.6748046875
19729,5250.14697265625
19730,4724.9638671875
19731,6261.466796875
19732,5445.90478515625
19733,3956.279541015625
19734,5883.89697265625
19735,5089.494140625
19736,7649.7314453125
19737,4422.91162109375
19738,6574.0224609375
19739,6967.8330078125
19740,7332.1484375
19741,4845.623046875
19742,6563.03125
19743,2986.649658203125
19744,3683.001953125
19745,4361.6201171875
19746,5250.94775390625
19747,7190.7373046875
19748,5962.81884765625
19749,4053.742919921875
19750,5360.9658203125
19751,6499.9228515625
19752,6542.9375
19753,3344.6044921875
19754,11662.1123046875
19755,3711.635009765625
19756,4817.1611328125
19757,6373.75
19758,3406.114501953125
19759,4391.96875
19760,4220.07861328125
19761,5656.8623046875
19762,4313.0498046875
19763,3727.30322265625
19764,5997.556640625
19765,5996.1328125
19766,4248.09228515625
19767,4729.912109375
19768,6414.34912109375
19769,9323.7763671875
19770,6023.0185546875
19771,4715.8759765625
19772,4528.81787109375
19773,5329.662109375
19774,4066.421630859375
19775,5831.6162109375
19776,3632.140380859375
19777,5631.548828125
19778,5002.86181640625
19779,5216.9765625
19780,7801.03173828125
19781,3974.44287109375
19782,3500.636474609375
19783,3024.570556640625
19784,6832.662109375
19785,6794.900390625
19786,3684.41748046875
19787,3858.596435546875
19788,5202.849609375
19789,4382.66064453125
19790,4119.11962890625
19791,5392.46923828125
19792,4915.63427734375
19793,5737.4794921875
19794,4086.95849609375
19795,3873.716796875
19796,4272.97412109375
19797,6447.412109375
19798,5772.98583984375
19799,5910.935546875
19800,6144.83984375
19801,4403.16943359375
19802,7073.40185546875
19803,4304.4091796875
19804,4476.95361328125
19805,6617.017578125
19806,4778.22509765625
19807,8244.8134765625
19808,5687.8212890625
19809,5440.2822265625
19810,4021.626708984375
19811,6324.91943359375
19812,5576.263671875
19813,5073.04833984375
19814,3051.62158203125
19815,4686.36376953125
19816,5712.0732421875
19817,4030.70654296875
19818,3424.24853515625
19819,6455.5830078125
19820,4704.9208984375
19821,4782.22216796875
19822,4085.7783203125
19823,4125.43017578125
19824,5524.55517578125
19825,5014.31103515625
19826,4318.78955078125
19827,3821.4453125
19828,4362.31103515625
19829,5105.154296875
19830,2500.4775390625
19831,5796.12353515625
19832,4254.0419921875
19833,6209.33056640625
19834,5995.59130859375
19835,5005.326171875
19836,8575.990234375
19837,3566.1044921875
19838,3755.2412109375
19839,8429.013671875
19840,5013.8076171875
19841,6294.08740234375
19842,5644.69677734375
19843,3486.889404296875
19844,5308.12255859375
19845,4523.6845703125
19846,6594.99462890625
19847,8196.353515625
19848,5802.84521484375
19849,2253.423583984375
19850,3498.655029296875
19851,6791.61865234375
19852,6021.7939453125
19853,4939.57763671875
19854,5264.92236328125
19855,3513.759033203125
19856,4413.5615234375
19857,3504.41943359375
19858,4141.13330078125
19859,4955.92333984375
19860,5377.2470703125
19861,4787.099609375
19862,5332.4599609375
19863,6364.1689453125
19864,6239.6962890625
19865,6353.765625
19866,3200.84912109375
19867,7571.322265625
19868,7090.125
19869,3640.149658203125
19870,5643.35400390625
19871,4279.53125
19872,5559.2431640625
19873,2467.18115234375
19874,5832.0400390625
19875,3511.686767578125
19876,7057.86376953125
19877,5177.27294921875
19878,6489.54833984375
19879,6948.87109375
19880,4519.07568359375
19881,6048.8095703125
19882,16016.3388671875
19883,7118.40673828125
19884,4832.064453125
19885,2366.51904296875
19886,5425.2744140625
19887,6001.11279296875
19888,4870.68603515625
19889,10961.8056640625
19890,17101.796875
19891,3039.82275390625
19892,4448.53564453125
19893,7662.3974609375
19894,3442.04345703125
19895,6896.6943359375
19896,4314.0166015625
19897,6170.47900390625
19898,4959.32763671875
19899,4366.59716796875
19900,4772.95263671875
19901,6056.71484375
19902,7463.7138671875
19903,5560.96875
19904,4642.3515625
19905,5178.3515625
19906,3346.505859375
19907,3790.3203125
19908,7046.47412109375
19909,3395.172607421875
19910,3962.506591796875
19911,5219.35400390625
19912,5218.80517578125
19913,4577.9111328125
19914,5805.95654296875
19915,5275.49853515625
19916,6177.7177734375
19917,7040.2412109375
19918,6562.79150390625
19919,4764.9091796875
19920,2652.657470703125
19921,5147.89794921875
19922,4230.7978515625
19923,4748.6572265625
19924,4366.6865234375
19925,6727.9814453125
19926,4790.009765625
19927,7877.1845703125
19928,5507.65380859375
19929,3632.9619140625
19930,3895.721435546875
19931,3892.747802734375
19932,6906.85205078125
19933,4230.318359375
19934,5832.58251953125
19935,12658.7080078125
19936,4895.8603515625
19937,6167.9462890625
19938,3828.09619140625
19939,3980.664794921875
19940,5489.05126953125
19941,3580.364990234375
19942,4449.81298828125
19943,8542.939453125
19944,3709.938232421875
19945,11201.6318359375
19946,9746.38671875
19947,4389.759765625
19948,5342.91796875
19949,4842.51513671875
19950,5086.568359375
19951,4448.9130859375
19952,8121.775390625
19953,3999.248046875
19954,7679.861328125
19955,4385.9287109375
19956,6624.62646484375
19957,4347.62109375
19958,6923.55322265625
19959,4575.09521484375
19960,4678.1279296875
19961,4976.8798828125
19962,5544.59375
19963,6586.6875
19964,8537.109375
19965,4538.0615234375
19966,7280.64013671875
19967,4559.05859375
19968,7970.39794921875
19969,4518.76513671875
19970,3946.8798828125
19971,3865.39794921875
19972,6664.61279296875
19973,5181.1923828125
19974,4980.70263671875
19975,5511.0615234375
19976,6865.36083984375
19977,3271.748779296875
19978,7196.705078125
19979,6487.00341796875
19980,2394.1064453125
19981,8377.7900390625
19982,13703.248046875
19983,4858.77294921875
19984,5543.96728515625
19985,7085.81494140625
19986,8260.5224609375
19987,9605.294921875
19988,4950.5048828125
19989,5642.0205078125
19990,5059.3203125
19991,5924.7060546875
19992,3512.9287109375
19993,4951.3671875
19994,3988.36376953125
19995,4227.34716796875
19996,6286.625
19997,4254.791015625
19998,2915.7314453125
19999,5413.4208984375
20000,2717.86767578125
20001,3604.04443359375
20002,4858.6572265625
20003,5061.7685546875
20004,6829.7080078125
20005,7517.48974609375
20006,6559.99609375
20007,5049.17578125
20008,5212.77783203125
20009,7045.146484375
20010,5755.3193359375
20011,3781.199951171875
20012,4483.4345703125
20013,8504.7373046875
20014,3277.466796875
20015,5630.876953125
20016,2744.02490234375
20017,3789.1376953125
20018,6441.7109375
20019,6085.78759765625
20020,4521.69091796875
20021,6881.4140625
20022,7864.88427734375
20023,9617.5009765625
20024,5503.44287109375
20025,7216.5244140625
20026,2828.791259765625
20027,3858.330810546875
20028,4446.67822265625
20029,2919.7529296875
20030,5975.5283203125
20031,3336.96630859375
20032,5761.4111328125
20033,7314.62744140625
20034,9306.392578125
20035,7080.45654296875
20036,3892.580322265625
20037,3818.60546875
20038,11803.58984375
20039,5876.900390625
20040,4518.8740234375
20041,4164.8935546875
20042,5145.70751953125
20043,6813.5947265625
20044,3872.370849609375
20045,4807.38916015625
20046,6138.72802734375
20047,5938.2451171875
20048,11677.232421875
20049,5462.06201171875
20050,11854.5390625
20051,4839.77734375
20052,4624.08544921875
20053,2800.9287109375
20054,4602.05712890625
20055,5356.130859375
20056,4083.013671875
20057,5923.62158203125
20058,4530.4921875
20059,3664.94677734375
20060,5334.63134765625
20061,4124.04736328125
20062,6462.86376953125
20063,5461.57763671875
20064,6686.84033203125
20065,6133.123046875
20066,3580.651123046875
20067,7522.94580078125
20068,4721.06103515625
20069,4758.1884765625
20070,4655.36279296875
20071,3466.8583984375
20072,7803.318359375
20073,5001.04931640625
20074,3307.54736328125
20075,5768.65380859375
20076,6746.12744140625
20077,5416.41015625
20078,4806.353515625
20079,7022.12841796875
20080,4810.70751953125
20081,5762.3349609375
20082,4691.115234375
20083,6312.291015625
20084,4381.4287109375
20085,4750.84521484375
20086,4310.59375
20087,4339.90576171875
20088,3957.23291015625
20089,3672.639892578125
20090,6627.0224609375
20091,7800.2587890625
20092,8359.671875
20093,8360.96875
20094,6580.5234375
20095,6958.4169921875
20096,4715.3818359375
20097,10248.2138671875
20098,9356.244140625
20099,5650.57177734375
20100,6530.83642578125
20101,6636.306640625
20102,4506.33251953125
20103,3029.5009765625
20104,6924.0
20105,4903.3388671875
20106,5059.994140625
20107,4233.4765625
20108,1821.7030029296875
20109,7870.62451171875
20110,4721.91064453125
20111,6254.35546875
20112,3816.287109375
20113,3676.720458984375
20114,6239.54443359375
20115,5787.8818359375
20116,5694.7138671875
20117,5188.2158203125
20118,4441.123046875
20119,2722.470703125
20120,3438.879150390625
20121,5340.5078125
20122,14436.6796875
20123,3809.9794921875
20124,4689.74609375
20125,5145.97216796875
20126,4066.3623046875
20127,4054.808837890625
20128,3734.3212890625
20129,3134.409912109375
20130,6245.11328125
20131,4332.3994140625
20132,2889.7939453125
20133,6153.158203125
20134,3585.267578125
20135,3995.781494140625
20136,7735.85302734375
20137,5685.14404296875
20138,8083.462890625
20139,3632.7958984375
20140,4923.38720703125
20141,3697.380126953125
20142,4058.7548828125
20143,12510.04296875
20144,8453.89453125
20145,5024.20703125
20146,3576.248046875
20147,3942.53125
20148,4856.833984375
20149,3584.114501953125
20150,7965.07958984375
20151,4308.58642578125
20152,3956.976806640625
20153,5204.4013671875
20154,3467.386474609375
20155,5035.24365234375
20156,6202.294921875
20157,4705.8740234375
20158,4843.50390625
20159,3561.78857421875
20160,4712.1044921875
20161,4937.9248046875
20162,6743.9208984375
20163,6660.64697265625
20164,5330.7255859375
20165,3902.461669921875
20166,5941.8359375
20167,4212.50390625
20168,3373.74169921875
20169,5627.33837890625
20170,6614.79345703125
20171,4774.583984375
20172,5031.58203125
20173,4520.32861328125
20174,5459.00927734375
20175,4270.755859375
20176,5427.94091796875
20177,4817.6455078125
20178,4828.6259765625
20179,7561.7861328125
20180,4566.2158203125
20181,3622.60400390625
20182,8812.4404296875
20183,4369.8271484375
20184,3596.58740234375
20185,5840.57177734375
20186,6531.87451171875
20187,9651.43359375
20188,4163.5830078125
20189,4578.42724609375
20190,4845.2646484375
20191,5845.818359375
20192,5294.04443359375
20193,6168.71435546875
20194,2924.48974609375
20195,4662.34619140625
20196,3877.242431640625
20197,3937.842529296875
20198,3801.55224609375
20199,5436.83740234375
20200,4770.66845703125
20201,5501.72998046875
20202,6578.1640625
20203,4784.6474609375
20204,6507.22802734375
20205,4019.216064453125
20206,5545.26904296875
20207,5694.13671875
20208,6376.607421875
20209,6005.55517578125
20210,2685.4140625
20211,7145.658203125
20212,5339.9462890625
20213,5306.67138671875
20214,4251.08349609375
20215,3535.340087890625
20216,6742.30078125
20217,4725.6552734375
20218,7509.37353515625
20219,4743.90234375
20220,4355.48388671875
20221,4908.07958984375
20222,4807.33251953125
20223,4617.5908203125
20224,6348.53125
20225,4436.849609375
20226,7651.68408203125
20227,6995.97119140625
20228,6299.68701171875
20229,3901.819091796875
20230,4083.11669921875
20231,2884.786865234375
20232,2671.40869140625
20233,6036.228515625
20234,3693.022705078125
20235,7137.98486328125
20236,3540.96044921875
20237,3954.844482421875
20238,4707.19677734375
20239,5730.7548828125
20240,4634.21044921875
20241,4434.8037109375
20242,4214.65576171875
20243,5723.5634765625
20244,4683.6650390625
20245,5799.1376953125
20246,6076.072265625
20247,6606.0087890625
20248,6332.71484375
20249,5956.43310546875
20250,4334.7685546875
20251,3694.64306640625
20252,3640.081787109375
20253,8905.8603515625
20254,6158.634765625
20255,7800.03466796875
20256,13550.9345703125
20257,3222.499755859375
20258,3527.639892578125
20259,4603.7177734375
20260,6934.16259765625
20261,7612.7763671875
20262,5648.00146484375
20263,6463.0146484375
20264,6428.96435546875
20265,6175.2001953125
20266,5456.82666015625
20267,3842.36572265625
20268,3690.91845703125
20269,3500.72119140625
20270,3835.861328125
20271,4126.18310546875
20272,6269.396484375
20273,12638.1640625
20274,5455.2685546875
20275,4425.9072265625
20276,4666.53271484375
20277,3466.08447265625
20278,5210.32861328125
20279,3868.66259765625
20280,7285.4501953125
20281,5426.66455078125
20282,6204.46484375
20283,9612.7490234375
20284,10659.623046875
20285,5050.24658203125
20286,5413.82373046875
20287,3114.101318359375
20288,4294.32470703125
20289,5438.99609375
20290,6663.95166015625
20291,3410.775390625
20292,3307.803466796875
20293,3981.902587890625
20294,4457.287109375
20295,5176.10205078125
20296,5317.52978515625
20297,3619.329833984375
20298,5293.00830078125
20299,6557.27197265625
20300,4902.61474609375
20301,3780.270751953125
20302,2857.379150390625
20303,7490.400390625
20304,3696.062744140625
20305,8392.9365234375
20306,3109.536865234375
20307,3443.70849609375
20308,5094.11328125
20309,4620.572265625
20310,4010.926513671875
20311,4814.0771484375
20312,4874.8994140625
20313,7737.8505859375
20314,6475.48583984375
20315,4471.64990234375
20316,3257.901611328125
20317,4984.59326171875
20318,4187.11376953125
20319,4393.3759765625
20320,4185.47705078125
20321,4856.72265625
20322,8291.6962890625
20323,6456.4501953125
20324,5206.03173828125
20325,5987.6953125
20326,3029.610107421875
20327,7339.31787109375
20328,4456.18310546875
20329,9715.462890625
20330,4900.61083984375
20331,4054.6650390625
20332,4484.4541015625
20333,3370.5986328125
20334,5494.10205078125
20335,16302.3076171875
20336,3364.561767578125
20337,3764.53271484375
20338,6930.9111328125
20339,5289.20458984375
20340,6772.03466796875
20341,6384.0771484375
20342,4732.6826171875
20343,4018.36572265625
20344,3424.10986328125
20345,8728.6181640625
20346,4829.35791015625
20347,5530.17822265625
20348,7109.16748046875
20349,4872.044921875
20350,6528.25732421875
20351,5119.1435546875
20352,3503.19384765625
20353,7031.14013671875
20354,7948.86767578125
20355,3870.5888671875
20356,6614.18017578125
20357,4607.1533203125
20358,4088.57763671875
20359,7622.49658203125
20360,5366.05517578125
20361,6640.779296875
20362,3629.413818359375
20363,4809.58251953125
20364,5937.861328125
20365,2327.30810546875
20366,6715.49755859375
20367,3791.324462890625
20368,4868.25
20369,4316.77783203125
20370,5019.62255859375
20371,5090.91748046875
20372,6034.046875
20373,4630.36328125
20374,5943.51123046875
20375,4220.69921875
20376,5436.31201171875
20377,4992.2138671875
20378,6018.94189453125
20379,8063.88037109375
20380,6152.36865234375
20381,3153.0703125
20382,5255.41552734375
20383,5896.94091796875
20384,3251.874267578125
20385,10336.2890625
20386,4070.355224609375
20387,5550.0986328125
20388,8290.3837890625
20389,6098.173828125
20390,2429.6044921875
20391,14244.0068359375
20392,8265.05859375
20393,5224.49365234375
20394,6217.234375
20395,8576.83984375
20396,4584.8466796875
20397,4549.42138671875
20398,5377.68408203125
20399,4313.5712890625
20400,3658.929931640625
20401,5782.97021484375
20402,3621.608642578125
20403,6642.18994140625
20404,6237.64111328125
20405,4731.22998046875
20406,5467.37060546875
20407,5624.365234375
20408,4498.81689453125
20409,4516.9775390625
20410,5772.21337890625
20411,5049.1318359375
20412,5512.65283203125
20413,5660.72998046875
20414,5047.1015625
20415,7781.61279296875
20416,4146.4208984375
20417,4369.6171875
20418,5165.62841796875
20419,5894.0908203125
20420,5337.9306640625
20421,3926.9404296875
20422,3672.336181640625
20423,6729.6142578125
20424,6400.07177734375
20425,4431.44384765625
20426,6051.974609375
20427,6097.88232421875
20428,4499.68798828125
20429,4027.532958984375
20430,2376.783447265625
20431,5488.91845703125
20432,5379.27587890625
20433,5237.6484375
20434,6973.54833984375
20435,6023.25537109375
20436,4110.55029296875
20437,7904.75048828125
20438,3786.50048828125
20439,2252.350830078125
20440,5716.70849609375
20441,7470.89599609375
20442,5858.439453125
20443,5330.08349609375
20444,3237.144287109375
20445,4968.8369140625
20446,5311.26904296875
20447,4762.37353515625
20448,5644.49658203125
20449,3711.594970703125
20450,3640.10791015625
20451,4439.7685546875
20452,4129.92626953125
20453,3736.17578125
20454,4044.80322265625
20455,3651.3466796875
20456,3413.328857421875
20457,6071.3134765625
20458,6177.95068359375
20459,3489.205810546875
20460,5511.47509765625
20461,5455.58935546875
20462,4444.771484375
20463,4809.97265625
20464,6575.33251953125
20465,6063.82177734375
20466,4226.82958984375
20467,3409.236083984375
20468,9735.673828125
20469,5003.64990234375
20470,4156.40966796875
20471,6667.37646484375
20472,5878.72216796875
20473,5588.69482421875
20474,4597.97021484375
20475,5715.60302734375
20476,7573.2568359375
20477,9887.4638671875
20478,3838.66455078125
20479,3460.476318359375
20480,4149.81396484375
20481,4623.97705078125
20482,4077.439208984375
20483,5635.40771484375
20484,5923.24169921875
20485,4908.35888671875
20486,3230.872802734375
20487,4311.83837890625
20488,8357.9921875
20489,3911.63623046875
20490,5715.50244140625
20491,2797.11279296875
20492,5662.31201171875
20493,6107.1044921875
20494,5884.1474609375
20495,5890.2119140625
20496,5256.13623046875
20497,3167.30078125
20498,6053.50439453125
20499,5916.79052734375
20500,6559.89453125
20501,5609.9765625
20502,6037.57470703125
20503,4349.76220703125
20504,3415.76806640625
20505,7770.1171875
20506,3749.263671875
20507,7941.52880859375
20508,4390.935546875
20509,3121.357666015625
20510,5838.275390625
20511,4591.74169921875
20512,6397.31298828125
20513,5758.09130859375
20514,2915.772216796875
20515,3530.6142578125
20516,5504.115234375
20517,6430.9853515625
20518,7402.3154296875
20519,4324.7412109375
20520,4506.02685546875
20521,4130.9609375
20522,5906.0078125
20523,4267.6630859375
20524,7608.4052734375
20525,7705.88623046875
20526,9671.962890625
20527,3995.62158203125
20528,4731.0615234375
20529,8565.0966796875
20530,7335.27783203125
20531,3670.525146484375
20532,7922.52685546875
20533,4332.66064453125
20534,4835.5029296875
20535,3856.428466796875
20536,4483.58203125
20537,4356.82470703125
20538,4288.56689453125
20539,4012.62939453125
20540,4052.5556640625
20541,6347.57373046875
20542,6580.4140625
20543,21641.9140625
20544,5308.3173828125
20545,3780.32177734375
20546,5336.501953125
20547,9130.8466796875
20548,4774.81591796875
20549,7018.0595703125
20550,4938.29296875
20551,6958.53857421875
20552,5735.6748046875
20553,3289.56103515625
20554,4723.07470703125
20555,5496.642578125
20556,6647.4912109375
20557,6371.08154296875
20558,8618.7158203125
20559,3567.3818359375
20560,3696.824951171875
20561,4788.15625
20562,7829.798828125
20563,9427.6787109375
20564,7610.10400390625
20565,7208.537109375
20566,3530.149658203125
20567,4895.42431640625
20568,2945.758544921875
20569,8245.2734375
20570,8332.142578125
20571,8291.5673828125
20572,4829.376953125
20573,4542.57958984375
20574,4003.075927734375
20575,5405.03857421875
20576,8456.6875
20577,5130.79443359375
20578,4053.80126953125
20579,4461.919921875
20580,6263.5126953125
20581,3228.659423828125
20582,6315.8642578125
20583,3434.52490234375
20584,5914.20361328125
20585,5734.31494140625
20586,4965.65380859375
20587,6731.7939453125
20588,6060.99462890625
20589,5054.97216796875
20590,6559.36474609375
20591,5824.31005859375
20592,9226.630859375
20593,4388.54150390625
20594,7176.9404296875
20595,7686.72607421875
20596,7577.08349609375
20597,5590.935546875
20598,7069.62451171875
20599,3294.66162109375
20600,4148.45654296875
20601,5083.52197265625
20602,5925.30224609375
20603,8055.966796875
20604,6340.177734375
20605,4477.54931640625
20606,5948.4091796875
20607,6848.583984375
20608,7519.5986328125
20609,3643.173583984375
20610,12195.9287109375
20611,4200.6103515625
20612,5724.501953125
20613,6941.08642578125
20614,3672.422119140625
20615,4851.16845703125
20616,4696.9208984375
20617,6459.7587890625
20618,5775.06103515625
20619,4491.29638671875
20620,7063.51025390625
20621,6351.056640625
20622,4748.78369140625
20623,4981.22119140625
20624,7144.26220703125
20625,10609.6435546875
20626,6387.6533203125
20627,5973.47509765625
20628,4676.0166015625
20629,6190.89990234375
20630,5209.76806640625
20631,6459.9287109375
20632,4116.84326171875
20633,6187.96142578125
20634,5631.5859375
20635,5769.9638671875
20636,8875.708984375
20637,4018.924560546875
20638,4357.25732421875
20639,3443.2646484375
20640,7257.22705078125
20641,7393.19384765625
20642,4022.5703125
20643,3874.416015625
20644,5882.373046875
20645,4877.580078125
20646,4317.76416015625
20647,6139.90673828125
20648,5571.09521484375
20649,6469.60595703125
20650,4814.33251953125
20651,4392.96044921875
20652,4612.77490234375
20653,7296.9013671875
20654,6522.47314453125
20655,6854.67626953125
20656,6961.2734375
20657,4725.38232421875
20658,8788.7802734375
20659,4802.0166015625
20660,5207.36962890625
20661,8023.54052734375
20662,5289.00048828125
20663,8712.3310546875
20664,6241.02490234375
20665,6089.33447265625
20666,4495.53955078125
20667,7004.259765625
20668,5505.34130859375
20669,5255.12744140625
20670,3285.461181640625
20671,5593.05224609375
20672,6400.10302734375
20673,4527.69873046875
20674,3983.849609375
20675,7098.06103515625
20676,5506.36181640625
20677,5077.6826171875
20678,4335.95458984375
20679,4604.923828125
20680,6197.900390625
20681,5605.83935546875
20682,5227.5244140625
20683,4102.8232421875
20684,5496.1162109375
20685,5749.92041015625
20686,2701.30712890625
20687,5889.15673828125
20688,4992.98388671875
20689,6670.05126953125
20690,6431.55224609375
20691,5315.671875
20692,9267.005859375
20693,4127.99658203125
20694,4594.01611328125
20695,9708.814453125
20696,5274.66748046875
20697,7097.65869140625
20698,6427.35205078125
20699,4128.4443359375
20700,5682.68798828125
20701,5135.9189453125
20702,7467.03466796875
20703,9196.923828125
20704,6720.47607421875
20705,2614.866943359375
20706,3751.08642578125
20707,7419.26904296875
20708,6837.79150390625
20709,4834.275390625
20710,5660.955078125
20711,3943.40087890625
20712,4327.0283203125
20713,3884.373291015625
20714,4402.732421875
20715,5911.0634765625
20716,5951.43798828125
20717,5716.203125
20718,6181.28564453125
20719,7700.7119140625
20720,7144.45458984375
20721,6935.47021484375
20722,3535.749755859375
20723,8255.7607421875
20724,8005.34716796875
20725,4059.538330078125
20726,6242.20654296875
20727,5167.67138671875
20728,6350.8486328125
20729,3074.1220703125
20730,6023.2158203125
20731,3612.95703125
20732,8240.5615234375
20733,5780.0751953125
20734,6973.28857421875
20735,7323.59326171875
20736,5006.63134765625
20737,7287.28271484375
20738,16926.341796875
20739,8691.4501953125
20740,5844.40185546875
20741,2839.206787109375
20742,6088.2861328125
20743,6826.80029296875
20744,4748.73193359375
20745,11553.546875
20746,17985.173828125
20747,3456.308837890625
20748,4863.783203125
20749,8572.9453125
20750,3680.883544921875
20751,8192.4716796875
20752,4921.68603515625
20753,7175.01025390625
20754,4240.970703125
20755,5116.06591796875
20756,4775.5283203125
20757,7105.53857421875
20758,8832.0673828125
20759,6216.01318359375
20760,5283.57470703125
20761,5727.9052734375
20762,3618.536376953125
20763,4332.90283203125
20764,7675.00244140625
20765,3981.84765625
20766,4646.5537109375
20767,6169.46484375
20768,5252.72802734375
20769,4797.3798828125
20770,6096.236328125
20771,6012.53369140625
20772,7481.61328125
20773,9213.1865234375
20774,6587.392578125
20775,4955.9990234375
20776,2847.834716796875
20777,5772.54541015625
20778,4777.9462890625
20779,5413.96240234375
20780,4476.1572265625
20781,6118.9716796875
20782,4727.03271484375
20783,9309.5283203125
20784,5903.193359375
20785,4358.0009765625
20786,4594.51416015625
20787,4286.30859375
20788,7892.22705078125
20789,4730.31884765625
20790,6314.1435546875
20791,13691.251953125
20792,5213.34423828125
20793,6150.89111328125
20794,4363.39501953125
20795,4500.6220703125
20796,6110.2255859375
20797,4129.43896484375
20798,5141.7685546875
20799,9163.1748046875
20800,4845.28955078125
20801,11881.7490234375
20802,10313.7490234375
20803,4591.44677734375
20804,5346.0419921875
20805,5127.9599609375
20806,5613.85888671875
20807,5349.564453125
20808,9397.0400390625
20809,4408.12744140625
20810,8144.53466796875
20811,4254.0244140625
20812,7403.83056640625
20813,5257.29833984375
20814,7514.01220703125
20815,5403.015625
20816,5110.95654296875
20817,5543.3505859375
20818,5995.20166015625
20819,7722.99072265625
20820,9183.1591796875
20821,5194.27783203125
20822,7824.7275390625
20823,5599.67626953125
20824,8703.080078125
20825,4528.8935546875
20826,4014.135986328125
20827,4127.02734375
20828,6960.70654296875
20829,5056.53759765625
20830,5808.248046875
20831,6061.64892578125
20832,8285.74609375
20833,3676.0419921875
20834,6884.42529296875
20835,6799.06396484375
20836,2851.3701171875
20837,8679.3173828125
20838,15054.1640625
20839,5451.23828125
20840,6784.6640625
20841,7409.9013671875
20842,8842.728515625
20843,9990.78125
20844,5410.966796875
20845,6560.01611328125
20846,5744.5126953125
20847,6782.3994140625
20848,3850.444580078125
20849,6213.54443359375
20850,4956.47705078125
20851,4800.7783203125
20852,6885.310546875
20853,4511.67724609375
20854,3310.23681640625
20855,5782.072265625
20856,3577.489013671875
20857,3645.171142578125
20858,4965.04736328125
20859,5556.57568359375
20860,7511.859375
20861,7570.6064453125
20862,6762.20556640625
20863,5766.06396484375
20864,5443.97998046875
20865,7559.66259765625
20866,6459.20068359375
20867,4009.5107421875
20868,5328.7880859375
20869,9767.09765625
20870,3672.72900390625
20871,6582.0361328125
20872,3490.1923828125
20873,4369.6806640625
20874,6777.357421875
20875,6508.1123046875
20876,5129.6337890625
20877,7835.1630859375
20878,9054.3232421875
20879,10342.0400390625
20880,5867.51953125
20881,8575.658203125
20882,3037.113037109375
20883,4123.3466796875
20884,5283.25830078125
20885,2960.936767578125
20886,6917.2080078125
20887,4411.27880859375
20888,6002.36865234375
20889,8479.0458984375
20890,9379.08203125
20891,7204.3994140625
20892,4395.73828125
20893,4049.58984375
20894,13162.2529296875
20895,6677.3798828125
20896,5207.36279296875
20897,5088.94775390625
20898,5848.49951171875
20899,8035.04248046875
20900,3974.55029296875
20901,5618.75244140625
20902,6701.05078125
20903,6744.025390625
20904,12331.30859375
20905,5794.17041015625
20906,12897.033203125
20907,5231.9423828125
20908,5048.9375
20909,3152.5966796875
20910,5665.6845703125
20911,5452.4443359375
20912,4646.6689453125
20913,6560.86962890625
20914,4356.89990234375
20915,4354.076171875
20916,5621.46533203125
20917,4078.791015625
20918,6471.88720703125
20919,5753.40234375
20920,7103.3828125
20921,6565.412109375
20922,3580.031494140625
20923,7927.48583984375
20924,5124.2373046875
20925,5108.10986328125
20926,5477.2802734375
20927,4258.20654296875
20928,8506.466796875
20929,5433.2109375
20930,4200.943359375
20931,6607.96044921875
20932,7831.5341796875
20933,6094.0576171875
20934,4731.58984375
20935,7914.640625
20936,5286.5400390625
20937,5952.0107421875
20938,4715.427734375
20939,6820.84375
20940,4774.66455078125
20941,5381.54345703125
20942,4383.66650390625
20943,5206.6494140625
20944,4270.5146484375
20945,4022.2646484375
20946,7348.4482421875
20947,8664.916015625
20948,9756.6845703125
20949,9538.15234375
20950,7577.58251953125
20951,7359.22314453125
20952,5079.810546875
20953,11090.44140625
20954,10111.5732421875
20955,5739.87109375
20956,7235.04736328125
20957,7427.74462890625
20958,5107.63671875
20959,3214.467041015625
20960,7384.68310546875
20961,5571.458984375
20962,5971.5908203125
20963,4653.583984375
20964,1720.2247314453125
20965,8923.4853515625
20966,5274.34716796875
20967,6671.36279296875
20968,4276.400390625
20969,4441.68994140625
20970,6535.84912109375
20971,5557.626953125
20972,5753.3486328125
20973,5098.6015625
20974,4098.66650390625
20975,3301.47607421875
20976,3543.062744140625
20977,5843.84912109375
20978,14977.701171875
20979,3895.265380859375
20980,5481.1103515625
20981,5972.9384765625
20982,4208.82470703125
20983,4533.47412109375
20984,4601.49267578125
20985,3314.449462890625
20986,6936.32275390625
20987,5078.22314453125
20988,2941.88671875
20989,7214.8857421875
20990,3604.506103515625
20991,4523.77880859375
20992,9631.6826171875
20993,6410.8525390625
20994,8914.724609375
20995,3950.80810546875
20996,5454.390625
20997,3959.211181640625
20998,4469.64501953125
20999,13989.443359375
21000,9631.7744140625
21001,6079.68505859375
21002,4084.599609375
21003,4645.69189453125
21004,5140.93408203125
21005,3997.958740234375
21006,10007.6259765625
21007,4816.25341796875
21008,4243.1328125
21009,5869.3115234375
21010,3785.5791015625
21011,5216.568359375
21012,6000.37841796875
21013,5878.05029296875
21014,5395.533203125
21015,3893.471435546875
21016,5200.4638671875
21017,5245.3916015625
21018,7464.6201171875
21019,7279.37939453125
21020,6170.921875
21021,3679.68896484375
21022,6751.57421875
21023,5087.2529296875
21024,4058.197509765625
21025,5706.21875
21026,7574.45751953125
21027,5224.71044921875
21028,5458.1689453125
21029,5298.4345703125
21030,6455.62744140625
21031,4642.92333984375
21032,6031.92919921875
21033,6073.3701171875
21034,5217.939453125
21035,8312.8388671875
21036,5283.4853515625
21037,3973.970947265625
21038,9797.0439453125
21039,5158.16650390625
21040,3906.2392578125
21041,6427.3271484375
21042,7568.87255859375
21043,9003.8828125
21044,4312.41259765625
21045,4808.96142578125
21046,4980.71875
21047,6791.185546875
21048,5548.4248046875
21049,7284.35498046875
21050,2604.22705078125
21051,5638.353515625
21052,4852.8388671875
21053,4488.05078125
21054,4004.039306640625
21055,5957.7431640625
21056,5493.13916015625
21057,5108.66015625
21058,6626.486328125
21059,5808.9736328125
21060,7638.1142578125
21061,4923.78369140625
21062,5676.92236328125
21063,5826.6572265625
21064,7437.607421875
21065,6725.0634765625
21066,2896.787841796875
21067,7317.85693359375
21068,6044.26806640625
21069,5900.7646484375
21070,4532.69189453125
21071,3827.974853515625
21072,7480.57373046875
21073,4613.78271484375
21074,8561.7373046875
21075,5506.3134765625
21076,4933.65380859375
21077,6197.78759765625
21078,5293.1181640625
21079,5208.55126953125
21080,6657.353515625
21081,4752.57763671875
21082,8655.1865234375
21083,7874.830078125
21084,6124.73828125
21085,4106.33056640625
21086,4276.64306640625
21087,3605.90771484375
21088,3285.845703125
21089,6814.6396484375
21090,4390.24853515625
21091,7574.81591796875
21092,3964.04345703125
21093,4608.83740234375
21094,5195.68017578125
21095,6736.24755859375
21096,5039.25634765625
21097,4620.16650390625
21098,4695.07080078125
21099,6126.638671875
21100,4970.6025390625
21101,6659.6875
21102,6568.74462890625
21103,7082.30712890625
21104,6684.2646484375
21105,6670.9765625
21106,4991.095703125
21107,3746.448974609375
21108,4011.838623046875
21109,9561.810546875
21110,6300.58349609375
21111,9953.853515625
21112,13820.9814453125
21113,3876.833984375
21114,4053.311279296875
21115,5508.52685546875
21116,7605.8134765625
21117,8216.904296875
21118,6060.85595703125
21119,6725.7373046875
21120,7276.0439453125
21121,5759.05224609375
21122,5514.97705078125
21123,4405.58984375
21124,4082.146484375
21125,3784.573974609375
21126,4122.919921875
21127,4738.59521484375
21128,7251.41162109375
21129,13574.5947265625
21130,6177.45849609375
21131,4756.8564453125
21132,5981.40478515625
21133,3776.6611328125
21134,5971.01953125
21135,4351.68603515625
21136,8793.6220703125
21137,5823.8232421875
21138,6624.3330078125
21139,10802.3173828125
21140,11400.3056640625
21141,6212.4404296875
21142,6123.96875
21143,3594.658447265625
21144,4859.939453125
21145,6202.1171875
21146,7689.31005859375
21147,4132.45556640625
21148,3751.530517578125
21149,4339.7333984375
21150,4951.3486328125
21151,5243.0048828125
21152,6848.91259765625
21153,3784.748779296875
21154,6101.10888671875
21155,6824.89501953125
21156,5255.5546875
21157,4209.8427734375
21158,3090.782470703125
21159,8156.99267578125
21160,4481.55419921875
21161,9265.2431640625
21162,3697.09326171875
21163,4821.8818359375
21164,6039.73876953125
21165,5158.50439453125
21166,4421.07373046875
21167,5174.26611328125
21168,5712.79833984375
21169,8305.9541015625
21170,7384.60400390625
21171,4780.0498046875
21172,3609.77734375
21173,5345.27294921875
21174,4469.216796875
21175,4767.712890625
21176,4686.599609375
21177,5263.8056640625
21178,9337.7353515625
21179,7398.60107421875
21180,5219.10009765625
21181,6296.4384765625
21182,3692.441650390625
21183,8468.5283203125
21184,4873.3505859375
21185,10910.23046875
21186,5312.2900390625
21187,4056.26611328125
21188,5421.57177734375
21189,3408.509765625
21190,6398.41748046875
21191,19084.4453125
21192,4014.273193359375
21193,4359.330078125
21194,7142.6572265625
21195,6296.16943359375
21196,6243.02490234375
21197,6997.646484375
21198,5146.625
21199,4663.4501953125
21200,3991.203369140625
21201,9023.9775390625
21202,5038.90087890625
21203,5749.77880859375
21204,7999.98681640625
21205,4986.6826171875
21206,6650.32421875
21207,5277.181640625
21208,3724.386962890625
21209,7291.63330078125
21210,8338.298828125
21211,3906.740478515625
21212,7393.408203125
21213,5468.3125
21214,4821.56640625
21215,8321.1015625
21216,6020.90673828125
21217,7638.4208984375
21218,4272.57470703125
21219,5213.966796875
21220,6478.04248046875
21221,3199.172607421875
21222,7414.6845703125
21223,4212.52587890625
21224,5786.21826171875
21225,4560.03466796875
21226,5732.0693359375
21227,5422.31201171875
21228,6401.4033203125
21229,5016.72119140625
21230,6884.984375
21231,5039.88427734375
21232,6687.7529296875
21233,5250.37841796875
21234,6611.16162109375
21235,8856.392578125
21236,6282.18896484375
21237,3592.592529296875
21238,5733.07568359375
21239,6659.1591796875
21240,4165.5068359375
21241,11234.38671875
21242,4387.03662109375
21243,6647.52001953125
21244,9357.5322265625
21245,6536.9384765625
21246,3405.702392578125
21247,19559.869140625
21248,9589.0869140625
21249,5643.826171875
21250,6611.9482421875
21251,8886.2060546875
21252,5248.14111328125
21253,5183.767578125
21254,5937.044921875
21255,4579.49267578125
21256,3997.800537109375
21257,6487.52734375
21258,4201.630859375
21259,6815.70361328125
21260,6862.7275390625
21261,5348.546875
21262,6587.57568359375
21263,6124.88134765625
21264,5143.3818359375
21265,5247.66748046875
21266,6108.017578125
21267,5866.0166015625
21268,6105.1875
21269,6213.6181640625
21270,5550.2119140625
21271,8863.314453125
21272,4952.30322265625
21273,4474.6025390625
21274,5770.56787109375
21275,6817.16357421875
21276,5574.67041015625
21277,4299.7177734375
21278,4381.09912109375
21279,6600.5478515625
21280,6663.9814453125
21281,4685.51708984375
21282,6554.21533203125
21283,6004.78271484375
21284,4786.373046875
21285,5027.98095703125
21286,3067.02685546875
21287,6304.12255859375
21288,5839.68505859375
21289,5431.56982421875
21290,7543.03955078125
21291,6699.45556640625
21292,4603.65869140625
21293,9284.7705078125
21294,3560.439208984375
21295,1586.2689208984375
21296,6376.27490234375
21297,8684.2744140625
21298,6468.0400390625
21299,5853.0908203125
21300,3715.13037109375
21301,5419.54736328125
21302,6311.21826171875
21303,5092.26513671875
21304,5748.63427734375
21305,4172.44384765625
21306,4782.65283203125
21307,4937.24560546875
21308,4910.21240234375
21309,4389.11376953125
21310,4517.60302734375
21311,4158.796875
21312,3691.02490234375
21313,6068.45068359375
21314,6281.47705078125
21315,3664.406005859375
21316,5685.76171875
21317,5728.966796875
21318,4954.0625
21319,5231.03271484375
21320,7696.31396484375
21321,7476.3857421875
21322,4664.11474609375
21323,3885.243408203125
21324,10295.1162109375
21325,5162.6064453125
21326,4874.7109375
21327,6912.66943359375
21328,6358.380859375
21329,6447.05712890625
21330,5103.49365234375
21331,6168.1123046875
21332,7708.66943359375
21333,10708.6494140625
21334,4671.38134765625
21335,3860.3359375
21336,4673.68505859375
21337,5751.10888671875
21338,4874.3671875
21339,7133.04638671875
21340,6502.62646484375
21341,4625.79052734375
21342,3642.206787109375
21343,4843.6044921875
21344,9118.2978515625
21345,4253.0869140625
21346,6050.3359375
21347,3509.255126953125
21348,6176.58154296875
21349,6899.228515625
21350,6768.9443359375
21351,6153.490234375
21352,5766.51806640625
21353,3688.211669921875
21354,6226.83740234375
21355,6539.6552734375
21356,7048.12548828125
21357,6636.025390625
21358,6934.9091796875
21359,4840.10009765625
21360,4157.78271484375
21361,9031.228515625
21362,4092.176513671875
21363,8652.775390625
21364,5202.35791015625
21365,3873.124755859375
21366,6058.1171875
21367,4577.5361328125
21368,7496.25048828125
21369,6783.19189453125
21370,4347.96533203125
21371,3422.693603515625
21372,5898.208984375
21373,7541.30322265625
21374,8171.2607421875
21375,4783.3662109375
21376,4709.2119140625
21377,5019.7373046875
21378,6112.15283203125
21379,4532.04833984375
21380,8145.85986328125
21381,8549.486328125
21382,10658.041015625
21383,4439.7939453125
21384,5450.37548828125
21385,8816.265625
21386,8652.205078125
21387,3637.71826171875
21388,8487.451171875
21389,4734.54736328125
21390,4881.17822265625
21391,4612.7431640625
21392,5173.9423828125
21393,4464.4658203125
21394,4675.22021484375
21395,5123.8447265625
21396,4125.92626953125
21397,7210.72119140625
21398,6353.9375
21399,22402.443359375
21400,5762.78857421875
21401,0.0
21402,0.0
21403,0.0
21404,0.0
21405,0.0
21406,0.0
21407,0.0
21408,0.0
21409,0.0
21410,0.0
21411,0.0
21412,0.0
21413,0.0
21414,0.0
21415,0.0
21416,0.0
21417,0.0
21418,0.0
21419,0.0
21420,0.0
21421,0.0
21422,0.0
21423,0.0
21424,0.0
21425,0.0
21426,0.0
21427,0.0
21428,0.0
21429,0.0
21430,0.0
21431,0.0
21432,0.0
21433,0.0
21434,0.0
21435,0.0
21436,0.0
21437,0.0
21438,0.0
21439,0.0
21440,0.0
21441,0.0
21442,0.0
21443,0.0
21444,0.0
21445,0.0
21446,0.0
21447,0.0
21448,0.0
21449,0.0
21450,0.0
21451,0.0
21452,0.0
21453,0.0
21454,0.0
21455,0.0
21456,0.0
21457,0.0
21458,0.0
21459,0.0
21460,0.0
21461,0.0
21462,0.0
21463,0.0
21464,0.0
21465,0.0
21466,0.0
21467,0.0
21468,0.0
21469,0.0
21470,0.0
21471,0.0
21472,0.0
21473,0.0
21474,0.0
21475,0.0
21476,0.0
21477,0.0
21478,0.0
21479,0.0
21480,0.0
21481,0.0
21482,0.0
21483,0.0
21484,0.0
21485,0.0
21486,0.0
21487,0.0
21488,0.0
21489,0.0
21490,0.0
21491,0.0
21492,5177.26318359375
21493,0.0
21494,0.0
21495,0.0
21496,0.0
21497,0.0
21498,0.0
21499,0.0
21500,0.0
21501,0.0
21502,0.0
21503,0.0
21504,0.0
21505,0.0
21506,0.0
21507,0.0
21508,0.0
21509,0.0
21510,0.0
21511,0.0
21512,0.0
21513,0.0
21514,0.0
21515,0.0
21516,0.0
21517,0.0
21518,0.0
21519,0.0
21520,0.0
21521,0.0
21522,0.0
21523,0.0
21524,0.0
21525,0.0
21526,0.0
21527,0.0
21528,0.0
21529,0.0
21530,0.0
21531,0.0
21532,0.0
21533,0.0
21534,0.0
21535,0.0
21536,0.0
21537,0.0
21538,0.0
21539,0.0
21540,0.0
21541,0.0
21542,0.0
21543,0.0
21544,0.0
21545,0.0
21546,0.0
21547,0.0
21548,0.0
21549,0.0
21550,0.0
21551,0.0
21552,0.0
21553,0.0
21554,0.0
21555,0.0
21556,0.0
21557,0.0
21558,0.0
21559,0.0
21560,3190.95263671875
21561,0.0
21562,0.0
21563,0.0
21564,0.0
21565,0.0
21566,0.0
21567,0.0
21568,0.0
21569,0.0
21570,0.0
21571,0.0
21572,0.0
21573,0.0
21574,0.0
21575,0.0
21576,0.0
21577,0.0
21578,0.0
21579,0.0
21580,0.0
21581,0.0
21582,0.0
21583,0.0
21584,0.0
21585,0.0
21586,0.0
21587,0.0
21588,0.0
21589,0.0
21590,0.0
21591,0.0
21592,0.0
21593,0.0
21594,0.0
21595,0.0
21596,0.0
21597,0.0
21598,0.0
21599,0.0
21600,0.0
21601,16689.599609375
21602,30440.673828125
21603,0.0
21604,0.0
21605,0.0
21606,0.0
21607,0.0
21608,0.0
21609,0.0
21610,7792.6953125
21611,0.0
21612,0.0
21613,0.0
21614,0.0
21615,0.0
21616,0.0
21617,0.0
21618,0.0
21619,0.0
21620,0.0
21621,0.0
21622,0.0
21623,0.0
21624,0.0
21625,0.0
21626,0.0
21627,0.0
21628,0.0
21629,5211.9638671875
21630,0.0
21631,0.0
21632,0.0
21633,0.0
21634,0.0
21635,0.0
21636,0.0
21637,0.0
21638,0.0
21639,2705.821533203125
21640,0.0
21641,0.0
21642,0.0
21643,0.0
21644,0.0
21645,0.0
21646,0.0
21647,0.0
21648,0.0
21649,0.0
21650,0.0
21651,0.0
21652,0.0
21653,0.0
21654,0.0
21655,0.0
21656,0.0
21657,7862.21435546875
21658,0.0
21659,0.0
21660,0.0
21661,0.0
21662,0.0
21663,0.0
21664,0.0
21665,0.0
21666,0.0
21667,0.0
21668,0.0
21669,0.0
21670,0.0
21671,0.0
21672,0.0
21673,0.0
21674,9503.6142578125
21675,0.0
21676,0.0
21677,0.0
21678,0.0
21679,0.0
21680,0.0
21681,0.0
21682,0.0
21683,0.0
21684,0.0
21685,0.0
21686,0.0
21687,0.0
21688,0.0
21689,0.0
21690,0.0
21691,0.0
21692,0.0
21693,0.0
21694,0.0
21695,0.0
21696,0.0
21697,0.0
21698,0.0
21699,0.0
21700,0.0
21701,0.0
21702,0.0
21703,0.0
21704,0.0
21705,0.0
21706,0.0
21707,0.0
21708,0.0
21709,0.0
21710,0.0
21711,0.0
21712,0.0
21713,0.0
21714,0.0
21715,0.0
21716,0.0
21717,0.0
21718,0.0
21719,0.0
21720,0.0
21721,0.0
21722,0.0
21723,0.0
21724,0.0
21725,0.0
21726,0.0
21727,0.0
21728,0.0
21729,0.0
21730,0.0
21731,0.0
21732,0.0
21733,0.0
21734,0.0
21735,0.0
21736,1787.90283203125
21737,0.0
21738,0.0
21739,0.0
21740,0.0
21741,0.0
21742,0.0
21743,0.0
21744,0.0
21745,0.0
21746,0.0
21747,0.0
21748,0.0
21749,0.0
21750,6667.251953125
21751,0.0
21752,0.0
21753,0.0
21754,0.0
21755,0.0
21756,0.0
21757,0.0
21758,0.0
21759,0.0
21760,0.0
21761,0.0
21762,0.0
21763,0.0
21764,0.0
21765,0.0
21766,0.0
21767,0.0
21768,0.0
21769,0.0
21770,0.0
21771,0.0
21772,0.0
21773,0.0
21774,0.0
21775,0.0
21776,0.0
21777,0.0
21778,0.0
21779,0.0
21780,0.0
21781,0.0
21782,0.0
21783,0.0
21784,0.0
21785,0.0
21786,0.0
21787,0.0
21788,0.0
21789,0.0
21790,0.0
21791,0.0
21792,0.0
21793,7812.7529296875
21794,0.0
21795,0.0
21796,0.0
21797,0.0
21798,0.0
21799,0.0
21800,0.0
21801,0.0
21802,0.0
21803,3487.7314453125
21804,0.0
21805,0.0
21806,0.0
21807,6672.95654296875
21808,0.0
21809,0.0
21810,0.0
21811,0.0
21812,0.0
21813,0.0
21814,0.0
21815,0.0
21816,0.0
21817,0.0
21818,0.0
21819,0.0
21820,0.0
21821,0.0
21822,0.0
21823,0.0
21824,0.0
21825,0.0
21826,0.0
21827,0.0
21828,0.0
21829,0.0
21830,0.0
21831,0.0
21832,0.0
21833,0.0
21834,19314.892578125
21835,0.0
21836,0.0
21837,0.0
21838,0.0
21839,0.0
21840,0.0
21841,0.0
21842,0.0
21843,0.0
21844,0.0
21845,0.0
21846,0.0
21847,0.0
21848,6452.8505859375
21849,0.0
21850,0.0
21851,0.0
21852,0.0
21853,0.0
21854,0.0
21855,0.0
21856,0.0
21857,0.0
21858,0.0
21859,0.0
21860,0.0
21861,0.0
21862,0.0
21863,0.0
21864,0.0
21865,0.0
21866,0.0
21867,0.0
21868,0.0
21869,0.0
21870,0.0
21871,0.0
21872,0.0
21873,0.0
21874,0.0
21875,0.0
21876,0.0
21877,0.0
21878,0.0
21879,0.0
21880,0.0
21881,0.0
21882,0.0
21883,0.0
21884,0.0
21885,0.0
21886,0.0
21887,0.0
21888,0.0
21889,0.0
21890,0.0
21891,0.0
21892,0.0
21893,0.0
21894,0.0
21895,0.0
21896,0.0
21897,0.0
21898,0.0
21899,0.0
21900,0.0
21901,0.0
21902,0.0
21903,0.0
21904,0.0
21905,0.0
21906,0.0
21907,0.0
21908,0.0
21909,0.0
21910,0.0
21911,0.0
21912,0.0
21913,0.0
21914,0.0
21915,0.0
21916,0.0
21917,0.0
21918,0.0
21919,0.0
21920,0.0
21921,0.0
21922,0.0
21923,12697.4248046875
21924,0.0
21925,0.0
21926,0.0
21927,0.0
21928,0.0
21929,0.0
21930,0.0
21931,0.0
21932,0.0
21933,0.0
21934,0.0
21935,0.0
21936,0.0
21937,0.0
21938,0.0
21939,0.0
21940,0.0
21941,0.0
21942,0.0
21943,0.0
21944,0.0
21945,0.0
21946,0.0
21947,0.0
21948,0.0
21949,0.0
21950,0.0
21951,0.0
21952,0.0
21953,0.0
21954,0.0
21955,0.0
21956,0.0
21957,0.0
21958,0.0
21959,0.0
21960,0.0
21961,0.0
21962,0.0
21963,0.0
21964,0.0
21965,0.0
21966,0.0
21967,5408.91943359375
21968,15957.919921875
21969,0.0
21970,0.0
21971,0.0
21972,0.0
21973,0.0
21974,0.0
21975,0.0
21976,0.0
21977,0.0
21978,0.0
21979,0.0
21980,0.0
21981,0.0
21982,0.0
21983,0.0
21984,0.0
21985,0.0
21986,0.0
21987,0.0
21988,0.0
21989,0.0
21990,0.0
21991,0.0
21992,0.0
21993,0.0
21994,0.0
21995,0.0
21996,11596.80078125
21997,0.0
21998,0.0
21999,0.0
22000,0.0
22001,0.0
22002,0.0
22003,0.0
22004,0.0
22005,0.0
22006,0.0
22007,0.0
22008,0.0
22009,0.0
22010,0.0
22011,0.0
22012,0.0
22013,0.0
22014,0.0
22015,0.0
22016,0.0
22017,0.0
22018,0.0
22019,0.0
22020,0.0
22021,0.0
22022,0.0
22023,0.0
22024,0.0
22025,0.0
22026,0.0
22027,0.0
22028,0.0
22029,0.0
22030,0.0
22031,0.0
22032,0.0
22033,0.0
22034,0.0
22035,0.0
22036,0.0
22037,0.0
22038,0.0
22039,0.0
22040,0.0
22041,0.0
22042,0.0
22043,0.0
22044,0.0
22045,0.0
22046,0.0
22047,0.0
22048,0.0
22049,0.0
22050,0.0
22051,0.0
22052,0.0
22053,0.0
22054,0.0
22055,0.0
22056,0.0
22057,0.0
22058,0.0
22059,0.0
22060,0.0
22061,0.0
22062,0.0
22063,0.0
22064,0.0
22065,0.0
22066,2925.587890625
22067,0.0
22068,0.0
22069,0.0
22070,2033.40673828125
22071,0.0
22072,0.0
22073,0.0
22074,0.0
22075,0.0
22076,0.0
22077,0.0
22078,0.0
22079,0.0
22080,0.0
22081,0.0
22082,0.0
22083,0.0
22084,0.0
22085,0.0
22086,0.0
22087,0.0
22088,0.0
22089,0.0
22090,0.0
22091,0.0
22092,0.0
22093,0.0
22094,0.0
22095,0.0
22096,0.0
22097,0.0
22098,0.0
22099,0.0
22100,0.0
22101,0.0
22102,0.0
22103,0.0
22104,0.0
22105,0.0
22106,0.0
22107,0.0
22108,0.0
22109,0.0
22110,0.0
22111,0.0
22112,0.0
22113,0.0
22114,0.0
22115,0.0
22116,0.0
22117,0.0
22118,0.0
22119,0.0
22120,0.0
22121,4438.2802734375
22122,0.0
22123,0.0
22124,0.0
22125,0.0
22126,0.0
22127,0.0
22128,0.0
22129,0.0
22130,0.0
22131,0.0
22132,0.0
22133,0.0
22134,0.0
22135,0.0
22136,11554.9091796875
22137,0.0
22138,0.0
22139,0.0
22140,0.0
22141,0.0
22142,0.0
22143,0.0
22144,0.0
22145,0.0
22146,0.0
22147,0.0
22148,0.0
22149,0.0
22150,0.0
22151,0.0
22152,0.0
22153,0.0
22154,0.0
22155,0.0
22156,0.0
22157,0.0
22158,0.0
22159,0.0
22160,0.0
22161,0.0
22162,0.0
22163,0.0
22164,0.0
22165,0.0
22166,0.0
22167,0.0
22168,0.0
22169,0.0
22170,0.0
22171,0.0
22172,0.0
22173,0.0
22174,0.0
22175,0.0
22176,0.0
22177,0.0
22178,0.0
22179,0.0
22180,0.0
22181,0.0
22182,0.0
22183,0.0
22184,0.0
22185,0.0
22186,0.0
22187,0.0
22188,0.0
22189,0.0
22190,0.0
22191,0.0
22192,0.0
22193,0.0
22194,0.0
22195,0.0
22196,0.0
22197,0.0
22198,0.0
22199,0.0
22200,4406.34912109375
22201,0.0
22202,0.0
22203,0.0
22204,0.0
22205,0.0
22206,0.0
22207,0.0
22208,0.0
22209,0.0
22210,0.0
22211,0.0
22212,0.0
22213,0.0
22214,0.0
22215,0.0
22216,0.0
22217,0.0
22218,0.0
22219,0.0
22220,0.0
22221,0.0
22222,0.0
22223,0.0
22224,0.0
22225,0.0
22226,0.0
22227,0.0
22228,0.0
22229,0.0
22230,0.0
22231,0.0
22232,0.0
22233,0.0
22234,0.0
22235,0.0
22236,0.0
22237,0.0
22238,0.0
22239,0.0
22240,0.0
22241,13358.5859375
22242,6230.984375
22243,0.0
22244,0.0
22245,0.0
22246,0.0
22247,0.0
22248,0.0
22249,0.0
22250,0.0
22251,0.0
22252,0.0
22253,0.0
22254,0.0
22255,0.0
22256,0.0
22257,3584.76025390625
22258,3615.75390625
22259,6560.216796875
22260,3537.79638671875
22261,5682.19677734375
22262,4436.9462890625
22263,6259.607421875
22264,7377.8642578125
22265,3862.494384765625
22266,2988.58056640625
22267,5337.2119140625
22268,4922.240234375
22269,3889.2783203125
22270,6439.75
22271,5413.75390625
22272,3246.698486328125
22273,4601.86572265625
22274,6480.5439453125
22275,7413.40576171875
22276,6044.35693359375
22277,7223.26708984375
22278,3773.61669921875
22279,5561.72412109375
22280,2210.3603515625
22281,7658.3916015625
22282,7527.955078125
22283,8116.69140625
22284,5762.830078125
22285,3557.147705078125
22286,4694.16357421875
22287,5953.18505859375
22288,7395.9267578125
22289,3476.736083984375
22290,5356.24853515625
22291,5203.9912109375
22292,5869.8212890625
22293,2596.468017578125
22294,7071.35400390625
22295,4068.908447265625
22296,7528.2900390625
22297,6261.49853515625
22298,3844.702880859375
22299,7045.71484375
22300,6644.33984375
22301,5106.91015625
22302,3774.78759765625
22303,7261.85205078125
22304,10041.0546875
22305,5648.52685546875
22306,5656.0205078125
22307,8247.8212890625
22308,7334.57763671875
22309,5169.80224609375
22310,5700.0712890625
22311,2533.890380859375
22312,2494.941162109375
22313,4262.78271484375
22314,6081.42529296875
22315,7730.43212890625
22316,6494.7431640625
22317,3957.34716796875
22318,7927.80126953125
22319,7974.0546875
22320,5106.95654296875
22321,2970.3837890625
22322,10218.6328125
22323,3031.26953125
22324,4458.49658203125
22325,6815.5302734375
22326,3795.6484375
22327,4986.4169921875
22328,2441.2626953125
22329,5557.56494140625
22330,5513.10693359375
22331,5309.216796875
22332,7872.32177734375
22333,6679.54833984375
22334,4684.95947265625
22335,3542.798583984375
22336,7425.06689453125
22337,12391.12109375
22338,6495.26708984375
22339,3672.713134765625
22340,6006.18408203125
22341,5752.822265625
22342,5842.85107421875
22343,8360.5859375
22344,2319.133056640625
22345,7378.4833984375
22346,4807.28466796875
22347,5786.39599609375
22348,6860.04443359375
22349,2402.9619140625
22350,3954.271728515625
22351,4807.14599609375
22352,7125.2744140625
22353,6625.73779296875
22354,3443.46044921875
22355,3773.367919921875
22356,7072.08203125
22357,5896.2607421875
22358,4728.67578125
22359,4434.50634765625
22360,4116.541015625
22361,5539.3095703125
22362,4301.34716796875
22363,3726.352783203125
22364,4624.6962890625
22365,6196.77685546875
22366,5943.1416015625
22367,6894.689453125
22368,7501.0068359375
22369,3580.81787109375
22370,7861.5205078125
22371,3013.131103515625
22372,3707.41796875
22373,7879.55029296875
22374,6938.9580078125
22375,6395.919921875
22376,9169.1494140625
22377,6588.13427734375
22378,4797.548828125
22379,6209.87060546875
22380,7475.03857421875
22381,4440.72314453125
22382,2889.426513671875
22383,5441.517578125
22384,4674.9560546875
22385,4498.97412109375
22386,2833.220947265625
22387,5369.86865234375
22388,5954.88720703125
22389,5405.9541015625
22390,5615.533203125
22391,2848.9521484375
22392,5714.58447265625
22393,6221.9248046875
22394,3552.646240234375
22395,4861.2568359375
22396,3475.426513671875
22397,4978.84716796875
22398,2543.11279296875
22399,4407.25048828125
22400,5281.55615234375
22401,6792.396484375
22402,5916.1298828125
22403,5915.63037109375
22404,11651.2109375
22405,3964.231689453125
22406,5351.53173828125
22407,10021.4609375
22408,5674.9853515625
22409,7719.53955078125
22410,5694.33740234375
22411,4905.1005859375
22412,6546.0380859375
22413,4672.27490234375
22414,4264.68896484375
22415,7743.517578125
22416,4790.73779296875
22417,2546.74267578125
22418,3186.434814453125
22419,7119.55615234375
22420,7433.52783203125
22421,6064.17236328125
22422,5538.9267578125
22423,4195.4326171875
22424,1982.8848876953125
22425,2227.8271484375
22426,3375.131591796875
22427,6144.1572265625
22428,6982.53125
22429,4337.68994140625
22430,5573.91064453125
22431,8297.310546875
22432,7113.95703125
22433,7399.28564453125
22434,5183.60888671875
22435,7850.74072265625
22436,8422.9189453125
22437,3261.28466796875
22438,4904.22021484375
22439,5156.04443359375
22440,6389.47802734375
22441,2642.045166015625
22442,5214.47119140625
22443,4399.50927734375
22444,7391.3466796875
22445,5319.04248046875
22446,7133.81103515625
22447,6789.181640625
22448,5036.31591796875
22449,7840.869140625
22450,16683.5625
22451,8398.900390625
22452,4794.64892578125
22453,3833.52783203125
22454,6331.9501953125
22455,5811.87890625
22456,4092.776123046875
22457,8918.4794921875
22458,17833.962890625
22459,5054.43115234375
22460,3766.9599609375
22461,10432.078125
22462,3025.070556640625
22463,5200.64599609375
22464,3066.75830078125
22465,6111.78369140625
22466,4737.76123046875
22467,5516.52099609375
22468,5062.73779296875
22469,5179.1328125
22470,9556.927734375
22471,5980.88525390625
22472,6048.767578125
22473,6462.05126953125
22474,4415.68994140625
22475,6020.31103515625
22476,9196.654296875
22477,4569.2099609375
22478,5171.47607421875
22479,3606.49267578125
22480,3224.82470703125
22481,5247.67724609375
22482,4121.357421875
22483,4879.8486328125
22484,7788.02001953125
22485,9666.6845703125
22486,6876.9970703125
22487,4619.5
22488,3624.228271484375
22489,4399.43994140625
22490,3767.361328125
22491,6138.48828125
22492,3591.612548828125
22493,5672.802734375
22494,4922.77734375
22495,7291.10205078125
22496,5006.26513671875
22497,3861.0751953125
22498,2960.6396484375
22499,3085.81396484375
22500,8066.3173828125
22501,5714.62646484375
22502,5325.47900390625
22503,11653.61328125
22504,6418.5732421875
22505,4451.69970703125
22506,5057.96044921875
22507,2906.28369140625
22508,3663.769775390625
22509,3873.835205078125
22510,4090.03662109375
22511,8875.1748046875
22512,4366.26611328125
22513,7785.04541015625
22514,9275.16015625
22515,5125.37451171875
22516,4794.48486328125
22517,4609.86865234375
22518,5176.91162109375
22519,4608.00537109375
22520,9380.361328125
22521,5025.7265625
22522,7216.79833984375
22523,3269.241455078125
22524,5772.34375
22525,5825.8583984375
22526,7509.4208984375
22527,6159.72412109375
22528,4817.4580078125
22529,6265.18212890625
22530,5110.2216796875
22531,8079.736328125
22532,6751.458984375
22533,6359.97705078125
22534,8166.2685546875
22535,6685.1298828125
22536,7079.59375
22537,3035.84716796875
22538,5133.12158203125
22539,5148.86328125
22540,8336.2529296875
22541,6247.63037109375
22542,6492.76416015625
22543,6095.35498046875
22544,7239.19873046875
22545,4653.28076171875
22546,7329.1708984375
22547,6166.73876953125
22548,2336.744384765625
22549,7681.7119140625
22550,15233.203125
22551,7057.8408203125
22552,6125.65234375
22553,6600.08203125
22554,7827.27880859375
22555,8099.220703125
22556,3077.279296875
22557,4049.88427734375
22558,5626.33984375
22559,7556.35693359375
22560,2636.61962890625
22561,4451.19580078125
22562,5238.1875
22563,4549.759765625
22564,4467.9208984375
22565,3247.20068359375
22566,2796.553955078125
22567,7023.48046875
22568,3511.099853515625
22569,4575.9306640625
22570,5280.79345703125
22571,4746.41748046875
22572,8683.7939453125
22573,11582.5419921875
22574,5446.66943359375
22575,6853.8564453125
22576,6275.79736328125
22577,7856.24560546875
22578,4068.705322265625
22579,2674.468505859375
22580,5395.34326171875
22581,11707.80078125
22582,4153.41650390625
22583,6915.97802734375
22584,2058.238525390625
22585,3436.370361328125
22586,8377.4921875
22587,6649.05126953125
22588,5080.88232421875
22589,8593.6474609375
22590,8627.7119140625
22591,7732.66015625
22592,4458.8193359375
22593,7785.8115234375
22594,1899.2261962890625
22595,2977.509765625
22596,5922.51708984375
22597,4010.89453125
22598,9835.1083984375
22599,1853.7227783203125
22600,6320.34765625
22601,5690.2373046875
22602,7845.34716796875
22603,7921.6962890625
22604,4422.15087890625
22605,3309.338134765625
22606,8907.5263671875
22607,8599.787109375
22608,4091.868896484375
22609,5067.7568359375
22610,7784.41943359375
22611,5202.8125
22612,5005.24365234375
22613,3317.01708984375
22614,7080.2548828125
22615,3645.167724609375
22616,11202.01953125
22617,8555.1689453125
22618,14937.052734375
22619,6102.927734375
22620,5185.40869140625
22621,2873.74462890625
22622,5382.3193359375
22623,5640.2119140625
22624,4601.41796875
22625,8292.763671875
22626,5584.20556640625
22627,2343.3876953125
22628,6701.2099609375
22629,3913.3095703125
22630,8106.015625
22631,6612.5634765625
22632,6145.1748046875
22633,7287.37841796875
22634,4278.70849609375
22635,6149.078125
22636,5702.98876953125
22637,5367.18310546875
22638,6861.6943359375
22639,3699.224609375
22640,8393.0078125
22641,4777.59521484375
22642,3063.636962890625
22643,4820.43017578125
22644,7680.13427734375
22645,5620.2734375
22646,3911.7470703125
22647,5061.18603515625
22648,5517.61767578125
22649,4906.85693359375
22650,5239.54443359375
22651,8801.0419921875
22652,4774.029296875
22653,3248.6201171875
22654,5911.09375
22655,6034.8818359375
22656,3546.561767578125
22657,5130.91064453125
22658,8274.044921875
22659,7366.8525390625
22660,8985.36328125
22661,8549.693359375
22662,7848.45703125
22663,6626.208984375
22664,4800.13623046875
22665,9916.1943359375
22666,7786.009765625
22667,6733.689453125
22668,4781.77001953125
22669,5199.06494140625
22670,4408.34375
22671,2244.07568359375
22672,9079.5693359375
22673,6689.224609375
22674,5219.12890625
22675,3970.25390625
22676,1016.184326171875
22677,6714.23583984375
22678,5668.10888671875
22679,6861.04248046875
22680,3837.567626953125
22681,4793.69482421875
22682,5526.26025390625
22683,3795.279541015625
22684,9241.5615234375
22685,4787.55859375
22686,4621.07421875
22687,3102.272705078125
22688,3453.71337890625
22689,4426.716796875
22690,12472.5517578125
22691,3476.5400390625
22692,5208.1884765625
22693,4628.9345703125
22694,3415.317138671875
22695,2910.94677734375
22696,5424.00390625
22697,2564.720947265625
22698,9159.07421875
22699,5327.2783203125
22700,2702.071533203125
22701,7690.79833984375
22702,2207.452392578125
22703,4040.652099609375
22704,8839.2646484375
22705,7008.89892578125
22706,8041.03955078125
22707,2527.677490234375
22708,4256.85791015625
22709,4462.97998046875
22710,4073.6201171875
22711,14093.0986328125
22712,11296.849609375
22713,5114.59130859375
22714,2514.68701171875
22715,6440.83837890625
22716,4327.25830078125
22717,2493.408935546875
22718,7515.865234375
22719,5556.91259765625
22720,4169.9677734375
22721,6614.79296875
22722,4406.75537109375
22723,4371.966796875
22724,6003.46923828125
22725,5970.84765625
22726,6533.5107421875
22727,3055.15771484375
22728,5648.54296875
22729,6716.6904296875
22730,7008.90771484375
22731,5419.18408203125
22732,6757.26904296875
22733,2385.47900390625
22734,8369.1669921875
22735,4768.89208984375
22736,3291.869140625
22737,3918.0869140625
22738,4677.8701171875
22739,3968.8369140625
22740,6279.74072265625
22741,3205.486328125
22742,6238.21240234375
22743,4614.251953125
22744,7023.7802734375
22745,7443.671875
22746,5528.0068359375
22747,7340.8330078125
22748,5665.22412109375
22749,2943.628173828125
22750,10296.8134765625
22751,3416.392578125
22752,3747.48291015625
22753,5486.6982421875
22754,9457.775390625
22755,9545.6376953125
22756,4182.87548828125
22757,4591.21533203125
22758,5486.46484375
22759,6665.63671875
22760,4641.12353515625
22761,7536.76708984375
22762,3816.175537109375
22763,3358.9501953125
22764,3394.968994140625
22765,2517.62744140625
22766,3113.7900390625
22767,6572.54296875
22768,5490.228515625
22769,6418.34912109375
22770,4596.73291015625
22771,6970.17822265625
22772,7676.30322265625
22773,4625.400390625
22774,5173.12744140625
22775,5915.912109375
22776,7235.9912109375
22777,4385.3125
22778,1807.296630859375
22779,5743.33203125
22780,5837.90771484375
22781,5231.29833984375
22782,5132.73876953125
22783,3140.648681640625
22784,9265.5625
22785,2531.1240234375
22786,8879.908203125
22787,4747.7802734375
22788,4198.958984375
22789,7184.9453125
22790,3536.8984375
22791,4530.94482421875
22792,7752.18115234375
22793,3549.917236328125
22794,7333.86767578125
22795,8262.8017578125
22796,6424.95751953125
22797,2314.2353515625
22798,5150.01220703125
22799,3964.501708984375
22800,1941.57177734375
22801,4129.6376953125
22802,5298.3623046875
22803,4208.85791015625
22804,4918.84716796875
22805,4911.775390625
22806,4631.60693359375
22807,7346.21337890625
22808,5725.94921875
22809,5589.869140625
22810,4744.40869140625
22811,4611.72900390625
22812,6284.27001953125
22813,6396.89990234375
22814,7249.9453125
22815,6489.5126953125
22816,7428.9248046875
22817,4847.3466796875
22818,4813.86181640625
22819,2528.40625
22820,5165.248046875
22821,8192.4326171875
22822,5243.2998046875
22823,7578.7119140625
22824,12995.8212890625
22825,2715.9345703125
22826,4344.17431640625
22827,3501.525390625
22828,7936.32470703125
22829,9361.9423828125
22830,6734.53662109375
22831,6912.4736328125
22832,7259.451171875
22833,6259.40283203125
22834,5942.19287109375
22835,4839.63720703125
22836,3419.25390625
22837,4773.31787109375
22838,3406.837158203125
22839,2791.554931640625
22840,6162.0830078125
22841,16653.537109375
22842,5388.3037109375
22843,3332.343505859375
22844,4753.33447265625
22845,4481.6416015625
22846,5834.24365234375
22847,2759.010986328125
22848,6098.3662109375
22849,6946.88671875
22850,4119.62744140625
22851,9939.6982421875
22852,10927.8876953125
22853,4828.36865234375
22854,4992.34423828125
22855,3957.843994140625
22856,3504.13671875
22857,4863.15673828125
22858,8086.6572265625
22859,3718.72119140625
22860,4161.37744140625
22861,2884.9814453125
22862,5195.7255859375
22863,4055.060302734375
22864,6710.44140625
22865,2984.99365234375
22866,7593.1728515625
22867,6109.0029296875
22868,4567.19140625
22869,4104.1416015625
22870,3516.121826171875
22871,4863.9833984375
22872,4196.1884765625
22873,8929.9052734375
22874,3879.343017578125
22875,3725.014404296875
22876,6223.80859375
22877,4524.880859375
22878,6085.52001953125
22879,4868.7001953125
22880,5848.29638671875
22881,9067.525390625
22882,5921.2724609375
22883,5571.9287109375
22884,3258.629638671875
22885,4607.0205078125
22886,4751.22265625
22887,3381.46875
22888,4150.3828125
22889,5131.79638671875
22890,9880.2236328125
22891,7301.97998046875
22892,4447.353515625
22893,5421.50390625
22894,3810.249267578125
22895,7102.5029296875
22896,4943.3876953125
22897,8099.6875
22898,6579.85400390625
22899,4583.17138671875
22900,4167.25146484375
22901,2275.4853515625
22902,3382.959716796875
22903,20382.166015625
22904,2292.74951171875
22905,4934.4990234375
22906,5834.98681640625
22907,6277.390625
22908,5662.34521484375
22909,7614.619140625
22910,5127.20458984375
22911,5861.12109375
22912,2262.723388671875
22913,7664.1611328125
22914,4029.888427734375
22915,6003.98583984375
22916,9155.4423828125
22917,4287.75732421875
22918,7263.548828125
22919,6214.423828125
22920,3432.88916015625
22921,5534.91796875
22922,6280.9375
22923,2938.007568359375
22924,8505.2060546875
22925,5785.56640625
22926,4860.29443359375
22927,8729.42578125
22928,7719.966796875
22929,6113.1181640625
22930,4213.18408203125
22931,5455.0498046875
22932,5383.84033203125
22933,2890.42431640625
22934,6306.03369140625
22935,2760.616943359375
22936,5705.8212890625
22937,2491.9833984375
22938,5640.10791015625
22939,4856.01123046875
22940,4172.1787109375
22941,4885.875
22942,7596.79052734375
22943,5267.43798828125
22944,6275.90283203125
22945,4931.556640625
22946,5899.810546875
22947,9082.009765625
22948,7045.9794921875
22949,3421.939697265625
22950,5142.001953125
22951,5722.1357421875
22952,3386.875
22953,11937.35546875
22954,5722.1240234375
22955,6285.4541015625
22956,8447.611328125
22957,6571.0498046875
22958,2063.21337890625
22959,16031.1025390625
22960,8125.908203125
22961,6061.60009765625
22962,7315.169921875
22963,6735.31494140625
22964,7704.162109375
22965,5778.037109375
22966,3973.36376953125
22967,2967.5390625
22968,3816.861328125
22969,7537.3681640625
22970,2863.424072265625
22971,8842.068359375
22972,6998.5634765625
22973,4313.439453125
22974,6546.5966796875
22975,4688.49072265625
22976,6322.0810546875
22977,4469.10888671875
22978,4660.2197265625
22979,4362.9140625
22980,4088.62060546875
22981,6016.310546875
22982,5487.72265625
22983,7787.72607421875
22984,5540.46240234375
22985,3665.797607421875
22986,5909.32568359375
22987,6502.5263671875
22988,5837.7509765625
22989,3105.953857421875
22990,4707.9775390625
22991,9071.2314453125
22992,6025.861328125
22993,3990.341064453125
22994,6869.5107421875
22995,6384.1962890625
22996,4963.58056640625
22997,4413.77197265625
22998,1535.923828125
22999,6653.8984375
23000,5662.30712890625
23001,4598.37890625
23002,8122.19091796875
23003,6302.4794921875
23004,3507.839599609375
23005,5566.96826171875
23006,3361.818603515625
23007,616.4087524414062
23008,5543.7822265625
23009,6057.2822265625
23010,5126.5224609375
23011,4053.85693359375
23012,2941.648681640625
23013,4624.39697265625
23014,6305.72119140625
23015,5461.896484375
23016,7283.77978515625
23017,3366.55712890625
23018,4594.8271484375
23019,3344.681884765625
23020,6130.640625
23021,2809.03564453125
23022,3134.1015625
23023,4495.3125
23024,3785.0078125
23025,6228.22802734375
23026,4610.6591796875
23027,4766.994140625
23028,4971.1845703125
23029,7267.826171875
23030,5267.65234375
23031,3845.842041015625
23032,10005.248046875
23033,7186.9931640625
23034,6168.38916015625
23035,2005.2449951171875
23036,4837.69921875
23037,5189.943359375
23038,3556.763671875
23039,7816.26220703125
23040,7493.24267578125
23041,5881.75341796875
23042,5994.82958984375
23043,5787.1162109375
23044,7120.74560546875
23045,10677.7841796875
23046,3307.064453125
23047,3537.54638671875
23048,4903.82958984375
23049,5121.15966796875
23050,5257.224609375
23051,7427.00537109375
23052,4842.25537109375
23053,5655.7353515625
23054,2051.036865234375
23055,5350.6533203125
23056,7410.17822265625
23057,2914.269287109375
23058,6156.884765625
23059,3059.118408203125
23060,6231.9111328125
23061,5862.56787109375
23062,4929.08203125
23063,5006.60595703125
23064,4241.3837890625
23065,4683.97900390625
23066,6863.15673828125
23067,4879.48974609375
23068,8202.2705078125
23069,5083.44873046875
23070,8410.03515625
23071,4916.99609375
23072,3608.013427734375
23073,7685.15283203125
23074,3059.120849609375
23075,8255.013671875
23076,5147.51806640625
23077,4722.90771484375
23078,6695.44140625
23079,4203.01318359375
23080,5002.6533203125
23081,5007.986328125
23082,3024.07666015625
23083,2851.842529296875
23084,5648.177734375
23085,5431.2529296875
23086,8389.9169921875
23087,5364.708984375
23088,5227.74951171875
23089,4049.410888671875
23090,6385.45361328125
23091,2980.05517578125
23092,8680.0615234375
23093,7537.052734375
23094,10252.798828125
23095,5709.91455078125
23096,4278.5283203125
23097,7440.75390625
23098,7876.1015625
23099,2543.1123046875
23100,7886.3017578125
23101,5173.48974609375
23102,5631.27392578125
23103,5174.80859375
23104,4674.9638671875
23105,2636.76904296875
23106,5167.15966796875
23107,3544.104736328125
23108,2313.766845703125
23109,7258.9033203125
23110,5898.7607421875
23111,22645.75
23112,6919.92041015625
23113,3897.2138671875
23114,7323.52587890625
23115,10478.8955078125
23116,6183.49658203125
23117,7599.4931640625
23118,5683.36474609375
23119,7866.14208984375
23120,8124.38427734375
23121,5895.59423828125
23122,5711.14794921875
23123,7657.17431640625
23124,7328.9189453125
23125,7359.490234375
23126,7793.11962890625
23127,6263.4306640625
23128,5036.45947265625
23129,7884.52001953125
23130,9980.4658203125
23131,10004.9140625
23132,9375.330078125
23133,7816.86181640625
23134,3939.835205078125
23135,6431.63232421875
23136,4262.7275390625
23137,8577.833984375
23138,9976.1953125
23139,9522.10546875
23140,5884.408203125
23141,5695.052734375
23142,4609.93017578125
23143,5498.546875
23144,10033.541015625
23145,6669.91552734375
23146,5636.91552734375
23147,6812.28564453125
23148,7758.63720703125
23149,4158.42822265625
23150,7875.421875
23151,4473.9287109375
23152,7699.916015625
23153,7922.7470703125
23154,6106.1708984375
23155,8074.07470703125
23156,7664.341796875
23157,5380.68359375
23158,6781.7822265625
23159,8276.8447265625
23160,11467.4384765625
23161,6257.46533203125
23162,8050.005859375
23163,8497.4501953125
23164,10001.7333984375
23165,6404.6650390625
23166,8565.4150390625
23167,4906.2509765625
23168,4839.779296875
23169,5597.76806640625
23170,6470.0185546875
23171,9488.58203125
23172,8153.2275390625
23173,5658.91015625
23174,7690.0029296875
23175,8207.052734375
23176,9275.037109375
23177,3889.63916015625
23178,12859.0224609375
23179,5093.8662109375
23180,7351.23046875
23181,8333.9375
23182,4645.685546875
23183,6200.59912109375
23184,6684.06494140625
23185,7608.93896484375
23186,7756.79833984375
23187,5697.23779296875
23188,8070.654296875
23189,8415.72265625
23190,6383.29296875
23191,5100.29931640625
23192,7242.7822265625
23193,13031.9384765625
23194,7052.73486328125
23195,5321.66650390625
23196,7409.82080078125
23197,6247.81298828125
23198,6177.00146484375
23199,7864.43798828125
23200,4233.509765625
23201,8558.6298828125
23202,5935.380859375
23203,7772.51123046875
23204,8479.94921875
23205,5015.50927734375
23206,5639.712890625
23207,5169.32421875
23208,8261.6123046875
23209,8592.9775390625
23210,4514.10205078125
23211,4533.45361328125
23212,7197.91015625
23213,6051.52294921875
23214,6179.61767578125
23215,8111.400390625
23216,6625.86474609375
23217,7740.86083984375
23218,5988.19384765625
23219,4950.0498046875
23220,6183.505859375
23221,8817.6318359375
23222,7727.2197265625
23223,8805.8310546875
23224,8345.2841796875
23225,5382.18896484375
23226,9324.8671875
23227,5768.45361328125
23228,7026.1474609375
23229,9332.05078125
23230,7201.9970703125
23231,9969.52734375
23232,8936.2939453125
23233,8220.2978515625
23234,6272.99365234375
23235,7343.41943359375
23236,8755.8046875
23237,6773.23876953125
23238,3691.296142578125
23239,5717.5634765625
23240,7781.20703125
23241,6483.2626953125
23242,4837.96728515625
23243,8789.5224609375
23244,6554.62939453125
23245,5881.58154296875
23246,5775.21337890625
23247,5205.3056640625
23248,6931.67529296875
23249,6767.5634765625
23250,6919.11083984375
23251,5885.3798828125
23252,5373.5703125
23253,6596.93896484375
23254,3752.987548828125
23255,7234.37744140625
23256,6381.45556640625
23257,8766.4892578125
23258,7507.11767578125
23259,6376.822265625
23260,12035.6357421875
23261,4995.9609375
23262,5512.35498046875
23263,11053.96875
23264,7594.38037109375
23265,8730.9228515625
23266,7635.7236328125
23267,5980.69970703125
23268,6724.23388671875
23269,6075.42529296875
23270,7980.93017578125
23271,10590.609375
23272,6684.91357421875
23273,3456.82421875
23274,4439.2099609375
23275,8615.1708984375
23276,9030.1591796875
23277,7394.58154296875
23278,6968.8896484375
23279,4471.40478515625
23280,4935.134765625
23281,3847.7890625
23282,5255.3994140625
23283,6896.93603515625
23284,7492.083984375
23285,6674.43310546875
23286,9648.15234375
23287,8886.615234375
23288,9951.8212890625
23289,7671.46142578125
23290,5681.09033203125
23291,9142.5048828125
23292,10989.986328125
23293,6018.3896484375
23294,7518.44775390625
23295,6295.990234375
23296,7522.41015625
23297,4515.21044921875
23298,7577.5849609375
23299,5268.6435546875
23300,8832.9365234375
23301,7118.33740234375
23302,9255.2578125
23303,8157.69384765625
23304,5807.33837890625
23305,8561.30859375
23306,18283.939453125
23307,10824.40625
23308,6077.78076171875
23309,3619.813232421875
23310,7082.40625
23311,8007.81005859375
23312,5922.4140625
23313,12129.2890625
23314,21695.193359375
23315,5084.91552734375
23316,5553.580078125
23317,8963.490234375
23318,4810.54345703125
23319,8092.24755859375
23320,6597.01220703125
23321,8034.9619140625
23322,5689.2900390625
23323,6752.4130859375
23324,7249.44970703125
23325,7454.69775390625
23326,11057.0751953125
23327,6757.26171875
23328,6951.14599609375
23329,7216.63671875
23330,5713.77490234375
23331,5220.56494140625
23332,8524.7275390625
23333,6320.16162109375
23334,5949.6416015625
23335,7221.25244140625
23336,5798.73583984375
23337,5993.31201171875
23338,6769.85693359375
23339,7222.50341796875
23340,9394.69140625
23341,8047.23779296875
23342,8312.828125
23343,6239.71142578125
23344,3859.35498046875
23345,6184.0185546875
23346,5340.16650390625
23347,6176.97021484375
23348,4816.7431640625
23349,7876.77099609375
23350,7162.427734375
23351,10093.7529296875
23352,6396.88916015625
23353,5756.68896484375
23354,5266.02197265625
23355,5178.9794921875
23356,10416.1025390625
23357,5945.8369140625
23358,7844.365234375
23359,14122.392578125
23360,7385.01123046875
23361,6079.9892578125
23362,6159.0546875
23363,4844.15673828125
23364,7976.08251953125
23365,4443.9931640625
23366,5579.74951171875
23367,9878.9375
23368,5129.34130859375
23369,14446.3515625
23370,13032.8251953125
23371,5691.63818359375
23372,7243.8671875
23373,6021.74609375
23374,7107.654296875
23375,5693.40673828125
23376,11525.9560546875
23377,7595.06640625
23378,9976.3115234375
23379,5741.22216796875
23380,7784.7001953125
23381,6230.28857421875
23382,9008.578125
23383,7383.77294921875
23384,7023.40283203125
23385,7292.75341796875
23386,6678.96533203125
23387,9577.6728515625
23388,9562.0654296875
23389,6167.765625
23390,10311.5673828125
23391,6756.36962890625
23392,9169.34375
23393,5522.283203125
23394,5700.72314453125
23395,5931.751953125
23396,11143.396484375
23397,6822.818359375
23398,7829.19482421875
23399,7563.6455078125
23400,8468.498046875
23401,4871.8544921875
23402,9391.861328125
23403,6980.02197265625
23404,3607.90478515625
23405,11783.0712890625
23406,17047.78125
23407,7751.85400390625
23408,7634.1025390625
23409,8876.857421875
23410,10561.103515625
23411,11348.56640625
23412,5959.14697265625
23413,7382.2373046875
23414,6553.63134765625
23415,9093.67578125
23416,4323.4833984375
23417,6141.5224609375
23418,6228.103515625
23419,5587.31103515625
23420,7533.3837890625
23421,5359.70751953125
23422,4967.10986328125
23423,7963.15576171875
23424,4645.88916015625
23425,5357.3740234375
23426,6516.64501953125
23427,7064.623046875
23428,10034.1630859375
23429,9231.4775390625
23430,7823.07373046875
23431,7006.80419921875
23432,6567.61376953125
23433,8847.8251953125
23434,6836.95703125
23435,5967.6591796875
23436,5517.67724609375
23437,10675.9091796875
23438,4297.4716796875
23439,8101.8447265625
23440,3574.7841796875
23441,4860.56201171875
23442,8857.421875
23443,7626.7578125
23444,6523.49853515625
23445,9882.3740234375
23446,10205.6474609375
23447,12328.96484375
23448,6243.177734375
23449,10738.361328125
23450,2857.6328125
23451,5279.6025390625
23452,6801.505859375
23453,4710.40625
23454,8493.828125
23455,5076.9072265625
23456,5621.09521484375
23457,8930.849609375
23458,10659.8251953125
23459,8477.96484375
23460,5564.51416015625
23461,6043.82958984375
23462,10428.4609375
23463,8030.9853515625
23464,5679.48779296875
23465,6173.44287109375
23466,7154.57470703125
23467,9627.4306640625
23468,5836.31591796875
23469,5675.4365234375
23470,8850.80078125
23471,8579.0029296875
23472,12180.1396484375
23473,7504.31201171875
23474,15004.650390625
23475,6986.53173828125
23476,5977.4091796875
23477,3485.3623046875
23478,5995.38623046875
23479,7036.7333984375
23480,6267.73388671875
23481,8434.4267578125
23482,5782.46484375
23483,4357.63134765625
23484,7575.79150390625
23485,4600.4619140625
23486,7126.48828125
23487,7686.2080078125
23488,8383.103515625
23489,8909.0400390625
23490,5911.9482421875
23491,9828.294921875
23492,6011.7255859375
23493,6078.853515625
23494,6417.4013671875
23495,5041.74853515625
23496,9865.896484375
23497,6147.45947265625
23498,5089.4052734375
23499,7340.25439453125
23500,9447.0859375
23501,7963.05712890625
23502,6548.8203125
23503,8990.3203125
23504,5749.85498046875
23505,6494.517578125
23506,7121.66650390625
23507,9890.0947265625
23508,5422.73681640625
23509,6292.0712890625
23510,6899.650390625
23511,6825.54296875
23512,5237.9990234375
23513,5845.2998046875
23514,8311.96875
23515,9040.9873046875
23516,10520.533203125
23517,12132.376953125
23518,9366.6787109375
23519,7450.1015625
23520,5293.763671875
23521,10613.5205078125
23522,10950.66796875
23523,8562.5830078125
23524,8154.55078125
23525,8857.8876953125
23526,6080.74365234375
23527,3478.044677734375
23528,9193.24609375
23529,6940.4404296875
23530,6636.77587890625
23531,6077.83642578125
23532,3788.037353515625
23533,11363.9482421875
23534,6534.88720703125
23535,8167.8115234375
23536,5095.953125
23537,6132.77978515625
23538,6786.02685546875
23539,7895.75634765625
23540,7523.71923828125
23541,5257.0302734375
23542,5138.95068359375
23543,3771.388427734375
23544,4398.86572265625
23545,7287.205078125
23546,16809.42578125
23547,4664.8759765625
23548,6221.26806640625
23549,6934.06982421875
23550,5493.14453125
23551,5369.00732421875
23552,5687.30517578125
23553,4021.107177734375
23554,7870.931640625
23555,7064.14306640625
23556,4613.5126953125
23557,8971.056640625
23558,5715.69775390625
23559,5185.1318359375
23560,10614.923828125
23561,7279.08203125
23562,9603.1787109375
23563,5224.296875
23564,6486.021484375
23565,5343.95068359375
23566,5287.73828125
23567,14126.6318359375
23568,11426.5341796875
23569,7607.48095703125
23570,5627.85009765625
23571,5953.35986328125
23572,6698.8876953125
23573,4545.224609375
23574,9162.015625
23575,5908.65283203125
23576,5509.5322265625
23577,8484.416015625
23578,5403.3427734375
23579,6242.240234375
23580,7364.0029296875
23581,6930.3603515625
23582,7916.2021484375
23583,4530.2275390625
23584,5639.64404296875
23585,7518.416015625
23586,8660.59375
23587,8772.109375
23588,7579.53515625
23589,4127.3701171875
23590,7727.0751953125
23591,5562.73193359375
23592,4835.86572265625
23593,7114.5751953125
23594,7727.18603515625
23595,6545.28759765625
23596,6637.12744140625
23597,5772.84619140625
23598,8191.9931640625
23599,6437.0146484375
23600,6255.98828125
23601,7454.73291015625
23602,7345.62158203125
23603,10500.21484375
23604,6815.53466796875
23605,5552.134765625
23606,12172.9404296875
23607,5806.29345703125
23608,4493.0869140625
23609,7827.62890625
23610,9218.14453125
23611,12196.2001953125
23612,4663.5283203125
23613,6792.1025390625
23614,6036.443359375
23615,7400.4501953125
23616,6663.5048828125
23617,8997.59765625
23618,4136.501953125
23619,5657.4287109375
23620,6517.85400390625
23621,5178.744140625
23622,5756.45361328125
23623,7011.298828125
23624,8139.017578125
23625,5918.81494140625
23626,8073.22509765625
23627,7727.0322265625
23628,9210.88671875
23629,6392.49462890625
23630,6895.7841796875
23631,7160.39111328125
23632,8522.9599609375
23633,8517.4013671875
23634,3870.37939453125
23635,8614.98046875
23636,7798.6025390625
23637,7315.0703125
23638,4805.13623046875
23639,4024.867919921875
23640,9175.06640625
23641,6581.5205078125
23642,9468.1953125
23643,7183.2998046875
23644,5508.82275390625
23645,9068.2333984375
23646,6146.3837890625
23647,7093.81640625
23648,9100.55859375
23649,6058.63330078125
23650,9406.396484375
23651,10909.9951171875
23652,8403.986328125
23653,4967.5517578125
23654,6436.06884765625
23655,5179.6435546875
23656,3339.6982421875
23657,7843.14013671875
23658,6356.11767578125
23659,9125.3857421875
23660,5297.07763671875
23661,6039.39990234375
23662,5893.78466796875
23663,8720.203125
23664,6763.51220703125
23665,5924.13427734375
23666,6462.5625
23667,7193.123046875
23668,6297.9892578125
23669,7721.58056640625
23670,7935.9189453125
23671,8162.46826171875
23672,8309.705078125
23673,7062.0703125
23674,6408.06201171875
23675,4969.55712890625
23676,5419.24365234375
23677,11672.7919921875
23678,8885.61328125
23679,8672.7275390625
23680,15627.48046875
23681,5787.04833984375
23682,5140.51416015625
23683,5373.119140625
23684,9022.8623046875
23685,10955.177734375
23686,7788.4345703125
23687,7788.12255859375
23688,8708.97265625
23689,6663.44921875
23690,7545.46044921875
23691,6191.8974609375
23692,5079.62109375
23693,5113.31005859375
23694,4433.3115234375
23695,5250.07666015625
23696,8550.1416015625
23697,17290.3828125
23698,6651.060546875
23699,5097.349609375
23700,7855.08544921875
23701,5351.2314453125
23702,7046.95703125
23703,4347.908203125
23704,8587.7470703125
23705,7296.041015625
23706,7274.46142578125
23707,13710.10546875
23708,12986.91796875
23709,7240.84375
23710,7060.82568359375
23711,3861.90625
23712,5253.4013671875
23713,5814.52490234375
23714,9044.1298828125
23715,6123.69580078125
23716,5200.70556640625
23717,5430.98681640625
23718,5945.64794921875
23719,6771.21875
23720,7568.64599609375
23721,4180.72265625
23722,7678.1611328125
23723,7513.05126953125
23724,7576.837890625
23725,5580.56787109375
23726,4682.85546875
23727,7331.27490234375
23728,4765.994140625
23729,9781.0009765625
23730,4515.98291015625
23731,5685.44677734375
23732,7981.6552734375
23733,6485.75
23734,5537.3056640625
23735,6911.458984375
23736,7325.50048828125
23737,9203.2958984375
23738,9302.755859375
23739,6201.56689453125
23740,3893.9404296875
23741,5688.59521484375
23742,5596.25634765625
23743,4834.955078125
23744,5978.84765625
23745,6142.4501953125
23746,12136.4560546875
23747,8564.3447265625
23748,6635.6181640625
23749,6974.99609375
23750,5253.009765625
23751,9061.326171875
23752,5649.3505859375
23753,11495.189453125
23754,6870.79052734375
23755,5014.859375
23756,6310.279296875
23757,5064.359375
23758,6883.4287109375
23759,22221.18359375
23760,4673.84228515625
23761,5972.607421875
23762,10332.392578125
23763,6846.9677734375
23764,7572.90673828125
23765,8673.630859375
23766,6371.98681640625
23767,5984.87548828125
23768,4513.9453125
23769,10288.0390625
23770,6534.68310546875
23771,7097.47509765625
23772,8086.34423828125
23773,4864.80224609375
23774,7609.5390625
23775,7432.83056640625
23776,4099.22900390625
23777,8984.22265625
23778,9716.3759765625
23779,5413.7783203125
23780,8360.3134765625
23781,7355.47900390625
23782,5651.5185546875
23783,10555.7763671875
23784,7505.90087890625
23785,8494.580078125
23786,4719.283203125
23787,6105.5771484375
23788,6302.146484375
23789,3921.67041015625
23790,8185.2294921875
23791,3959.190185546875
23792,6018.29443359375
23793,5162.51611328125
23794,6710.451171875
23795,5776.515625
23796,6910.35888671875
23797,7167.15966796875
23798,8103.01611328125
23799,6053.515625
23800,7305.21728515625
23801,5912.52734375
23802,9537.0576171875
23803,10115.9033203125
23804,8042.0869140625
23805,5441.7080078125
23806,6075.8232421875
23807,7356.50439453125
23808,4144.9775390625
23809,12214.0322265625
23810,6010.76416015625
23811,7221.365234375
23812,10214.1669921875
23813,7072.3408203125
23814,4761.53857421875
23815,14896.759765625
23816,10221.3837890625
23817,6576.98388671875
23818,9277.40234375
23819,9944.55859375
23820,7486.45263671875
23821,6961.52001953125
23822,8048.88037109375
23823,5413.71240234375
23824,5731.75927734375
23825,8060.03173828125
23826,4499.8154296875
23827,7704.265625
23828,8368.4658203125
23829,6064.57958984375
23830,8837.380859375
23831,5839.05078125
23832,6079.69482421875
23833,4999.1923828125
23834,7900.34716796875
23835,7520.6748046875
23836,6575.44287109375
23837,6492.00048828125
23838,7460.76953125
23839,9447.9306640625
23840,6517.4443359375
23841,5007.0400390625
23842,7211.29736328125
23843,7691.5966796875
23844,6962.80029296875
23845,4245.40234375
23846,3826.765869140625
23847,7613.7783203125
23848,7632.740234375
23849,5401.87158203125
23850,8457.9521484375
23851,6889.130859375
23852,6405.1767578125
23853,5595.27587890625
23854,3077.231201171875
23855,8049.3603515625
23856,7188.44677734375
23857,7071.275390625
23858,9474.93359375
23859,8794.439453125
23860,4858.271484375
23861,8309.673828125
23862,4082.274169921875
23863,2536.23291015625
23864,7310.42578125
23865,8510.4296875
23866,8099.01513671875
23867,7143.67529296875
23868,4919.8388671875
23869,6778.61865234375
23870,8420.220703125
23871,6516.75927734375
23872,5969.79833984375
23873,5070.34716796875
23874,4988.98486328125
23875,5447.1103515625
23876,6101.2001953125
23877,5468.2529296875
23878,5707.623046875
23879,6072.34130859375
23880,4296.57373046875
23881,7111.57177734375
23882,7618.0244140625
23883,6213.525390625
23884,6039.99658203125
23885,8270.8212890625
23886,6040.279296875
23887,5741.81884765625
23888,10448.7724609375
23889,8268.2158203125
23890,6344.85302734375
23891,4123.37646484375
23892,12492.2890625
23893,7051.35546875
23894,5943.8984375
23895,9209.7568359375
23896,7990.53125
23897,7629.29638671875
23898,6732.90185546875
23899,6944.0966796875
23900,9926.8681640625
23901,13780.7265625
23902,5080.9931640625
23903,4924.33349609375
23904,6065.9423828125
23905,6263.4736328125
23906,6093.14697265625
23907,8659.6435546875
23908,8930.0234375
23909,5635.48681640625
23910,4010.756103515625
23911,6210.8447265625
23912,9714.607421875
23913,5638.7021484375
23914,8523.4501953125
23915,3540.83984375
23916,8083.01611328125
23917,7194.490234375
23918,7674.7236328125
23919,7527.31201171875
23920,7278.83447265625
23921,5492.9951171875
23922,7416.26171875
23923,8143.24609375
23924,8723.6669921875
23925,7754.6279296875
23926,8563.5888671875
23927,6443.91455078125
23928,4655.88232421875
23929,9959.78125
23930,4671.18017578125
23931,9148.810546875
23932,6114.25732421875
23933,5083.48681640625
23934,7163.6865234375
23935,5890.203125
23936,8026.72998046875
23937,7550.37060546875
23938,4306.06005859375
23939,4632.8525390625
23940,8094.326171875
23941,8772.1943359375
23942,9441.955078125
23943,6299.48046875
23944,5720.69140625
23945,6691.1865234375
23946,7259.76708984375
23947,5879.462890625
23948,10383.33203125
23949,9577.546875
23950,12095.55859375
23951,4524.55224609375
23952,6153.642578125
23953,9473.4912109375
23954,9638.96875
23955,5304.64306640625
23956,10059.8935546875
23957,6339.3955078125
23958,6844.7978515625
23959,6142.6484375
23960,5507.82177734375
23961,5151.29833984375
23962,6546.9873046875
23963,5330.357421875
23964,5437.90234375
23965,9230.6455078125
23966,7266.01318359375
23967,23844.109375
23968,7874.22314453125
23969,4029.4189453125
23970,7652.388671875
23971,9614.3994140625
23972,7348.10205078125
23973,7847.02685546875
23974,6022.73779296875
23975,7756.2197265625
23976,7986.81103515625
23977,5484.38916015625
23978,5839.30322265625
23979,7572.701171875
23980,7835.42578125
23981,7720.693359375
23982,8666.298828125
23983,5727.49755859375
23984,4801.23583984375
23985,8189.373046875
23986,10168.490234375
23987,11099.638671875
23988,10172.255859375
23989,8610.2978515625
23990,5117.00634765625
23991,6038.1708984375
23992,4179.17822265625
23993,8323.3671875
23994,10064.6640625
23995,9096.3095703125
23996,6111.421875
23997,5719.13134765625
23998,5131.75146484375
23999,5721.70703125
24000,10854.720703125
24001,6331.23583984375
24002,5694.271484375
24003,6719.11474609375
24004,7220.533203125
24005,3914.302001953125
24006,7823.15380859375
24007,4584.66796875
24008,7331.18359375
24009,7645.11474609375
24010,5645.53125
24011,7432.47119140625
24012,7125.9697265625
24013,5114.62158203125
24014,7322.623046875
24015,7672.9365234375
24016,12140.076171875
24017,6056.0078125
24018,8447.76171875
24019,8003.28076171875
24020,9840.568359375
24021,6589.8984375
24022,8570.037109375
24023,4583.4208984375
24024,4823.77294921875
24025,6506.32080078125
24026,6128.7646484375
24027,8908.2587890625
24028,7573.32470703125
24029,5619.24072265625
24030,7805.83837890625
24031,7781.74462890625
24032,9767.392578125
24033,4204.67578125
24034,13705.630859375
24035,5192.2099609375
24036,6878.46923828125
24037,8723.0576171875
24038,4802.51416015625
24039,6447.92236328125
24040,6515.8154296875
24041,8107.33349609375
24042,7369.11279296875
24043,5356.89208984375
24044,7720.78369140625
24045,8197.7021484375
24046,6419.26123046875
24047,4853.84912109375
24048,7265.62109375
24049,12586.5712890625
24050,6789.29150390625
24051,5703.96142578125
24052,6919.0263671875
24053,5920.01904296875
24054,5721.61083984375
24055,7307.30859375
24056,4060.5283203125
24057,8231.3017578125
24058,5922.2451171875
24059,7120.7470703125
24060,8724.630859375
24061,4150.25634765625
24062,5663.01953125
24063,4777.0400390625
24064,8535.0927734375
24065,8844.873046875
24066,4551.5390625
24067,4671.603515625
24068,6928.6142578125
24069,5693.01220703125
24070,6177.30908203125
24071,8036.478515625
24072,6373.8466796875
24073,7772.50634765625
24074,5684.62158203125
24075,4656.818359375
24076,5809.611328125
24077,9073.6064453125
24078,8115.59423828125
24079,8553.51171875
24080,8262.8525390625
24081,5218.8515625
24082,9775.5283203125
24083,6097.77587890625
24084,7144.17822265625
24085,9744.482421875
24086,6499.6708984375
24087,10469.51171875
24088,8070.099609375
24089,7972.306640625
24090,6060.67822265625
24091,7112.376953125
24092,8274.478515625
24093,6743.33203125
24094,3227.455078125
24095,6189.69580078125
24096,7665.337890625
24097,5905.251953125
24098,4613.7275390625
24099,9128.298828125
24100,6458.20751953125
24101,5581.94677734375
24102,5865.80322265625
24103,5911.482421875
24104,7867.0341796875
24105,6908.42529296875
24106,7027.865234375
24107,5569.24072265625
24108,5186.3525390625
24109,6766.49560546875
24110,3465.727783203125
24111,6367.8544921875
24112,6232.9462890625
24113,8491.185546875
24114,6925.3583984375
24115,6240.1201171875
24116,11126.66015625
24117,5637.14208984375
24118,5128.21826171875
24119,11353.228515625
24120,7001.478515625
24121,8455.6630859375
24122,7449.857421875
24123,5734.9296875
24124,6407.1533203125
24125,5364.95947265625
24126,8963.736328125
24127,11560.78125
24128,6629.5576171875
24129,3194.578857421875
24130,4277.2880859375
24131,7933.8212890625
24132,7751.87255859375
24133,6876.83740234375
24134,7104.85400390625
24135,4734.76025390625
24136,5240.462890625
24137,3975.51953125
24138,5374.04833984375
24139,6388.3994140625
24140,7262.826171875
24141,6951.4853515625
24142,10410.10546875
24143,8298.5302734375
24144,9681.958984375
24145,7237.205078125
24146,5112.67138671875
24147,9764.7138671875
24148,10940.1728515625
24149,5800.8349609375
24150,7861.91943359375
24151,6157.43603515625
24152,7273.04345703125
24153,4350.6123046875
24154,7953.2265625
24155,5025.41650390625
24156,8961.8349609375
24157,7130.5615234375
24158,8930.0107421875
24159,8072.76953125
24160,5690.0498046875
24161,8029.1904296875
24162,19165.841796875
24163,10863.5546875
24164,6633.97705078125
24165,2745.483154296875
24166,6369.60791015625
24167,8997.0576171875
24168,5981.38720703125
24169,12132.7666015625
24170,19725.486328125
24171,4365.244140625
24172,5855.40771484375
24173,11291.23046875
24174,4909.83544921875
24175,9443.1611328125
24176,6682.69970703125
24177,8446.95703125
24178,4887.990234375
24179,5848.72412109375
24180,6413.62841796875
24181,7397.35693359375
24182,10640.3701171875
24183,5966.03125
24184,6441.51904296875
24185,7048.6611328125
24186,5527.79541015625
24187,5168.58837890625
24188,7868.8740234375
24189,6089.326171875
24190,5715.42529296875
24191,7392.16845703125
24192,6104.90869140625
24193,6138.6015625
24194,7015.1455078125
24195,7021.93359375
24196,8709.40625
24197,8111.39013671875
24198,7738.736328125
24199,5604.42919921875
24200,3451.051025390625
24201,7059.70458984375
24202,5679.7412109375
24203,6035.78759765625
24204,4597.45556640625
24205,8005.30029296875
24206,7650.82568359375
24207,9889.7255859375
24208,6584.322265625
24209,5832.43896484375
24210,5353.7958984375
24211,4944.67724609375
24212,10246.517578125
24213,5249.81982421875
24214,7499.205078125
24215,14843.1767578125
24216,6679.64306640625
24217,8250.19140625
24218,5199.048828125
24219,4843.7294921875
24220,7216.30224609375
24221,4572.318359375
24222,5562.498046875
24223,10550.751953125
24224,4908.91455078125
24225,15823.62890625
24226,14069.21484375
24227,4844.4296875
24228,6809.50634765625
24229,6128.1259765625
24230,7146.5947265625
24231,6245.71923828125
24232,10595.958984375
24233,7040.5302734375
24234,10230.5576171875
24235,6180.7275390625
24236,8055.74951171875
24237,6009.50341796875
24238,8848.9326171875
24239,6927.97119140625
24240,6140.0849609375
24241,6970.34375
24242,5802.671875
24243,8754.5576171875
24244,9952.076171875
24245,5543.79931640625
24246,10200.5830078125
24247,6578.39697265625
24248,9724.9873046875
24249,4962.970703125
24250,5421.8564453125
24251,5618.158203125
24252,10895.064453125
24253,6427.49658203125
24254,8128.0859375
24255,7475.15869140625
24256,8093.1416015625
24257,4012.528076171875
24258,8309.4111328125
24259,7518.3935546875
24260,3753.1767578125
24261,10338.8837890625
24262,17853.33984375
24263,7079.19970703125
24264,7170.58203125
24265,9520.283203125
24266,10989.5810546875
24267,11453.7177734375
24268,5827.05712890625
24269,8068.4169921875
24270,6099.70849609375
24271,8639.4541015625
24272,4145.20751953125
24273,6725.95751953125
24274,5548.56787109375
24275,5629.2392578125
24276,7574.080078125
24277,5742.79541015625
24278,4785.55419921875
24279,7500.755859375
24280,4123.5166015625
24281,4830.5283203125
24282,6700.123046875
24283,7094.24609375
24284,9559.4384765625
24285,8656.0068359375
24286,7937.3369140625
24287,6910.87353515625
24288,6492.2939453125
24289,9727.837890625
24290,7335.0712890625
24291,5487.77685546875
24292,4919.44482421875
24293,10041.8671875
24294,4367.24462890625
24295,7647.779296875
24296,4184.7265625
24297,5487.373046875
24298,9712.9287109375
24299,7292.49267578125
24300,6194.3583984375
24301,9166.287109375
24302,10406.83203125
24303,12361.58203125
24304,6099.29931640625
24305,9453.05078125
24306,3392.442138671875
24307,5306.72509765625
24308,6647.4189453125
24309,4596.5
24310,8262.662109375
24311,5228.54443359375
24312,5647.1474609375
24313,9114.4814453125
24314,10452.9619140625
24315,10425.2392578125
24316,5061.04541015625
24317,5951.1337890625
24318,12037.0078125
24319,7269.87451171875
24320,6921.1416015625
24321,5416.32666015625
24322,6690.12841796875
24323,9832.982421875
24324,5196.1904296875
24325,6707.1328125
24326,8364.005859375
24327,8312.4169921875
24328,13684.7314453125
24329,7235.33203125
24330,15398.22265625
24331,6761.87158203125
24332,5905.15380859375
24333,4451.4384765625
24334,6377.048828125
24335,6440.74560546875
24336,5942.89453125
24337,7768.95849609375
24338,5177.77587890625
24339,4549.27783203125
24340,7392.57666015625
24341,4484.72119140625
24342,6575.2900390625
24343,7215.23779296875
24344,8712.958984375
24345,8854.8623046875
24346,5800.82861328125
24347,9160.791015625
24348,5548.39404296875
24349,5862.8857421875
24350,5688.74853515625
24351,4869.466796875
24352,10467.3388671875
24353,6416.21923828125
24354,5429.29150390625
24355,7076.9794921875
24356,9012.05078125
24357,7917.15771484375
24358,5836.3994140625
24359,9008.8818359375
24360,5520.158203125
24361,5328.63671875
24362,6738.95166015625
24363,9234.154296875
24364,7128.98583984375
24365,6564.88232421875
24366,6311.58642578125
24367,6131.41455078125
24368,5163.14697265625
24369,5869.20556640625
24370,7694.7294921875
24371,9287.10546875
24372,9862.4345703125
24373,11982.87109375
24374,8733.3837890625
24375,7909.22509765625
24376,5841.72607421875
24377,10809.1416015625
24378,10589.3955078125
24379,8175.36083984375
24380,9024.888671875
24381,8102.09033203125
24382,6406.90234375
24383,3723.42431640625
24384,8775.119140625
24385,7174.298828125
24386,6903.78125
24387,6098.205078125
24388,3705.7900390625
24389,11679.0693359375
24390,6384.84765625
24391,8527.21875
24392,4900.7890625
24393,6075.42431640625
24394,6839.24560546875
24395,8351.3359375
24396,7152.8134765625
24397,5391.7958984375
24398,5005.552734375
24399,4406.982421875
24400,4697.65478515625
24401,7275.6962890625
24402,16593.044921875
24403,4806.2822265625
24404,6089.0546875
24405,6983.1611328125
24406,4777.04443359375
24407,5320.615234375
24408,5059.27392578125
24409,4541.08984375
24410,7363.123046875
24411,7144.2666015625
24412,4182.4716796875
24413,8481.4150390625
24414,5552.3623046875
24415,4973.3955078125
24416,10275.1982421875
24417,7388.0556640625
24418,10017.509765625
24419,5384.9912109375
24420,7172.87939453125
24421,4793.3115234375
24422,5244.07861328125
24423,14278.166015625
24424,10869.5380859375
24425,7070.4619140625
24426,5687.26806640625
24427,5247.6796875
24428,5762.4443359375
24429,5659.73876953125
24430,11019.3623046875
24431,5703.97216796875
24432,5255.302734375
24433,7727.37158203125
24434,4614.31201171875
24435,6255.58203125
24436,8034.73388671875
24437,6950.75146484375
24438,7531.30078125
24439,4692.0
24440,5181.56787109375
24441,6582.69140625
24442,8474.72265625
24443,8235.0478515625
24444,7080.01708984375
24445,4075.7373046875
24446,7020.0341796875
24447,6259.44580078125
24448,4557.671875
24449,7011.06201171875
24450,7863.05322265625
24451,6526.58056640625
24452,6707.26904296875
24453,6107.39697265625
24454,7546.38427734375
24455,6197.0009765625
24456,6485.76220703125
24457,6360.53857421875
24458,6875.6982421875
24459,9898.0947265625
24460,6226.7861328125
24461,5465.55126953125
24462,11992.287109375
24463,6276.41357421875
24464,4941.52392578125
24465,6946.63330078125
24466,8158.19384765625
24467,12211.763671875
24468,4880.41650390625
24469,6179.57470703125
24470,5814.72265625
24471,7702.935546875
24472,6383.9296875
24473,8761.8701171875
24474,4204.27685546875
24475,5829.73876953125
24476,6795.095703125
24477,5580.81103515625
24478,5560.2119140625
24479,6670.97265625
24480,7738.33251953125
24481,5812.03564453125
24482,8248.1357421875
24483,7659.46484375
24484,8887.498046875
24485,6112.96044921875
24486,6840.25341796875
24487,7258.046875
24488,8209.4970703125
24489,7700.25634765625
24490,5528.6044921875
24491,8154.30029296875
24492,8169.763671875
24493,7323.9931640625
24494,4878.208984375
24495,4332.7802734375
24496,8795.3662109375
24497,6760.53564453125
24498,9461.5068359375
24499,7195.0400390625
24500,6263.58056640625
24501,8956.708984375
24502,7548.74853515625
24503,7156.166015625
24504,8367.5078125
24505,6520.24755859375
24506,9563.4716796875
24507,10262.154296875
24508,7991.685546875
24509,5070.71826171875
24510,6421.1689453125
24511,5076.27197265625
24512,3518.0498046875
24513,8121.34521484375
24514,5543.0361328125
24515,8570.513671875
24516,4895.431640625
24517,6049.11865234375
24518,5917.6328125
24519,9214.8076171875
24520,5914.95947265625
24521,5264.22216796875
24522,6418.50634765625
24523,7303.568359375
24524,6202.046875
24525,7289.8916015625
24526,7161.537109375
24527,8699.2158203125
24528,7719.85302734375
24529,7340.43017578125
24530,6200.07177734375
24531,5038.55419921875
24532,5332.93994140625
24533,10490.0390625
24534,9023.572265625
24535,9140.1796875
24536,14723.3837890625
24537,5784.15966796875
24538,5138.4619140625
24539,5403.68359375
24540,8632.9677734375
24541,10009.17578125
24542,7164.064453125
24543,8071.0546875
24544,8603.7978515625
24545,6574.81201171875
24546,6972.2431640625
24547,5914.5673828125
24548,4608.755859375
24549,5329.84716796875
24550,4638.00390625
24551,5407.10888671875
24552,8738.248046875
24553,17846.658203125
24554,6546.86376953125
24555,5053.4931640625
24556,7736.99560546875
24557,5008.66943359375
24558,6786.4169921875
24559,3936.821044921875
24560,9001.74609375
24561,6849.27685546875
24562,6357.29736328125
24563,13252.716796875
24564,10765.3251953125
24565,7919.3193359375
24566,6739.0859375
24567,4198.19482421875
24568,5480.84130859375
24569,5926.5791015625
24570,8653.5634765625
24571,5881.32275390625
24572,4706.41650390625
24573,5912.56884765625
24574,5540.13720703125
24575,6476.26025390625
24576,7504.47998046875
24577,4460.55859375
24578,7050.04931640625
24579,7681.9921875
24580,7863.30712890625
24581,5764.8046875
24582,4773.93798828125
24583,7619.1962890625
24584,5173.65234375
24585,9921.2958984375
24586,4609.59814453125
24587,5628.18603515625
24588,7675.3818359375
24589,7153.3740234375
24590,5826.56201171875
24591,7154.6708984375
24592,7421.08740234375
24593,8802.0791015625
24594,9366.8974609375
24595,5730.70849609375
24596,4353.689453125
24597,5990.650390625
24598,5453.51318359375
24599,5099.54638671875
24600,5953.3681640625
24601,6146.423828125
24602,11502.064453125
24603,8613.68359375
24604,6487.9658203125
24605,7295.76171875
24606,5726.544921875
24607,9077.3916015625
24608,6228.3681640625
24609,13556.0986328125
24610,6591.69970703125
24611,5444.17626953125
24612,6058.6337890625
24613,4438.44287109375
24614,7420.82080078125
24615,19603.232421875
24616,4494.44091796875
24617,5332.43994140625
24618,9926.7861328125
24619,6700.412109375
24620,7738.0537109375
24621,8162.7412109375
24622,6467.81982421875
24623,5252.6865234375
24624,5173.33251953125
24625,10205.396484375
24626,6381.1875
24627,7168.79248046875
24628,8000.75537109375
24629,5094.759765625
24630,7116.58154296875
24631,6524.03076171875
24632,4277.38427734375
24633,8648.1552734375
24634,9031.380859375
24635,5517.0302734375
24636,8482.2421875
24637,7076.68603515625
24638,5233.615234375
24639,9663.5556640625
24640,6955.853515625
24641,8069.9072265625
24642,4710.7685546875
24643,5898.0595703125
24644,6357.8115234375
24645,3963.828857421875
24646,8097.32763671875
24647,4077.16064453125
24648,5914.19091796875
24649,5062.259765625
24650,6567.740234375
24651,6120.10595703125
24652,6864.9140625
24653,6934.326171875
24654,7888.85595703125
24655,6100.57763671875
24656,7209.94775390625
24657,6528.57373046875
24658,9356.193359375
24659,9722.80859375
24660,8214.3544921875
24661,4371.23291015625
24662,5788.64990234375
24663,7203.10400390625
24664,4289.5322265625
24665,11286.5478515625
24666,5815.16455078125
24667,7776.0126953125
24668,10390.384765625
24669,7523.896484375
24670,4763.64306640625
24671,15215.2626953125
24672,9865.4228515625
24673,6321.291015625
24674,9673.64453125
24675,9909.8935546875
24676,6284.08544921875
24677,6957.86474609375
24678,7724.31787109375
24679,5708.134765625
24680,5466.869140625
24681,7318.90966796875
24682,4591.07568359375
24683,6746.8388671875
24684,7816.015625
24685,6763.16259765625
24686,8638.0927734375
24687,6007.4248046875
24688,6862.30126953125
24689,5210.951171875
24690,7634.10009765625
24691,7082.6884765625
24692,6672.7080078125
24693,6737.5546875
24694,7153.51318359375
24695,9355.357421875
24696,5989.2626953125
24697,5180.15283203125
24698,6990.31396484375
24699,7585.7685546875
24700,7034.00439453125
24701,4201.99755859375
24702,4264.47900390625
24703,7678.8681640625
24704,7166.9140625
24705,5756.3828125
24706,8375.6630859375
24707,6218.71875
24708,6403.255859375
24709,5352.3349609375
24710,3357.97705078125
24711,7802.609375
24712,6837.6298828125
24713,6671.85009765625
24714,9718.0029296875
24715,9044.9013671875
24716,4947.8251953125
24717,8679.40234375
24718,4657.99951171875
24719,2714.223388671875
24720,7323.47216796875
24721,8262.0322265625
24722,8522.66796875
24723,7442.30322265625
24724,5052.625
24725,6724.26123046875
24726,8896.7255859375
24727,6617.62841796875
24728,5847.11865234375
24729,4969.5478515625
24730,5179.87939453125
24731,5099.19189453125
24732,5906.318359375
24733,5241.80322265625
24734,5370.4931640625
24735,5898.2001953125
24736,4436.2529296875
24737,6542.39453125
24738,7185.0361328125
24739,5680.57177734375
24740,6305.7939453125
24741,7742.5615234375
24742,6160.41455078125
24743,5851.857421875
24744,10314.6396484375
24745,8127.43701171875
24746,5857.55517578125
24747,3910.338623046875
24748,11957.05859375
24749,6621.0126953125
24750,5610.22412109375
24751,8342.2236328125
24752,7653.814453125
24753,7871.09814453125
24754,6528.1904296875
24755,7101.93212890625
24756,8630.8330078125
24757,13901.8671875
24758,4854.5693359375
24759,5207.36962890625
24760,5417.81787109375
24761,7275.42626953125
24762,5729.68359375
24763,8519.8759765625
24764,8892.8974609375
24765,5649.77783203125
24766,3814.2841796875
24767,5945.3349609375
24768,10457.3193359375
24769,4969.8759765625
24770,8141.8017578125
24771,3701.521240234375
24772,7697.64453125
24773,7778.80908203125
24774,7369.28173828125
24775,7913.009765625
24776,6607.71337890625
24777,4605.47607421875
24778,7177.5078125
24779,7623.18212890625
24780,8705.3349609375
24781,7341.77001953125
24782,8263.123046875
24783,6443.5986328125
24784,4706.962890625
24785,10238.8837890625
24786,4688.2880859375
24787,9352.1533203125
24788,6100.849609375
24789,4510.82421875
24790,7626.24365234375
24791,6359.97900390625
24792,7889.7734375
24793,7810.046875
24794,4713.5234375
24795,4677.67578125
24796,8040.09619140625
24797,8334.9814453125
24798,8910.8818359375
24799,5177.63671875
24800,6219.54833984375
24801,7082.95068359375
24802,7223.9873046875
24803,5918.060546875
24804,9170.6748046875
24805,8946.0888671875
24806,11614.9423828125
24807,3871.963134765625
24808,5824.75
24809,9271.3505859375
24810,9334.310546875
24811,5278.91259765625
24812,9289.0400390625
24813,6439.5595703125
24814,5900.32177734375
24815,5626.00390625
24816,5031.59619140625
24817,5079.67578125
24818,6278.22265625
24819,4664.32177734375
24820,4986.3134765625
24821,9140.3232421875
24822,7676.53515625
24823,23519.869140625
24824,7030.85009765625
24825,4157.41455078125
24826,8031.8466796875
24827,10090.8154296875
24828,6675.48974609375
24829,8151.3173828125
24830,5639.28857421875
24831,8825.4482421875
24832,8749.1923828125
24833,6105.92041015625
24834,5802.5478515625
24835,7634.06298828125
24836,7875.36279296875
24837,7732.96142578125
24838,9951.8486328125
24839,6103.158203125
24840,4873.23583984375
24841,8505.0498046875
24842,11271.0927734375
24843,10801.572265625
24844,10028.6181640625
24845,8870.68359375
24846,4660.88427734375
24847,6212.6025390625
24848,4515.5029296875
24849,8821.2685546875
24850,10277.7041015625
24851,10165.912109375
24852,6457.57421875
24853,6158.70361328125
24854,4849.12158203125
24855,5712.44482421875
24856,11778.1162109375
24857,6935.15087890625
24858,5429.91650390625
24859,6897.9052734375
24860,7912.83984375
24861,4136.828125
24862,8040.47998046875
24863,4852.02685546875
24864,7340.69189453125
24865,7535.3154296875
24866,6073.4150390625
24867,7307.1435546875
24868,6961.98193359375
24869,5501.142578125
24870,7549.57470703125
24871,7813.6162109375
24872,11329.2890625
24873,6066.22900390625
24874,9008.27734375
24875,9010.4765625
24876,10136.880859375
24877,6884.4404296875
24878,8906.8134765625
24879,5149.92138671875
24880,5066.76123046875
24881,6702.5654296875
24882,6502.8134765625
24883,9271.8681640625
24884,7440.76953125
24885,5636.56884765625
24886,7289.79345703125
24887,10217.82421875
24888,9583.8515625
24889,4552.69921875
24890,15605.69140625
24891,5673.7490234375
24892,9247.189453125
24893,8945.818359375
24894,5133.41943359375
24895,6410.1435546875
24896,6616.98486328125
24897,8592.1484375
24898,8269.388671875
24899,6059.47412109375
24900,8516.3388671875
24901,8538.8115234375
24902,7341.8046875
24903,4847.2958984375
24904,6977.56640625
24905,12655.8203125
24906,7003.99609375
24907,5808.83642578125
24908,7106.484375
24909,5963.763671875
24910,6135.4931640625
24911,7424.97509765625
24912,4473.15234375
24913,8327.783203125
24914,6517.99853515625
24915,7610.19287109375
24916,9426.6025390625
24917,4719.89990234375
24918,6221.63916015625
24919,5357.767578125
24920,8765.4765625
24921,8599.486328125
24922,4729.94970703125
24923,4645.515625
24924,7209.1513671875
24925,6164.21728515625
24926,6314.70751953125
24927,6911.77783203125
24928,6357.404296875
24929,7684.3115234375
24930,5980.96533203125
24931,4946.9951171875
24932,6328.5400390625
24933,9201.6279296875
24934,7947.443359375
24935,8999.0283203125
24936,9079.42578125
24937,5703.26708984375
24938,10047.9296875
24939,6969.24267578125
24940,7708.5400390625
24941,9640.7138671875
24942,6453.583984375
24943,11315.9228515625
24944,8610.865234375
24945,8157.115234375
24946,5858.3935546875
24947,8008.6630859375
24948,7840.7529296875
24949,6810.220703125
24950,3960.128662109375
24951,6277.59619140625
24952,8431.2412109375
24953,6207.5546875
24954,4909.912109375
24955,9389.33984375
24956,6537.7021484375
24957,5692.935546875
24958,6048.849609375
24959,6290.41943359375
24960,8401.34765625
24961,7205.2900390625
24962,7073.859375
24963,5676.88525390625
24964,5667.54345703125
24965,7338.09423828125
24966,3861.020263671875
24967,6426.779296875
24968,5847.27099609375
24969,8933.0595703125
24970,7335.17919921875
24971,6371.72998046875
24972,11121.044921875
24973,6538.97314453125
24974,4917.4921875
24975,11807.8232421875
24976,7735.97607421875
24977,8422.794921875
24978,7859.25537109375
24979,5168.71875
24980,6639.6708984375
24981,5565.0244140625
24982,8310.400390625
24983,12362.9599609375
24984,6180.361328125
24985,3559.05712890625
24986,5242.26953125
24987,8535.900390625
24988,8390.052734375
24989,7193.525390625
24990,6800.17822265625
24991,4879.6142578125
24992,5196.35888671875
24993,4394.5673828125
24994,5917.9970703125
24995,6462.8505859375
24996,7504.08642578125
24997,8198.2265625
24998,14026.435546875
24999,8676.345703125
25000,9853.5654296875
25001,7457.62548828125
25002,5942.1103515625
25003,9652.130859375
25004,12550.2138671875
25005,5498.47607421875
25006,7483.58447265625
25007,6437.337890625
25008,7796.197265625
25009,4395.4111328125
25010,8115.11767578125
25011,5562.55712890625
25012,9048.123046875
25013,7218.83203125
25014,9237.3740234375
25015,8250.1943359375
25016,5381.6796875
25017,8898.279296875
25018,19182.3828125
25019,11097.0556640625
25020,6914.369140625
25021,3353.485595703125
25022,7088.58984375
25023,9475.974609375
25024,5444.330078125
25025,12334.4384765625
25026,19915.75390625
25027,4573.3876953125
25028,6013.9052734375
25029,9231.0751953125
25030,5690.7880859375
25031,10283.9267578125
25032,6803.10009765625
25033,8995.7724609375
25034,5532.7568359375
25035,7061.873046875
25036,6612.12109375
25037,7515.42333984375
25038,12458.916015625
25039,5874.85498046875
25040,6430.99951171875
25041,6989.48876953125
25042,5878.5830078125
25043,5202.8876953125
25044,8782.1455078125
25045,6113.4560546875
25046,5951.404296875
25047,7819.07177734375
25048,6212.32275390625
25049,6667.40625
25050,6907.38427734375
25051,7193.44287109375
25052,8485.9423828125
25053,8300.193359375
25054,7641.88134765625
25055,5825.76416015625
25056,3993.221435546875
25057,6614.390625
25058,5578.11767578125
25059,6809.509765625
25060,4707.10400390625
25061,8548.9013671875
25062,7767.02001953125
25063,9834.0224609375
25064,6955.03076171875
25065,5602.2119140625
25066,5548.490234375
25067,4844.10107421875
25068,10294.3388671875
25069,5507.572265625
25070,7509.080078125
25071,15255.2685546875
25072,6643.6572265625
25073,6274.0146484375
25074,5255.5810546875
25075,5408.83203125
25076,7065.53369140625
25077,4667.02734375
25078,5319.93505859375
25079,10145.48046875
25080,5433.33544921875
25081,17012.326171875
25082,14312.4462890625
25083,4786.05029296875
25084,7052.412109375
25085,5941.080078125
25086,7070.279296875
25087,6443.82421875
25088,11300.603515625
25089,7056.36376953125
25090,10542.5927734375
25091,5834.3037109375
25092,8645.4150390625
25093,6219.14599609375
25094,9756.755859375
25095,7129.5849609375
25096,6345.73291015625
25097,6724.42529296875
25098,6068.0927734375
25099,9147.8017578125
25100,9560.8154296875
25101,5763.5595703125
25102,11031.6005859375
25103,6472.4501953125
25104,10098.728515625
25105,4848.6015625
25106,5740.7646484375
25107,6106.447265625
25108,11989.54296875
25109,6466.25732421875
25110,7534.056640625
25111,7406.85498046875
25112,9141.982421875
25113,4379.9443359375
25114,8423.166015625
25115,7753.3017578125
25116,3937.403564453125
25117,11674.9169921875
25118,16592.21484375
25119,7657.3232421875
25120,7366.97607421875
25121,9267.10546875
25122,11170.8974609375
25123,11264.6240234375
25124,5556.3173828125
25125,8438.302734375
25126,6369.14794921875
25127,8591.7529296875
25128,4762.11865234375
25129,6817.2890625
25130,6081.14404296875
25131,5882.2021484375
25132,8135.107421875
25133,5935.53271484375
25134,5185.599609375
25135,7790.896484375
25136,4148.525390625
25137,5150.33935546875
25138,6477.9169921875
25139,7881.42236328125
25140,9741.205078125
25141,8696.9423828125
25142,7844.31591796875
25143,6619.017578125
25144,6594.8564453125
25145,9437.8798828125
25146,7733.02978515625
25147,5729.47119140625
25148,5301.6513671875
25149,10250.013671875
25150,4521.00830078125
25151,8016.60791015625
25152,4263.10986328125
25153,6105.20947265625
25154,9402.2607421875
25155,7119.24951171875
25156,6160.8642578125
25157,9328.4541015625
25158,10402.412109375
25159,12718.4443359375
25160,6118.828125
25161,9413.0029296875
25162,3968.52099609375
25163,5843.2548828125
25164,6869.279296875
25165,4908.18408203125
25166,8455.6708984375
25167,5517.818359375
25168,5702.55517578125
25169,9629.35546875
25170,11544.189453125
25171,8779.095703125
25172,5260.97509765625
25173,5839.626953125
25174,13634.2392578125
25175,8185.083984375
25176,7013.7998046875
25177,5489.92724609375
25178,6988.06201171875
25179,9812.720703125
25180,5852.224609375
25181,7133.14013671875
25182,8919.0029296875
25183,9462.3291015625
25184,13973.8486328125
25185,7436.46630859375
25186,15826.1884765625
25187,6616.8740234375
25188,6218.02978515625
25189,4133.5546875
25190,6605.16455078125
25191,6332.0302734375
25192,5716.52685546875
25193,7447.89013671875
25194,5817.52880859375
25195,4863.3310546875
25196,7306.701171875
25197,4928.31103515625
25198,6850.3076171875
25199,7541.03466796875
25200,8233.1796875
25201,9026.17578125
25202,5663.640625
25203,9320.4599609375
25204,5808.091796875
25205,6115.4443359375
25206,6020.84912109375
25207,5505.84619140625
25208,10625.759765625
25209,6417.5712890625
25210,5075.45703125
25211,8515.7734375
25212,9370.73046875
25213,8356.255859375
25214,6361.482421875
25215,9768.083984375
25216,5823.5693359375
25217,6243.85595703125
25218,6789.60498046875
25219,9565.177734375
25220,7052.1962890625
25221,6689.87744140625
25222,6395.9619140625
25223,6376.8837890625
25224,5053.74560546875
25225,5280.85595703125
25226,7423.140625
25227,9447.630859375
25228,10795.59375
25229,12287.3427734375
25230,8520.1845703125
25231,7614.060546875
25232,4977.3994140625
25233,11417.5751953125
25234,10777.10546875
25235,8682.59765625
25236,9225.794921875
25237,9431.591796875
25238,6432.38916015625
25239,4987.3701171875
25240,9434.0302734375
25241,7321.01171875
25242,7635.095703125
25243,6658.63623046875
25244,3545.762939453125
25245,12001.181640625
25246,6113.947265625
25247,8965.9873046875
25248,4850.5654296875
25249,5695.80322265625
25250,6633.748046875
25251,9118.416015625
25252,7111.01416015625
25253,5442.26611328125
25254,4929.6767578125
25255,5055.5205078125
25256,4523.89111328125
25257,7724.17333984375
25258,16986.234375
25259,5114.49755859375
25260,6353.81201171875
25261,7818.59130859375
25262,4920.9052734375
25263,5693.70166015625
25264,5066.18017578125
25265,4558.8056640625
25266,6982.8154296875
25267,7699.50244140625
25268,4066.126953125
25269,9209.76171875
25270,5979.29296875
25271,4829.4697265625
25272,10414.640625
25273,8613.2041015625
25274,10023.9052734375
25275,5581.44140625
25276,6944.8701171875
25277,4989.7509765625
25278,5597.01513671875
25279,16338.462890625
25280,11341.125
25281,6421.802734375
25282,5914.57373046875
25283,5020.0341796875
25284,5955.689453125
25285,4846.9033203125
25286,9562.84765625
25287,6528.66015625
25288,5434.89990234375
25289,7561.32080078125
25290,4925.3916015625
25291,6506.29248046875
25292,7962.482421875
25293,6969.45263671875
25294,7611.025390625
25295,4933.3955078125
25296,5356.0419921875
25297,6622.5986328125
25298,9140.8310546875
25299,8863.9697265625
25300,7208.58056640625
25301,4484.97998046875
25302,7166.79443359375
25303,6753.23681640625
25304,4299.220703125
25305,7094.0302734375
25306,7856.3115234375
25307,6996.5439453125
25308,6964.37841796875
25309,6111.68505859375
25310,7447.1455078125
25311,5882.62841796875
25312,6288.55615234375
25313,6614.2431640625
25314,7606.46630859375
25315,9902.072265625
25316,6190.7744140625
25317,5667.693359375
25318,13051.9052734375
25319,6651.73046875
25320,5298.908203125
25321,7461.0166015625
25322,8458.37109375
25323,12134.375
25324,4916.87109375
25325,5917.40234375
25326,5916.0556640625
25327,7978.44384765625
25328,6327.39013671875
25329,9267.68359375
25330,3906.9443359375
25331,6707.2119140625
25332,6976.02001953125
25333,5514.59912109375
25334,5143.720703125
25335,7038.2646484375
25336,8547.55078125
25337,6087.7958984375
25338,8444.4736328125
25339,7610.88818359375
25340,9141.513671875
25341,5921.63330078125
25342,6792.2548828125
25343,7189.845703125
25344,8339.921875
25345,8307.58984375
25346,4188.21728515625
25347,8556.8515625
25348,7245.65283203125
25349,7552.38916015625
25350,5073.654296875
25351,4415.1279296875
25352,9170.5693359375
25353,6665.986328125
25354,10298.2548828125
25355,7099.98486328125
25356,6183.56298828125
25357,8540.353515625
25358,7243.60693359375
25359,7117.6435546875
25360,8445.18359375
25361,6697.27587890625
25362,9717.2548828125
25363,11022.615234375
25364,8193.1845703125
25365,5306.00927734375
25366,6704.45361328125
25367,4727.23828125
25368,3552.174072265625
25369,8188.203125
25370,5924.14892578125
25371,9823.375
25372,4960.005859375
25373,6002.49169921875
25374,5716.95361328125
25375,10616.94921875
25376,6086.84765625
25377,5419.8642578125
25378,6713.85302734375
25379,7501.84912109375
25380,5933.38818359375
25381,7417.08837890625
25382,7803.8310546875
25383,9204.833984375
25384,8311.8125
25385,7627.53857421875
25386,6045.41064453125
25387,4974.1181640625
25388,5080.19921875
25389,11729.2666015625
25390,10070.6201171875
25391,9329.4833984375
25392,15419.0283203125
25393,5994.82470703125
25394,4719.57763671875
25395,6104.5341796875
25396,9141.01953125
25397,11252.2197265625
25398,7681.51904296875
25399,8002.76123046875
25400,9088.5263671875
25401,6981.0087890625
25402,7723.15625
25403,6057.87109375
25404,5068.38330078125
25405,5487.0654296875
25406,4790.64990234375
25407,6035.6318359375
25408,8966.427734375
25409,18534.78125
25410,7034.138671875
25411,5110.8603515625
25412,8324.9287109375
25413,4607.43359375
25414,6630.4423828125
25415,3972.859375
25416,9072.47265625
25417,6830.09326171875
25418,6274.26513671875
25419,13076.2041015625
25420,12237.490234375
25421,7932.4814453125
25422,7003.1455078125
25423,4119.2890625
25424,5461.03173828125
25425,5931.26611328125
25426,8477.9033203125
25427,5915.17919921875
25428,4732.9609375
25429,6180.201171875
25430,5970.47216796875
25431,6531.01953125
25432,8119.7978515625
25433,4392.78076171875
25434,7276.625
25435,8246.4384765625
25436,7993.40673828125
25437,5876.4169921875
25438,5154.67578125
25439,7906.17626953125
25440,4962.95654296875
25441,10671.6669921875
25442,5044.47314453125
25443,5245.755859375
25444,7531.62890625
25445,6618.67138671875
25446,5474.80224609375
25447,6876.28662109375
25448,7973.123046875
25449,9198.7138671875
25450,10113.330078125
25451,5784.2080078125
25452,3932.87548828125
25453,6000.6943359375
25454,5305.60009765625
25455,5472.20751953125
25456,6421.37255859375
25457,6220.00537109375
25458,11569.8349609375
25459,8894.662109375
25460,6655.98974609375
25461,8153.98193359375
25462,5229.87890625
25463,9833.8310546875
25464,6222.12060546875
25465,14718.4267578125
25466,6720.396484375
25467,5751.30810546875
25468,7058.59228515625
25469,4140.04296875
25470,7350.04150390625
25471,20724.703125
25472,4702.89111328125
25473,5773.654296875
25474,10040.9111328125
25475,6910.451171875
25476,7972.064453125
25477,8507.4677734375
25478,6548.630859375
25479,5283.8134765625
25480,5055.36279296875
25481,10577.5546875
25482,6172.31982421875
25483,7376.30810546875
25484,8373.40625
25485,5252.986328125
25486,7666.81005859375
25487,6817.12744140625
25488,4323.7275390625
25489,9137.341796875
25490,8634.1259765625
25491,4995.62744140625
25492,8705.5693359375
25493,6883.62060546875
25494,5255.17578125
25495,9863.0791015625
25496,6593.396484375
25497,8725.8583984375
25498,4416.046875
25499,6157.01416015625
25500,7868.73193359375
25501,3744.156005859375
25502,8239.689453125
25503,4744.75634765625
25504,6368.7451171875
25505,5375.00634765625
25506,6750.212890625
25507,6485.31689453125
25508,8175.87255859375
25509,6994.259765625
25510,7803.10595703125
25511,5800.0205078125
25512,8015.0654296875
25513,6679.19873046875
25514,10247.3837890625
25515,9740.8154296875
25516,8134.3310546875
25517,5141.3076171875
25518,5946.49658203125
25519,7481.787109375
25520,5101.291015625
25521,11924.740234375
25522,6082.5810546875
25523,7819.48876953125
25524,10540.4794921875
25525,7146.8232421875
25526,4504.08984375
25527,13689.86328125
25528,10504.4365234375
25529,6725.49951171875
25530,9932.0537109375
25531,9417.7685546875
25532,6330.51708984375
25533,7370.591796875
25534,8079.7412109375
25535,5696.19287109375
25536,5305.65087890625
25537,7710.73193359375
25538,5032.6142578125
25539,7204.265625
25540,7961.203125
25541,7180.70361328125
25542,9327.638671875
25543,6057.16064453125
25544,7040.4716796875
25545,4891.46337890625
25546,7392.79150390625
25547,7547.72216796875
25548,6445.9091796875
25549,7343.0302734375
25550,7582.12890625
25551,9080.845703125
25552,6369.80517578125
25553,5200.86279296875
25554,6589.81103515625
25555,8074.58203125
25556,6979.45849609375
25557,4434.64794921875
25558,4367.4345703125
25559,8308.595703125
25560,7479.34912109375
25561,5747.38916015625
25562,8507.8173828125
25563,6606.298828125
25564,7188.59912109375
25565,5547.6044921875
25566,3618.868896484375
25567,8183.861328125
25568,7146.40673828125
25569,6812.20166015625
25570,9578.587890625
25571,10165.134765625
25572,5316.6005859375
25573,8826.099609375
25574,4960.33642578125
25575,2534.61181640625
25576,7933.3017578125
25577,9189.1845703125
25578,8423.9375
25579,7940.58349609375
25580,5125.6123046875
25581,7279.0986328125
25582,9193.14453125
25583,7126.88818359375
25584,5623.74072265625
25585,5615.1923828125
25586,5046.90966796875
25587,5316.48193359375
25588,5834.56201171875
25589,6069.72607421875
25590,5948.55029296875
25591,5711.2021484375
25592,4601.79541015625
25593,6567.2734375
25594,7468.35888671875
25595,5754.6435546875
25596,6628.029296875
25597,8162.45556640625
25598,6451.63720703125
25599,5444.51220703125
25600,10720.2802734375
25601,8377.857421875
25602,6350.51953125
25603,4429.66845703125
25604,12654.0693359375
25605,6828.2705078125
25606,6297.3486328125
25607,8962.4248046875
25608,8223.91015625
25609,8379.4775390625
25610,6718.818359375
25611,7073.61962890625
25612,9140.4111328125
25613,15133.4951171875
25614,5330.14892578125
25615,5269.41015625
25616,5567.39501953125
25617,7257.578125
25618,5649.53369140625
25619,9832.0166015625
25620,8731.96875
25621,5947.6845703125
25622,4110.76953125
25623,6312.6201171875
25624,9432.2236328125
25625,5162.61962890625
25626,8113.22900390625
25627,3625.15380859375
25628,7216.525390625
25629,7609.41748046875
25630,7905.80126953125
25631,8626.5693359375
25632,6727.00390625
25633,4853.55224609375
25634,7080.3251953125
25635,7979.0244140625
25636,9038.1767578125
25637,7885.61376953125
25638,8358.798828125
25639,6510.13232421875
25640,4960.6796875
25641,10474.6220703125
25642,4583.16552734375
25643,9479.181640625
25644,6025.34326171875
25645,4619.685546875
25646,7635.2177734375
25647,6202.97021484375
25648,8391.4833984375
25649,8722.22265625
25650,4812.8828125
25651,5076.439453125
25652,8526.828125
25653,9144.654296875
25654,9342.1640625
25655,5859.5869140625
25656,5783.005859375
25657,6661.73193359375
25658,6830.17041015625
25659,6068.8955078125
25660,9683.46875
25661,8963.43359375
25662,11512.611328125
25663,4376.4248046875
25664,6048.75927734375
25665,9677.9306640625
25666,8721.3349609375
25667,5588.99560546875
25668,9460.7841796875
25669,6293.89208984375
25670,6017.119140625
25671,5570.57421875
25672,5412.1650390625
25673,4964.96337890625
25674,6622.55615234375
25675,4795.51220703125
25676,5623.439453125
25677,9539.578125
25678,6715.71142578125
25679,23666.130859375
25680,6680.39892578125
25681,5031.99609375
25682,9516.0283203125
25683,11942.67578125
25684,7608.95751953125
25685,9152.884765625
25686,6676.22509765625
25687,8763.4482421875
25688,9256.9541015625
25689,6713.1884765625
25690,6437.96337890625
25691,8183.73828125
25692,8859.2119140625
25693,8777.064453125
25694,10251.53125
25695,6790.78662109375
25696,5667.3115234375
25697,9735.0546875
25698,12258.21484375
25699,11535.1591796875
25700,11599.5556640625
25701,9673.0537109375
25702,5858.35693359375
25703,6935.31103515625
25704,5040.0224609375
25705,9700.4228515625
25706,11575.2890625
25707,10240.5087890625
25708,7110.1962890625
25709,6440.72802734375
25710,5335.13427734375
25711,6372.00439453125
25712,12070.783203125
25713,7478.69384765625
25714,5761.61474609375
25715,8047.57080078125
25716,7937.76318359375
25717,4713.611328125
25718,8786.302734375
25719,5019.15087890625
25720,8649.583984375
25721,8015.24267578125
25722,6231.1611328125
25723,7743.6533203125
25724,8015.50634765625
25725,5766.12353515625
25726,8661.3154296875
25727,8149.27099609375
25728,12098.0439453125
25729,6616.5244140625
25730,9922.4287109375
25731,8783.6142578125
25732,11236.396484375
25733,7735.17626953125
25734,10870.251953125
25735,6028.10595703125
25736,6374.2900390625
25737,7491.1455078125
25738,6602.35791015625
25739,10247.3037109375
25740,8637.7470703125
25741,6732.7353515625
25742,8119.66796875
25743,10410.41796875
25744,11212.533203125
25745,5054.4267578125
25746,15573.62890625
25747,6031.267578125
25748,9315.595703125
25749,9880.6640625
25750,5628.65283203125
25751,7183.115234375
25752,8247.919921875
25753,9279.439453125
25754,8362.0908203125
25755,6445.08349609375
25756,8746.181640625
25757,9219.2470703125
25758,7852.96142578125
25759,5708.2353515625
25760,7779.994140625
25761,13124.9775390625
25762,7829.33740234375
25763,6620.87451171875
25764,7796.595703125
25765,6185.4228515625
25766,6913.9482421875
25767,8138.65087890625
25768,4784.25
25769,9247.353515625
25770,7324.51171875
25771,8233.2705078125
25772,9891.9404296875
25773,5674.20751953125
25774,6908.81640625
25775,5926.05078125
25776,9991.2265625
25777,9852.4638671875
25778,4795.9619140625
25779,5584.40087890625
25780,7653.693359375
25781,6645.24560546875
25782,6919.88525390625
25783,9502.59765625
25784,7279.20751953125
25785,8394.921875
25786,6638.37158203125
25787,5117.8037109375
25788,7529.23876953125
25789,9503.986328125
25790,9309.22265625
25791,9499.9091796875
25792,9379.0830078125
25793,6626.5244140625
25794,10747.017578125
25795,7351.60400390625
25796,8589.6591796875
25797,10359.583984375
25798,7304.009765625
25799,12258.3291015625
25800,9150.71875
25801,8885.82421875
25802,6454.45556640625
25803,8399.638671875
25804,8533.9931640625
25805,7997.630859375
25806,4083.88134765625
25807,6619.68212890625
25808,9144.439453125
25809,7087.91162109375
25810,5870.2529296875
25811,10587.732421875
25812,7398.7294921875
25813,6283.93505859375
25814,6637.14306640625
25815,6747.42333984375
25816,9266.755859375
25817,7568.20361328125
25818,8655.037109375
25819,6741.84521484375
25820,6497.92529296875
25821,7768.9482421875
25822,4658.486328125
25823,8075.25830078125
25824,7174.9501953125
25825,9331.990234375
25826,8305.03515625
25827,7248.0849609375
25828,12377.62109375
25829,7216.4208984375
25830,5488.30908203125
25831,12746.517578125
25832,7914.86767578125
25833,9207.4150390625
25834,8465.810546875
25835,5735.45166015625
25836,7292.0322265625
25837,6202.185546875
25838,9634.630859375
25839,13455.966796875
25840,7154.4326171875
25841,3885.4130859375
25842,5440.91162109375
25843,9378.0537109375
25844,9444.5791015625
25845,8383.81640625
25846,7498.84228515625
25847,5270.4892578125
25848,6212.02587890625
25849,4749.08447265625
25850,6730.9619140625
25851,6850.38720703125
25852,8117.6826171875
25853,9586.47265625
25854,14064.470703125
25855,9426.658203125
25856,10616.5732421875
25857,8042.85595703125
25858,6093.64013671875
25859,11168.6337890625
25860,13609.8759765625
25861,5970.369140625
25862,8524.5693359375
25863,6609.68017578125
25864,7917.41748046875
25865,4939.9326171875
25866,9447.46484375
25867,6160.3203125
25868,10261.57421875
25869,7964.65966796875
25870,9528.09765625
25871,9372.2275390625
25872,6098.58837890625
25873,9862.078125
25874,20839.837890625
25875,12600.08984375
25876,7590.83203125
25877,3947.770263671875
25878,7782.2080078125
25879,10415.966796875
25880,6463.8759765625
25881,12733.845703125
25882,20758.046875
25883,5260.67822265625
25884,6730.3603515625
25885,10355.7216796875
25886,5870.3134765625
25887,10770.3876953125
25888,8195.486328125
25889,9524.1982421875
25890,5396.57080078125
25891,7698.3466796875
25892,7565.7392578125
25893,8464.3759765625
25894,13074.97265625
25895,6354.5673828125
25896,6758.77783203125
25897,7781.29248046875
25898,6810.93603515625
25899,5668.7939453125
25900,9350.7373046875
25901,6539.6669921875
25902,6304.15625
25903,9224.62109375
25904,7612.00927734375
25905,7149.22802734375
25906,8109.3056640625
25907,8013.60595703125
25908,9297.328125
25909,8372.4775390625
25910,8710.21484375
25911,6506.67333984375
25912,4335.93017578125
25913,8476.8076171875
25914,6450.3916015625
25915,7466.43408203125
25916,5516.1005859375
25917,10008.14453125
25918,8340.5537109375
25919,10545.634765625
25920,8135.1171875
25921,6473.43505859375
25922,5936.361328125
25923,5198.37646484375
25924,11608.3935546875
25925,6110.12939453125
25926,8363.4599609375
25927,16501.40625
25928,7500.31787109375
25929,7631.8125
25930,5483.6572265625
25931,5842.26806640625
25932,8040.26806640625
25933,5058.36181640625
25934,6316.31689453125
25935,13396.1767578125
25936,5718.75244140625
25937,17608.19140625
25938,15630.294921875
25939,5835.0390625
25940,7415.77392578125
25941,6940.34619140625
25942,8117.3779296875
25943,7029.26611328125
25944,11734.4833984375
25945,8266.5908203125
25946,11950.29296875
25947,7562.0322265625
25948,9194.9482421875
25949,6696.6943359375
25950,10704.9345703125
25951,8568.857421875
25952,7003.181640625
25953,7555.14697265625
25954,6504.26806640625
25955,9900.3798828125
25956,10897.76171875
25957,6513.72802734375
25958,11852.6396484375
25959,6874.0966796875
25960,11285.611328125
25961,6061.71240234375
25962,6320.1142578125
25963,6873.12109375
25964,12932.7314453125
25965,7286.01904296875
25966,8434.7177734375
25967,8533.748046875
25968,9380.4091796875
25969,4874.23486328125
25970,9305.3330078125
25971,8666.52734375
25972,4328.3955078125
25973,12415.060546875
25974,18114.091796875
25975,8276.880859375
25976,8081.8662109375
25977,10832.40625
25978,12318.0205078125
25979,12973.6259765625
25980,6873.99951171875
25981,9263.412109375
25982,6710.111328125
25983,9685.3017578125
25984,4818.1201171875
25985,7344.81640625
25986,6735.869140625
25987,6640.5205078125
25988,8784.3857421875
25989,6893.75146484375
25990,6470.94140625
25991,9069.6337890625
25992,4809.88232421875
25993,5417.19287109375
25994,7769.8291015625
25995,7935.28076171875
25996,10535.9697265625
25997,10090.85546875
25998,8736.00390625
25999,7265.4208984375
26000,7365.2041015625
26001,11009.0
26002,8603.4873046875
26003,6413.03076171875
26004,5720.978515625
26005,10811.859375
26006,5216.279296875
26007,8512.017578125
26008,4387.27001953125
26009,6335.0302734375
26010,9887.4091796875
26011,7724.708984375
26012,6458.77587890625
26013,9925.0576171875
26014,10761.333984375
26015,14363.041015625
26016,6926.8291015625
26017,9888.2236328125
26018,3910.7294921875
26019,6293.13623046875
26020,7167.66943359375
26021,5710.7197265625
26022,8493.03515625
26023,5706.0576171875
26024,6939.53759765625
26025,10032.697265625
26026,12016.0107421875
26027,9094.30859375
26028,5840.69287109375
26029,6647.2265625
26030,11491.6953125
26031,7973.4287109375
26032,7756.150390625
26033,6091.76611328125
26034,7816.68115234375
26035,11250.4931640625
26036,5913.22412109375
26037,7773.70654296875
26038,9990.828125
26039,9711.7587890625
26040,15475.7236328125
26041,8239.2666015625
26042,16573.109375
26043,7478.57373046875
26044,6629.04443359375
26045,4504.142578125
26046,7242.1318359375
26047,6800.33984375
26048,7095.244140625
26049,7535.5625
26050,6744.5849609375
26051,5310.75390625
26052,8201.1904296875
26053,5603.6005859375
26054,7947.837890625
26055,8626.2548828125
26056,11086.490234375
26057,10688.8349609375
26058,6412.5205078125
26059,10508.9521484375
26060,6619.2490234375
26061,7047.416015625
26062,6513.77783203125
26063,5629.05615234375
26064,11154.8955078125
26065,7077.8076171875
26066,6181.62060546875
26067,8940.2197265625
26068,9726.740234375
26069,9188.9326171875
26070,7167.296875
26071,10067.8583984375
26072,6457.29150390625
26073,6326.8583984375
26074,8254.3076171875
26075,10459.3291015625
26076,7783.150390625
26077,7702.49951171875
26078,6986.994140625
26079,7318.66552734375
26080,5815.55322265625
26081,5724.0068359375
26082,7983.04541015625
26083,10106.8701171875
26084,11249.896484375
26085,13843.3681640625
26086,9014.6044921875
26087,8448.265625
26088,6147.69921875
26089,11927.3984375
26090,12051.0029296875
26091,9560.8330078125
26092,9951.1787109375
26093,10512.7099609375
26094,7038.634765625
26095,6369.412109375
26096,10626.5732421875
26097,8589.65625
26098,8594.4755859375
26099,7261.22607421875
26100,4803.70458984375
26101,13053.4775390625
26102,7354.17431640625
26103,10051.1298828125
26104,5690.50439453125
26105,5568.09716796875
26106,8029.2275390625
26107,10345.505859375
26108,7411.74072265625
26109,6395.75634765625
26110,5453.04052734375
26111,4816.765625
26112,5587.34716796875
26113,8383.1943359375
26114,18145.712890625
26115,6055.25537109375
26116,6723.02490234375
26117,8178.17919921875
26118,5685.25341796875
26119,6324.2255859375
26120,5333.11669921875
26121,4838.25927734375
26122,7730.615234375
26123,7593.201171875
26124,4990.025390625
26125,9951.369140625
26126,6549.57421875
26127,5815.3876953125
26128,10727.2412109375
26129,8987.7255859375
26130,10990.8486328125
26131,6458.6083984375
26132,8238.43359375
26133,5751.4697265625
26134,6155.07080078125
26135,16420.38671875
26136,11459.150390625
26137,7222.70849609375
26138,7075.23046875
26139,5227.76806640625
26140,6601.67041015625
26141,5561.47705078125
26142,10779.548828125
26143,6600.90966796875
26144,6222.09814453125
26145,8216.1689453125
26146,5429.56298828125
26147,7450.970703125
26148,8649.0087890625
26149,7475.14892578125
26150,8629.62109375
26151,5344.341796875
26152,5964.87841796875
26153,7002.27197265625
26154,10365.06640625
26155,9578.849609375
26156,8143.6787109375
26157,4827.99169921875
26158,7629.5263671875
26159,7119.52490234375
26160,4557.4677734375
26161,7761.67724609375
26162,8380.130859375
26163,7639.669921875
26164,7642.7783203125
26165,7188.77490234375
26166,8040.7802734375
26167,7138.53369140625
26168,7817.666015625
26169,7341.65625
26170,8333.90234375
26171,11197.7724609375
26172,7241.39501953125
26173,6067.56591796875
26174,13652.3388671875
26175,7191.0771484375
26176,5479.06494140625
26177,8459.2529296875
26178,9474.125
26179,14061.171875
26180,5500.8173828125
26181,6956.92529296875
26182,6648.0888671875
26183,8322.5966796875
26184,7355.2880859375
26185,9919.73828125
26186,4132.177734375
26187,7035.59375
26188,7285.75341796875
26189,6147.6669921875
26190,6297.3515625
26191,7559.7080078125
26192,9802.3857421875
26193,6910.19384765625
26194,10051.162109375
26195,8932.400390625
26196,10333.7431640625
26197,5988.67041015625
26198,7697.31982421875
26199,8594.9482421875
26200,9055.3369140625
26201,8477.779296875
26202,4787.40966796875
26203,9097.630859375
26204,9732.12890625
26205,7726.76904296875
26206,5639.71826171875
26207,5439.89697265625
26208,10587.025390625
26209,7594.3349609375
26210,11004.6630859375
26211,8170.39453125
26212,6874.38232421875
26213,9295.47265625
26214,8547.287109375
26215,9346.4453125
26216,9460.9482421875
26217,7092.294921875
26218,10566.4404296875
26219,11445.0810546875
26220,9264.7421875
26221,6417.0302734375
26222,7395.556640625
26223,5449.60498046875
26224,4300.1591796875
26225,9207.15625
26226,5854.30224609375
26227,10960.0341796875
26228,5616.091796875
26229,6488.755859375
26230,6477.72412109375
26231,10775.560546875
26232,6606.37255859375
26233,6038.890625
26234,7818.70703125
26235,8560.640625
26236,6787.603515625
26237,7884.1533203125
26238,8149.28125
26239,9253.833984375
26240,8948.2744140625
26241,8061.24951171875
26242,6612.27490234375
26243,5928.72998046875
26244,5910.71435546875
26245,12933.3193359375
26246,10557.2705078125
26247,10202.81640625
26248,15399.974609375
26249,6568.681640625
26250,6158.55859375
26251,6668.85986328125
26252,9681.3076171875
26253,11583.82421875
26254,8273.9990234375
26255,9611.8349609375
26256,9494.0009765625
26257,7483.64013671875
26258,8333.912109375
26259,6491.1435546875
26260,5632.6484375
26261,5703.6376953125
26262,5059.30908203125
26263,6465.91748046875
26264,9771.4677734375
26265,18329.759765625
26266,7840.4111328125
26267,5694.56103515625
26268,8475.029296875
26269,5478.61083984375
26270,6962.65576171875
26271,5093.779296875
26272,9747.755859375
26273,7582.26123046875
26274,7251.7998046875
26275,14877.505859375
26276,11957.9296875
26277,8486.3798828125
26278,7748.45751953125
26279,4600.7294921875
26280,6003.72021484375
26281,6824.56005859375
26282,9455.5517578125
26283,7145.9384765625
26284,5105.48583984375
26285,7299.33056640625
26286,6632.970703125
26287,7833.3134765625
26288,8385.7216796875
26289,5770.65380859375
26290,8121.466796875
26291,9107.365234375
26292,8671.439453125
26293,6790.0849609375
26294,5871.46484375
26295,8621.5947265625
26296,5918.529296875
26297,11515.59375
26298,5380.72021484375
26299,5873.70068359375
26300,8624.2529296875
26301,9039.3896484375
26302,6244.84326171875
26303,8036.83154296875
26304,8382.2763671875
26305,10261.134765625
26306,11153.51953125
26307,6456.01611328125
26308,4611.28662109375
26309,6793.9423828125
26310,6911.2705078125
26311,6108.82177734375
26312,7341.18017578125
26313,7080.96923828125
26314,13342.0048828125
26315,9574.8271484375
26316,7110.53857421875
26317,8518.32421875
26318,6379.8447265625
26319,10390.919921875
26320,7297.82861328125
26321,16085.775390625
26322,7835.48095703125
26323,6302.6142578125
26324,7347.443359375
26325,5054.1943359375
26326,8179.2197265625
26327,21366.876953125
26328,5450.875
26329,6124.45361328125
26330,11713.3935546875
26331,7839.52587890625
26332,8923.6953125
26333,9500.2626953125
26334,7304.03466796875
26335,5708.4375
26336,5317.89013671875
26337,11705.5
26338,6844.81640625
26339,8463.4697265625
26340,9269.2666015625
26341,5584.08056640625
26342,8726.30078125
26343,7935.16943359375
26344,4896.35302734375
26345,10443.3115234375
26346,10128.01953125
26347,5372.134765625
26348,9257.845703125
26349,7304.64697265625
26350,5472.28759765625
26351,10757.46484375
26352,7285.2822265625
26353,9016.8232421875
26354,4968.12353515625
26355,6716.912109375
26356,7765.857421875
26357,4452.30322265625
26358,9467.71484375
26359,4690.177734375
26360,6801.98828125
26361,6063.15380859375
26362,7587.08349609375
26363,6880.74609375
26364,7998.1865234375
26365,8140.58349609375
26366,8455.98046875
26367,6824.7998046875
26368,8078.84228515625
26369,7179.32373046875
26370,10684.38671875
26371,11104.9990234375
26372,8936.7197265625
26373,4866.92529296875
26374,7109.513671875
26375,8646.0361328125
26376,5358.46044921875
26377,12182.4755859375
26378,6850.54248046875
26379,8616.2177734375
26380,11521.025390625
26381,8234.8125
26382,4589.2197265625
26383,16232.3466796875
26384,11001.59375
26385,7525.853515625
26386,11519.2783203125
26387,10926.7216796875
26388,7111.73583984375
26389,8274.21875
26390,8933.3955078125
26391,6323.30419921875
26392,6155.1455078125
26393,8260.6474609375
26394,5307.21923828125
26395,8144.40283203125
26396,8364.8271484375
26397,7750.1728515625
26398,10001.2646484375
26399,6799.09814453125
26400,7648.06640625
26401,6106.7607421875
26402,8661.572265625
26403,8514.552734375
26404,7206.3046875
26405,7905.64892578125
26406,8363.361328125
26407,10480.4375
26408,6703.35693359375
26409,6132.6181640625
26410,8014.16748046875
26411,8093.30908203125
26412,8128.931640625
26413,4914.3623046875
26414,4877.91748046875
26415,8120.92529296875
26416,7646.84521484375
26417,6592.39453125
26418,9567.8642578125
26419,7166.36181640625
26420,7692.3330078125
26421,5856.3134765625
26422,4223.98486328125
26423,9161.154296875
26424,7846.0107421875
26425,8469.673828125
26426,10338.6376953125
26427,10271.1962890625
26428,6006.78759765625
26429,9446.1826171875
26430,5292.1650390625
26431,2785.897705078125
26432,8860.966796875
26433,9554.0146484375
26434,10059.875
26435,8556.369140625
26436,6007.94287109375
26437,8019.560546875
26438,9976.099609375
26439,7983.14013671875
26440,6504.9892578125
26441,5900.71630859375
26442,5750.42431640625
26443,6482.80126953125
26444,6200.4384765625
26445,6618.6826171875
26446,6327.79150390625
26447,6495.818359375
26448,5287.66162109375
26449,7928.23486328125
26450,8895.3779296875
26451,6745.8984375
26452,7597.2919921875
26453,8971.986328125
26454,6944.181640625
26455,6704.85595703125
26456,10494.1103515625
26457,9063.7236328125
26458,6012.94091796875
26459,4816.75830078125
26460,15154.611328125
26461,8114.99072265625
26462,7436.9619140625
26463,9994.1083984375
26464,8639.3896484375
26465,9144.900390625
26466,7693.22265625
26467,8048.568359375
26468,10960.3134765625
26469,16054.7470703125
26470,6052.2666015625
26471,6298.92431640625
26472,5873.44873046875
26473,7412.9716796875
26474,5955.091796875
26475,9887.5869140625
26476,9963.8349609375
26477,7083.23974609375
26478,4247.73974609375
26479,6473.7109375
26480,10352.1845703125
26481,5719.46826171875
26482,9115.029296875
26483,4830.02099609375
26484,8733.017578125
26485,8355.732421875
26486,8451.6240234375
26487,9282.537109375
26488,7583.48876953125
26489,5279.2919921875
26490,7470.224609375
26491,9933.5234375
26492,9763.353515625
26493,8191.21484375
26494,9014.15625
26495,7328.89697265625
26496,6029.72900390625
26497,11653.412109375
26498,5904.92919921875
26499,10647.55859375
26500,6602.5107421875
26501,5674.6455078125
26502,8555.9921875
26503,7187.08642578125
26504,9403.556640625
26505,9610.2177734375
26506,5522.990234375
26507,5649.73583984375
26508,9567.4189453125
26509,10519.2451171875
26510,9823.123046875
26511,6606.810546875
26512,6324.16357421875
26513,7993.80908203125
26514,7636.1982421875
26515,6648.32177734375
26516,10468.8359375
26517,10449.5234375
26518,13026.443359375
26519,4956.1923828125
26520,6926.08154296875
26521,10498.5244140625
26522,9621.9013671875
26523,7052.28564453125
26524,10489.6875
26525,7088.60595703125
26526,7117.1884765625
26527,5841.17919921875
26528,6041.341796875
26529,5791.34130859375
26530,7725.27099609375
26531,5771.234375
26532,6274.26513671875
26533,10656.5439453125
26534,7589.41162109375
26535,24686.849609375
26536,7508.83203125
26537,5441.7373046875
26538,10070.166015625
26539,12826.24609375
26540,8806.630859375
26541,11414.921875
26542,7278.998046875
26543,10685.0634765625
26544,10824.6240234375
26545,6970.51708984375
26546,7710.9140625
26547,9808.4833984375
26548,10313.3935546875
26549,10319.4326171875
26550,11938.421875
26551,7963.05908203125
26552,6699.0986328125
26553,10085.7890625
26554,14620.7216796875
26555,13265.9853515625
26556,13521.80078125
26557,13325.7763671875
26558,6329.5693359375
26559,8145.5126953125
26560,6350.32421875
26561,11248.7646484375
26562,15140.5029296875
26563,11236.2607421875
26564,10034.4423828125
26565,8021.6572265625
26566,5984.68994140625
26567,8242.01171875
26568,14101.26171875
26569,8883.8046875
26570,6647.11962890625
26571,9389.3359375
26572,9451.4560546875
26573,5227.85400390625
26574,10330.03515625
26575,6648.8076171875
26576,10811.603515625
26577,9611.07421875
26578,7331.70654296875
26579,10231.0810546875
26580,10543.5283203125
26581,7696.80322265625
26582,9536.048828125
26583,10526.751953125
26584,15960.3916015625
26585,7703.6904296875
26586,12354.7939453125
26587,9679.615234375
26588,12349.9775390625
26589,9791.0185546875
26590,13598.943359375
26591,7946.1005859375
26592,6662.96875
26593,8900.8837890625
26594,8114.39453125
26595,12307.9814453125
26596,10789.525390625
26597,8291.755859375
26598,10188.1376953125
26599,11236.7431640625
26600,13431.50390625
26601,6127.03857421875
26602,19104.798828125
26603,6959.57373046875
26604,9580.73046875
26605,11480.0263671875
26606,6774.5400390625
26607,9643.2021484375
26608,9365.5029296875
26609,12316.2431640625
26610,10594.115234375
26611,7520.64208984375
26612,10530.6728515625
26613,10649.98828125
26614,9793.734375
26615,7293.83447265625
26616,9436.58984375
26617,16485.7421875
26618,8555.005859375
26619,7910.759765625
26620,9060.39453125
26621,7641.43359375
26622,7511.59912109375
26623,9300.458984375
26624,5891.40185546875
26625,12548.4228515625
26626,8931.57421875
26627,9091.8740234375
26628,12416.74609375
26629,5703.212890625
26630,8705.8466796875
26631,7164.3154296875
26632,11712.30859375
26633,10762.5986328125
26634,6115.80322265625
26635,6345.99462890625
26636,9019.4521484375
26637,7719.8720703125
26638,8196.5546875
26639,10531.669921875
26640,8505.185546875
26641,9591.107421875
26642,8198.40625
26643,6472.2275390625
26644,9721.1513671875
26645,11068.490234375
26646,10834.806640625
26647,11864.8466796875
26648,12558.978515625
26649,7828.83154296875
26650,13516.3271484375
26651,8564.916015625
26652,10361.599609375
26653,13304.9619140625
26654,8906.4375
26655,14665.15234375
26656,9559.5732421875
26657,11283.3271484375
26658,7895.75439453125
26659,9988.2578125
26660,12077.9462890625
26661,9441.4638671875
26662,5332.70361328125
26663,7755.2919921875
26664,11390.263671875
26665,8498.208984375
26666,6824.8076171875
26667,13345.41796875
26668,8039.9833984375
26669,7293.2333984375
26670,8091.263671875
26671,8777.3076171875
26672,11075.7431640625
26673,9219.75390625
26674,10049.0654296875
26675,7751.0654296875
26676,7898.23291015625
26677,10321.7314453125
26678,5457.173828125
26679,8694.1796875
26680,8232.9375
26681,10848.0791015625
26682,9403.0146484375
26683,7704.7529296875
26684,14141.8779296875
26685,8476.09765625
26686,6452.49853515625
26687,15047.44140625
26688,9356.5126953125
26689,11523.6904296875
26690,9206.8076171875
26691,6786.9765625
26692,8390.328125
26693,6665.76318359375
26694,11853.015625
26695,17152.970703125
26696,9162.298828125
26697,4093.709716796875
26698,6306.35302734375
26699,11424.416015625
26700,11521.197265625
26701,9081.626953125
26702,9973.662109375
26703,5992.38232421875
26704,6687.88134765625
26705,5187.95458984375
26706,7745.0078125
26707,8393.2666015625
26708,9955.0380859375
26709,9360.8837890625
26710,14261.0419921875
26711,11767.2685546875
26712,11997.9599609375
26713,9662.26953125
26714,7342.9365234375
26715,12566.326171875
26716,17446.1953125
26717,8357.3740234375
26718,10577.3427734375
26719,8377.75
26720,9707.25
26721,6874.25341796875
26722,10650.2490234375
26723,8378.4072265625
26724,11477.576171875
26725,9107.5576171875
26726,12171.4150390625
26727,10565.1298828125
26728,7157.8984375
26729,12642.2802734375
26730,24139.11328125
26731,16793.681640625
26732,10327.7529296875
26733,4419.037109375
26734,9202.265625
26735,12554.5810546875
26736,7781.34521484375
26737,13202.7978515625
26738,20622.03125
26739,6028.85986328125
26740,8775.0869140625
26741,12161.3466796875
26742,7423.44189453125
26743,14999.5859375
26744,9662.05859375
26745,12330.4658203125
26746,6939.4482421875
26747,8355.43359375
26748,9032.6064453125
26749,9735.94921875
26750,17043.94140625
26751,7411.60302734375
26752,8053.0341796875
26753,9227.8466796875
26754,8130.009765625
26755,6611.7333984375
26756,10388.9072265625
26757,8488.908203125
26758,8145.24609375
26759,11013.23046875
26760,8607.931640625
26761,7664.1474609375
26762,8961.9150390625
26763,10230.9345703125
26764,11109.2060546875
26765,10786.115234375
26766,9812.33984375
26767,6503.546875
26768,5671.65576171875
26769,10025.2939453125
26770,8129.4169921875
26771,9407.841796875
26772,6165.8525390625
26773,11291.0048828125
26774,10522.779296875
26775,13728.0341796875
26776,9066.216796875
26777,8276.8349609375
26778,7938.2197265625
26779,6350.02587890625
26780,15073.58203125
26781,7536.45068359375
26782,9478.9921875
26783,20296.134765625
26784,8665.92578125
26785,8936.3701171875
26786,6850.92919921875
26787,6845.64111328125
26788,10132.8603515625
26789,6181.9521484375
26790,7413.43896484375
26791,13406.0419921875
26792,7160.16162109375
26793,20856.921875
26794,17745.203125
26795,6346.5625
26796,9155.7626953125
26797,7498.04931640625
26798,9606.58984375
26799,8390.26171875
26800,14628.9853515625
26801,9286.603515625
26802,13867.7216796875
26803,8292.169921875
26804,10588.8291015625
26805,8437.470703125
26806,11928.2158203125
26807,9381.4443359375
26808,9161.9423828125
26809,8550.2890625
26810,7286.078125
26811,13195.091796875
26812,12250.6123046875
26813,7483.93359375
26814,14526.7373046875
26815,8388.7197265625
26816,13389.9638671875
26817,6592.23828125
26818,7256.60302734375
26819,8983.21484375
26820,17348.275390625
26821,8837.7783203125
26822,10718.6162109375
26823,10504.0625
26824,12022.431640625
26825,6252.2724609375
26826,11149.6982421875
26827,10265.138671875
26828,5413.7275390625
26829,13619.84375
26830,20510.212890625
26831,10930.107421875
26832,10558.6630859375
26833,13648.0380859375
26834,15362.529296875
26835,14249.8828125
26836,8204.5771484375
26837,12090.650390625
26838,9440.1611328125
26839,11449.3330078125
26840,5882.498046875
26841,9579.8837890625
26842,8527.0283203125
26843,7923.5263671875
26844,10383.3837890625
26845,7616.26025390625
26846,7875.50341796875
26847,10464.3427734375
26848,5715.7548828125
26849,6839.583984375
26850,8162.49365234375
26851,9509.138671875
26852,13459.2412109375
26853,11650.32421875
26854,10184.15625
26855,8514.4453125
26856,8332.1552734375
26857,12683.150390625
26858,10022.3046875
26859,7900.47607421875
26860,6792.22900390625
26861,12980.9609375
26862,6083.87158203125
26863,10658.0732421875
26864,5849.486328125
26865,7785.20703125
26866,12972.1669921875
26867,9319.2607421875
26868,8467.619140625
26869,11857.255859375
26870,13232.9072265625
26871,15352.21875
26872,7876.43212890625
26873,11532.060546875
26874,5016.80224609375
26875,6678.66796875
26876,8657.5361328125
26877,6487.3798828125
26878,9599.3291015625
26879,8129.1259765625
26880,8025.361328125
26881,12557.1552734375
26882,15241.265625
26883,11484.7216796875
26884,6976.572265625
26885,8505.6376953125
26886,13888.2998046875
26887,9131.677734375
26888,9379.5810546875
26889,7709.8447265625
26890,9468.2939453125
26891,13269.576171875
26892,7105.76806640625
26893,9363.435546875
26894,11295.1181640625
26895,11534.8974609375
26896,17627.7734375
26897,9287.73828125
26898,18954.875
26899,8658.2578125
26900,7852.9443359375
26901,5675.72216796875
26902,8902.2421875
26903,8741.1728515625
26904,8241.2578125
26905,9287.19921875
26906,7789.427734375
26907,6874.54052734375
26908,8560.2587890625
26909,7168.65087890625
26910,8604.0810546875
26911,10232.015625
26912,12506.0625
26913,12022.056640625
26914,7618.8291015625
26915,11592.486328125
26916,7073.9619140625
26917,7814.68896484375
26918,7782.8232421875
26919,6832.47705078125
26920,13701.46484375
26921,8484.13671875
26922,7470.685546875
26923,11878.90625
26924,13030.1982421875
26925,10883.09375
26926,9353.3310546875
26927,12305.5634765625
26928,7426.21728515625
26929,7709.7666015625
26930,9172.4306640625
26931,12018.068359375
26932,9574.4169921875
26933,9536.0478515625
26934,8976.55078125
26935,8806.44140625
26936,6695.93115234375
26937,7064.36083984375
26938,10360.53515625
26939,12150.892578125
26940,13577.4033203125
26941,16867.7890625
26942,11266.595703125
26943,9411.6640625
26944,7106.326171875
26945,13660.458984375
26946,14875.330078125
26947,12189.06640625
26948,12159.966796875
26949,11898.12890625
26950,7177.8076171875
26951,7242.05712890625
26952,11602.9453125
26953,9844.05859375
26954,10816.1650390625
26955,9657.123046875
26956,4673.58935546875
26957,15122.671875
26958,9042.091796875
26959,10901.2470703125
26960,6152.72900390625
26961,7872.84814453125
26962,9231.7841796875
26963,14488.447265625
26964,8297.41796875
26965,6989.40234375
26966,7042.95263671875
26967,6397.87939453125
26968,5831.23583984375
26969,9881.57421875
26970,19176.47265625
26971,6051.13134765625
26972,8336.474609375
26973,10713.5947265625
26974,6646.9296875
26975,8308.685546875
26976,6863.78662109375
26977,6437.8486328125
26978,9613.8818359375
26979,9782.3857421875
26980,6108.65625
26981,12515.8779296875
26982,9139.2392578125
26983,6744.66943359375
26984,14240.005859375
26985,11544.095703125
26986,12596.6064453125
26987,7845.9091796875
26988,9551.1748046875
26989,6396.65771484375
26990,7213.8349609375
26991,18502.474609375
26992,15534.8359375
26993,8837.5458984375
26994,8446.568359375
26995,7151.60205078125
26996,7747.55078125
26997,6421.3056640625
26998,12376.4541015625
26999,8178.79736328125
27000,7371.52392578125
27001,10256.943359375
27002,6457.5107421875
27003,8203.474609375
27004,9633.708984375
27005,9844.4091796875
27006,10107.7763671875
27007,6820.22900390625
27008,6586.36767578125
27009,9280.6162109375
27010,12610.2412109375
27011,11254.947265625
27012,9776.6865234375
27013,6067.06005859375
27014,9184.234375
27015,8052.3720703125
27016,5708.8095703125
27017,9125.1875
27018,10842.857421875
27019,9588.583984375
27020,9721.6845703125
27021,8395.23046875
27022,9377.787109375
27023,8551.060546875
27024,8618.548828125
27025,8354.40625
27026,10678.06640625
27027,12825.533203125
27028,7941.10009765625
27029,7304.11474609375
27030,17012.064453125
27031,8457.1220703125
27032,6669.365234375
27033,9733.27734375
27034,10321.833984375
27035,15321.3447265625
27036,6494.85888671875
27037,8848.998046875
27038,7823.9931640625
27039,10236.578125
27040,8926.6044921875
27041,13665.421875
27042,4301.07421875
27043,8518.453125
27044,9657.904296875
27045,7770.23095703125
27046,7811.5302734375
27047,9329.884765625
27048,12345.744140625
27049,7757.48779296875
27050,10738.3251953125
27051,10895.17578125
27052,12883.662109375
27053,7611.4453125
27054,9371.048828125
27055,9838.3330078125
27056,11239.3525390625
27057,10458.8828125
27058,5880.2001953125
27059,9038.5029296875
27060,11422.57421875
27061,10090.7197265625
27062,6351.3916015625
27063,5701.57763671875
27064,13367.8046875
27065,9484.73046875
27066,12846.609375
27067,9379.525390625
27068,7972.8505859375
27069,11829.9931640625
27070,10271.5107421875
27071,11769.681640625
27072,10599.77734375
27073,9353.5517578125
27074,12265.044921875
27075,13438.658203125
27076,9869.927734375
27077,7473.7275390625
27078,8392.0732421875
27079,6900.09716796875
27080,4908.83837890625
27081,11320.1923828125
27082,7548.94287109375
27083,12704.5771484375
27084,7051.361328125
27085,7853.68310546875
27086,8363.025390625
27087,12609.0087890625
27088,8172.12353515625
27089,7001.01806640625
27090,9679.6513671875
27091,9475.494140625
27092,8621.4482421875
27093,9726.40234375
27094,9350.6767578125
27095,10799.7861328125
27096,10902.6318359375
27097,9654.8955078125
27098,7729.0146484375
27099,6875.72509765625
27100,6376.0947265625
27101,16345.3984375
27102,12602.3349609375
27103,11950.8193359375
27104,15975.8984375
27105,8648.59375
27106,6510.1279296875
27107,9048.2392578125
27108,12233.90625
27109,14076.6650390625
27110,10314.6318359375
27111,10977.197265625
27112,12875.314453125
27113,8697.818359375
27114,10261.27734375
27115,8303.8671875
27116,7477.57080078125
27117,6938.33984375
27118,6539.208984375
27119,9016.6005859375
27120,12918.85546875
27121,22121.69921875
27122,9536.4951171875
27123,7031.673828125
27124,10728.767578125
27125,6961.9521484375
27126,9375.904296875
27127,5468.42578125
27128,12790.3115234375
27129,9361.1279296875
27130,9223.916015625
27131,17896.607421875
27132,13061.0966796875
27133,12332.65625
27134,9748.4658203125
27135,5325.2861328125
27136,7206.8798828125
27137,7726.537109375
27138,11542.455078125
27139,8030.25048828125
27140,6783.150390625
27141,7232.517578125
27142,7546.5751953125
27143,9539.3125
27144,11179.7041015625
27145,3808.86279296875
27146,8946.1826171875
27147,11449.7666015625
27148,11381.3720703125
27149,9125.591796875
27150,7160.64599609375
27151,9552.7744140625
27152,6954.56298828125
27153,13791.6611328125
27154,6641.5712890625
27155,8132.26953125
27156,10310.1806640625
27157,10535.8349609375
27158,6990.15478515625
27159,8653.7021484375
27160,9924.8154296875
27161,12056.775390625
27162,13521.431640625
27163,7644.0830078125
27164,5737.17919921875
27165,7839.33349609375
27166,6683.54833984375
27167,7040.470703125
27168,8971.359375
27169,8046.712890625
27170,14924.0380859375
27171,11977.7236328125
27172,8312.8662109375
27173,9644.716796875
27174,7571.5576171875
27175,12607.0390625
27176,8104.6298828125
27177,17217.7578125
27178,9432.1884765625
27179,7761.4951171875
27180,9482.185546875
27181,5652.2705078125
27182,9556.6357421875
27183,25289.244140625
27184,6693.39111328125
27185,7186.806640625
27186,13178.412109375
27187,9834.0087890625
27188,9802.8837890625
27189,11448.4169921875
27190,9932.294921875
27191,7571.36767578125
27192,6284.6669921875
27193,13516.4892578125
27194,8761.1708984375
27195,9252.9970703125
27196,10527.7080078125
27197,7127.73193359375
27198,10017.83984375
27199,8991.138671875
27200,5267.9423828125
27201,11839.2060546875
27202,11677.62109375
27203,6788.849609375
27204,10816.7353515625
27205,9501.685546875
27206,7366.69921875
27207,12637.4462890625
27208,9070.6845703125
27209,10747.287109375
27210,6313.6083984375
27211,8073.9775390625
27212,8697.2734375
27213,6118.7333984375
27214,10840.2060546875
27215,6409.6240234375
27216,7860.32177734375
27217,6842.271484375
27218,9398.4677734375
27219,7384.50341796875
27220,9611.955078125
27221,9710.828125
27222,10111.8447265625
27223,8758.07421875
27224,10328.77734375
27225,8022.38623046875
27226,12676.974609375
27227,13121.88671875
27228,10187.517578125
27229,5472.41455078125
27230,8067.89990234375
27231,10760.8486328125
27232,6312.69970703125
27233,14978.7177734375
27234,8510.7822265625
27235,10272.4873046875
27236,13087.2060546875
27237,8720.2685546875
27238,6517.7470703125
27239,18188.15625
27240,13794.142578125
27241,8244.60546875
27242,12582.396484375
27243,12617.7841796875
27244,8330.966796875
27245,8816.95703125
27246,10454.4462890625
27247,7936.5830078125
27248,7280.14013671875
27249,10077.2333984375
27250,6695.3984375
27251,8647.830078125
27252,11107.4140625
27253,9922.751953125
27254,13669.6474609375
27255,7993.18310546875
27256,9583.62890625
27257,6812.34814453125
27258,9866.599609375
27259,10089.1416015625
27260,8557.6552734375
27261,9123.4736328125
27262,9661.091796875
27263,12993.4658203125
27264,8834.5634765625
27265,7273.2353515625
27266,10322.365234375
27267,10274.56640625
27268,9349.6474609375
27269,5701.078125
27270,5705.81298828125
27271,8978.6767578125
27272,7908.19091796875
27273,8132.97607421875
27274,11453.470703125
27275,8434.1201171875
27276,9228.7373046875
27277,7855.45263671875
27278,5660.2431640625
27279,10634.404296875
27280,9501.181640625
27281,10386.9873046875
27282,12368.30859375
27283,12749.1748046875
27284,6829.53125
27285,11804.53125
27286,5318.33740234375
27287,3774.110595703125
27288,10988.63671875
27289,12713.3232421875
27290,11350.5693359375
27291,10993.8994140625
27292,7720.42919921875
27293,9972.978515625
27294,12730.5107421875
27295,9270.29296875
27296,9883.6923828125
27297,7047.9375
27298,6205.16748046875
27299,7329.10107421875
27300,7446.349609375
27301,7622.88671875
27302,8460.2900390625
27303,8672.7158203125
27304,5713.505859375
27305,9024.7431640625
27306,10944.20703125
27307,8225.3623046875
27308,8870.5166015625
27309,10389.189453125
27310,8142.2451171875
27311,7216.0615234375
27312,14131.861328125
27313,11398.1123046875
27314,7859.85205078125
27315,6959.59814453125
27316,18608.9296875
27317,9086.5205078125
27318,10175.2646484375
27319,13526.9873046875
27320,10418.41015625
27321,11959.8232421875
27322,8835.53515625
27323,9259.5380859375
27324,12627.728515625
27325,20468.6875
27326,8593.2666015625
27327,8506.86328125
27328,7088.640625
27329,9382.1767578125
27330,7452.390625
27331,11884.869140625
27332,12074.9677734375
27333,7471.99072265625
27334,5821.99267578125
27335,8564.146484375
27336,12170.51171875
27337,7280.9296875
27338,11330.4140625
27339,4790.7724609375
27340,10220.263671875
27341,9642.626953125
27342,11179.681640625
27343,10659.818359375
27344,9800.7705078125
27345,6985.48828125
27346,9147.5185546875
27347,11427.9912109375
27348,11505.9736328125
27349,10742.712890625
27350,10908.4990234375
27351,8083.52685546875
27352,7227.21630859375
27353,13182.7431640625
27354,6385.009765625
27355,12786.9130859375
27356,8887.103515625
27357,7411.57373046875
27358,10591.244140625
27359,7802.748046875
27360,11628.94921875
27361,11010.810546875
27362,6940.4716796875
27363,6958.34130859375
27364,11929.4072265625
27365,12647.9462890625
27366,11779.0498046875
27367,8047.7666015625
27368,7957.49560546875
27369,10571.0322265625
27370,9502.4228515625
27371,7912.7646484375
27372,13135.666015625
27373,13372.76171875
27374,13255.134765625
27375,6249.9365234375
27376,8360.779296875
27377,10537.0927734375
27378,12305.982421875
27379,8375.3212890625
27380,14759.3349609375
27381,8013.314453125
27382,8508.7373046875
27383,7092.455078125
27384,8586.7353515625
27385,7421.595703125
27386,10012.7548828125
27387,7639.7275390625
27388,8401.31640625
27389,14551.072265625
27390,7559.8759765625
27391,25639.9453125
27392,9895.8955078125
27393,0.0
27394,0.0
27395,0.0
27396,0.0
27397,0.0
27398,0.0
27399,0.0
27400,0.0
27401,0.0
27402,0.0
27403,0.0
27404,0.0
27405,0.0
27406,0.0
27407,0.0
27408,0.0
27409,0.0
27410,0.0
27411,0.0
27412,0.0
27413,0.0
27414,0.0
27415,0.0
27416,0.0
27417,0.0
27418,0.0
27419,0.0
27420,0.0
27421,0.0
27422,0.0
27423,0.0
27424,0.0
27425,0.0
27426,0.0
27427,0.0
27428,0.0
27429,0.0
27430,0.0
27431,0.0
27432,0.0
27433,0.0
27434,0.0
27435,0.0
27436,0.0
27437,0.0
27438,0.0
27439,0.0
27440,0.0
27441,0.0
27442,0.0
27443,0.0
27444,0.0
27445,0.0
27446,0.0
27447,0.0
27448,0.0
27449,0.0
27450,0.0
27451,0.0
27452,0.0
27453,0.0
27454,0.0
27455,0.0
27456,0.0
27457,0.0
27458,0.0
27459,0.0
27460,0.0
27461,0.0
27462,0.0
27463,0.0
27464,0.0
27465,0.0
27466,0.0
27467,0.0
27468,0.0
27469,0.0
27470,0.0
27471,0.0
27472,0.0
27473,0.0
27474,0.0
27475,0.0
27476,0.0
27477,0.0
27478,0.0
27479,0.0
27480,0.0
27481,0.0
27482,0.0
27483,0.0
27484,5955.82080078125
27485,0.0
27486,0.0
27487,0.0
27488,0.0
27489,0.0
27490,0.0
27491,0.0
27492,0.0
27493,0.0
27494,0.0
27495,0.0
27496,0.0
27497,0.0
27498,0.0
27499,0.0
27500,0.0
27501,0.0
27502,0.0
27503,0.0
27504,0.0
27505,0.0
27506,0.0
27507,0.0
27508,0.0
27509,0.0
27510,0.0
27511,0.0
27512,0.0
27513,0.0
27514,0.0
27515,0.0
27516,0.0
27517,0.0
27518,0.0
27519,0.0
27520,0.0
27521,0.0
27522,0.0
27523,0.0
27524,0.0
27525,0.0
27526,0.0
27527,0.0
27528,0.0
27529,0.0
27530,0.0
27531,0.0
27532,0.0
27533,0.0
27534,0.0
27535,0.0
27536,0.0
27537,0.0
27538,0.0
27539,0.0
27540,0.0
27541,0.0
27542,0.0
27543,0.0
27544,0.0
27545,0.0
27546,0.0
27547,0.0
27548,0.0
27549,0.0
27550,0.0
27551,0.0
27552,3205.666748046875
27553,0.0
27554,0.0
27555,0.0
27556,0.0
27557,0.0
27558,0.0
27559,0.0
27560,0.0
27561,0.0
27562,0.0
27563,0.0
27564,0.0
27565,0.0
27566,0.0
27567,0.0
27568,0.0
27569,0.0
27570,0.0
27571,0.0
27572,0.0
27573,0.0
27574,0.0
27575,0.0
27576,0.0
27577,0.0
27578,0.0
27579,0.0
27580,0.0
27581,0.0
27582,0.0
27583,0.0
27584,0.0
27585,0.0
27586,0.0
27587,0.0
27588,0.0
27589,0.0
27590,0.0
27591,0.0
27592,0.0
27593,16643.640625
27594,30897.228515625
27595,0.0
27596,0.0
27597,0.0
27598,0.0
27599,0.0
27600,0.0
27601,0.0
27602,8086.18896484375
27603,0.0
27604,0.0
27605,0.0
27606,0.0
27607,0.0
27608,0.0
27609,0.0
27610,0.0
27611,0.0
27612,0.0
27613,0.0
27614,0.0
27615,0.0
27616,0.0
27617,0.0
27618,0.0
27619,0.0
27620,0.0
27621,6588.482421875
27622,0.0
27623,0.0
27624,0.0
27625,0.0
27626,0.0
27627,0.0
27628,0.0
27629,0.0
27630,0.0
27631,3409.6103515625
27632,0.0
27633,0.0
27634,0.0
27635,0.0
27636,0.0
27637,0.0
27638,0.0
27639,0.0
27640,0.0
27641,0.0
27642,0.0
27643,0.0
27644,0.0
27645,0.0
27646,0.0
27647,0.0
27648,0.0
27649,7943.9072265625
27650,0.0
27651,0.0
27652,0.0
27653,0.0
27654,0.0
27655,0.0
27656,0.0
27657,0.0
27658,0.0
27659,0.0
27660,0.0
27661,0.0
27662,0.0
27663,0.0
27664,0.0
27665,0.0
27666,9313.849609375
27667,0.0
27668,0.0
27669,0.0
27670,0.0
27671,0.0
27672,0.0
27673,0.0
27674,0.0
27675,0.0
27676,0.0
27677,0.0
27678,0.0
27679,0.0
27680,0.0
27681,0.0
27682,0.0
27683,0.0
27684,0.0
27685,0.0
27686,0.0
27687,0.0
27688,0.0
27689,0.0
27690,0.0
27691,0.0
27692,0.0
27693,0.0
27694,0.0
27695,0.0
27696,0.0
27697,0.0
27698,0.0
27699,0.0
27700,0.0
27701,0.0
27702,0.0
27703,0.0
27704,0.0
27705,0.0
27706,0.0
27707,0.0
27708,0.0
27709,0.0
27710,0.0
27711,0.0
27712,0.0
27713,0.0
27714,0.0
27715,0.0
27716,0.0
27717,0.0
27718,0.0
27719,0.0
27720,0.0
27721,0.0
27722,0.0
27723,0.0
27724,0.0
27725,0.0
27726,0.0
27727,0.0
27728,1999.681396484375
27729,0.0
27730,0.0
27731,0.0
27732,0.0
27733,0.0
27734,0.0
27735,0.0
27736,0.0
27737,0.0
27738,0.0
27739,0.0
27740,0.0
27741,0.0
27742,7413.0771484375
27743,0.0
27744,0.0
27745,0.0
27746,0.0
27747,0.0
27748,0.0
27749,0.0
27750,0.0
27751,0.0
27752,0.0
27753,0.0
27754,0.0
27755,0.0
27756,0.0
27757,0.0
27758,0.0
27759,0.0
27760,0.0
27761,0.0
27762,0.0
27763,0.0
27764,0.0
27765,0.0
27766,0.0
27767,0.0
27768,0.0
27769,0.0
27770,0.0
27771,0.0
27772,0.0
27773,0.0
27774,0.0
27775,0.0
27776,0.0
27777,0.0
27778,0.0
27779,0.0
27780,0.0
27781,0.0
27782,0.0
27783,0.0
27784,0.0
27785,7894.5615234375
27786,0.0
27787,0.0
27788,0.0
27789,0.0
27790,0.0
27791,0.0
27792,0.0
27793,0.0
27794,0.0
27795,3220.885986328125
27796,0.0
27797,0.0
27798,0.0
27799,6873.4443359375
27800,0.0
27801,0.0
27802,0.0
27803,0.0
27804,0.0
27805,0.0
27806,0.0
27807,0.0
27808,0.0
27809,0.0
27810,0.0
27811,0.0
27812,0.0
27813,0.0
27814,0.0
27815,0.0
27816,0.0
27817,0.0
27818,0.0
27819,0.0
27820,0.0
27821,0.0
27822,0.0
27823,0.0
27824,0.0
27825,0.0
27826,20012.693359375
27827,0.0
27828,0.0
27829,0.0
27830,0.0
27831,0.0
27832,0.0
27833,0.0
27834,0.0
27835,0.0
27836,0.0
27837,0.0
27838,0.0
27839,0.0
27840,7110.26611328125
27841,0.0
27842,0.0
27843,0.0
27844,0.0
27845,0.0
27846,0.0
27847,0.0
27848,0.0
27849,0.0
27850,0.0
27851,0.0
27852,0.0
27853,0.0
27854,0.0
27855,0.0
27856,0.0
27857,0.0
27858,0.0
27859,0.0
27860,0.0
27861,0.0
27862,0.0
27863,0.0
27864,0.0
27865,0.0
27866,0.0
27867,0.0
27868,0.0
27869,0.0
27870,0.0
27871,0.0
27872,0.0
27873,0.0
27874,0.0
27875,0.0
27876,0.0
27877,0.0
27878,0.0
27879,0.0
27880,0.0
27881,0.0
27882,0.0
27883,0.0
27884,0.0
27885,0.0
27886,0.0
27887,0.0
27888,0.0
27889,0.0
27890,0.0
27891,0.0
27892,0.0
27893,0.0
27894,0.0
27895,0.0
27896,0.0
27897,0.0
27898,0.0
27899,0.0
27900,0.0
27901,0.0
27902,0.0
27903,0.0
27904,0.0
27905,0.0
27906,0.0
27907,0.0
27908,0.0
27909,0.0
27910,0.0
27911,0.0
27912,0.0
27913,0.0
27914,0.0
27915,13205.91796875
27916,0.0
27917,0.0
27918,0.0
27919,0.0
27920,0.0
27921,0.0
27922,0.0
27923,0.0
27924,0.0
27925,0.0
27926,0.0
27927,0.0
27928,0.0
27929,0.0
27930,0.0
27931,0.0
27932,0.0
27933,0.0
27934,0.0
27935,0.0
27936,0.0
27937,0.0
27938,0.0
27939,0.0
27940,0.0
27941,0.0
27942,0.0
27943,0.0
27944,0.0
27945,0.0
27946,0.0
27947,0.0
27948,0.0
27949,0.0
27950,0.0
27951,0.0
27952,0.0
27953,0.0
27954,0.0
27955,0.0
27956,0.0
27957,0.0
27958,0.0
27959,6405.4951171875
27960,17129.779296875
27961,0.0
27962,0.0
27963,0.0
27964,0.0
27965,0.0
27966,0.0
27967,0.0
27968,0.0
27969,0.0
27970,0.0
27971,0.0
27972,0.0
27973,0.0
27974,0.0
27975,0.0
27976,0.0
27977,0.0
27978,0.0
27979,0.0
27980,0.0
27981,0.0
27982,0.0
27983,0.0
27984,0.0
27985,0.0
27986,0.0
27987,0.0
27988,11613.095703125
27989,0.0
27990,0.0
27991,0.0
27992,0.0
27993,0.0
27994,0.0
27995,0.0
27996,0.0
27997,0.0
27998,0.0
27999,0.0
28000,0.0
28001,0.0
28002,0.0
28003,0.0
28004,0.0
28005,0.0
28006,0.0
28007,0.0
28008,0.0
28009,0.0
28010,0.0
28011,0.0
28012,0.0
28013,0.0
28014,0.0
28015,0.0
28016,0.0
28017,0.0
28018,0.0
28019,0.0
28020,0.0
28021,0.0
28022,0.0
28023,0.0
28024,0.0
28025,0.0
28026,0.0
28027,0.0
28028,0.0
28029,0.0
28030,0.0
28031,0.0
28032,0.0
28033,0.0
28034,0.0
28035,0.0
28036,0.0
28037,0.0
28038,0.0
28039,0.0
28040,0.0
28041,0.0
28042,0.0
28043,0.0
28044,0.0
28045,0.0
28046,0.0
28047,0.0
28048,0.0
28049,0.0
28050,0.0
28051,0.0
28052,0.0
28053,0.0
28054,0.0
28055,0.0
28056,0.0
28057,0.0
28058,3334.368896484375
28059,0.0
28060,0.0
28061,0.0
28062,2455.212158203125
28063,0.0
28064,0.0
28065,0.0
28066,0.0
28067,0.0
28068,0.0
28069,0.0
28070,0.0
28071,0.0
28072,0.0
28073,0.0
28074,0.0
28075,0.0
28076,0.0
28077,0.0
28078,0.0
28079,0.0
28080,0.0
28081,0.0
28082,0.0
28083,0.0
28084,0.0
28085,0.0
28086,0.0
28087,0.0
28088,0.0
28089,0.0
28090,0.0
28091,0.0
28092,0.0
28093,0.0
28094,0.0
28095,0.0
28096,0.0
28097,0.0
28098,0.0
28099,0.0
28100,0.0
28101,0.0
28102,0.0
28103,0.0
28104,0.0
28105,0.0
28106,0.0
28107,0.0
28108,0.0
28109,0.0
28110,0.0
28111,0.0
28112,0.0
28113,4388.9375
28114,0.0
28115,0.0
28116,0.0
28117,0.0
28118,0.0
28119,0.0
28120,0.0
28121,0.0
28122,0.0
28123,0.0
28124,0.0
28125,0.0
28126,0.0
28127,0.0
28128,11621.1455078125
28129,0.0
28130,0.0
28131,0.0
28132,0.0
28133,0.0
28134,0.0
28135,0.0
28136,0.0
28137,0.0
28138,0.0
28139,0.0
28140,0.0
28141,0.0
28142,0.0
28143,0.0
28144,0.0
28145,0.0
28146,0.0
28147,0.0
28148,0.0
28149,0.0
28150,0.0
28151,0.0
28152,0.0
28153,0.0
28154,0.0
28155,0.0
28156,0.0
28157,0.0
28158,0.0
28159,0.0
28160,0.0
28161,0.0
28162,0.0
28163,0.0
28164,0.0
28165,0.0
28166,0.0
28167,0.0
28168,0.0
28169,0.0
28170,0.0
28171,0.0
28172,0.0
28173,0.0
28174,0.0
28175,0.0
28176,0.0
28177,0.0
28178,0.0
28179,0.0
28180,0.0
28181,0.0
28182,0.0
28183,0.0
28184,0.0
28185,0.0
28186,0.0
28187,0.0
28188,0.0
28189,0.0
28190,0.0
28191,0.0
28192,4634.666015625
28193,0.0
28194,0.0
28195,0.0
28196,0.0
28197,0.0
28198,0.0
28199,0.0
28200,0.0
28201,0.0
28202,0.0
28203,0.0
28204,0.0
28205,0.0
28206,0.0
28207,0.0
28208,0.0
28209,0.0
28210,0.0
28211,0.0
28212,0.0
28213,0.0
28214,0.0
28215,0.0
28216,0.0
28217,0.0
28218,0.0
28219,0.0
28220,0.0
28221,0.0
28222,0.0
28223,0.0
28224,0.0
28225,0.0
28226,0.0
28227,0.0
28228,0.0
28229,0.0
28230,0.0
28231,0.0
28232,0.0
28233,13466.3466796875
28234,5752.18310546875
28235,0.0
28236,0.0
28237,0.0
28238,0.0
28239,0.0
28240,0.0
28241,0.0
28242,0.0
28243,0.0
28244,0.0
28245,0.0
28246,0.0
28247,0.0
28248,0.0
28249,4309.28466796875
28250,3835.780517578125
28251,7274.4921875
28252,3522.071533203125
28253,6113.4453125
28254,4710.28125
28255,6045.8330078125
28256,6982.177734375
28257,0.0
28258,3122.844970703125
28259,5449.55126953125
28260,5459.87890625
28261,4065.091552734375
28262,0.0
28263,5596.3876953125
28264,0.0
28265,5006.57373046875
28266,7238.0625
28267,7907.751953125
28268,6367.24267578125
28269,7397.2763671875
28270,3659.68994140625
28271,5688.40771484375
28272,0.0
28273,7623.8564453125
28274,7824.46337890625
28275,0.0
28276,6056.7890625
28277,3289.147216796875
28278,5041.205078125
28279,0.0
28280,7340.9697265625
28281,3787.465087890625
28282,5463.81884765625
28283,0.0
28284,5772.759765625
28285,2591.585205078125
28286,7821.44189453125
28287,4419.3642578125
28288,0.0
28289,0.0
28290,3722.70556640625
28291,7948.9404296875
28292,5314.00048828125
28293,5049.908203125
28294,3961.43017578125
28295,7499.4462890625
28296,10292.5576171875
28297,6118.900390625
28298,5748.89990234375
28299,8237.6591796875
28300,8017.2001953125
28301,5643.5986328125
28302,6210.54833984375
28303,1246.302734375
28304,2832.8369140625
28305,4611.0791015625
28306,6257.4404296875
28307,7686.7802734375
28308,7174.6728515625
28309,4161.69873046875
28310,8401.3720703125
28311,0.0
28312,4857.74609375
28313,3063.510009765625
28314,10306.9228515625
28315,2854.65625
28316,0.0
28317,7290.4580078125
28318,3943.2138671875
28319,5770.3564453125
28320,2618.662109375
28321,5910.24462890625
28322,5776.34814453125
28323,0.0
28324,0.0
28325,6921.171875
28326,4690.21484375
28327,3584.392822265625
28328,7827.3759765625
28329,0.0
28330,6540.0234375
28331,3581.708984375
28332,6266.45947265625
28333,5908.4091796875
28334,0.0
28335,0.0
28336,2387.671875
28337,7517.9248046875
28338,5076.248046875
28339,5599.6376953125
28340,7129.7744140625
28341,2676.151611328125
28342,3887.12646484375
28343,3911.148681640625
28344,7969.87451171875
28345,0.0
28346,3958.9619140625
28347,4733.537109375
28348,0.0
28349,6400.0634765625
28350,0.0
28351,0.0
28352,0.0
28353,5759.001953125
28354,4594.9443359375
28355,3877.56005859375
28356,5169.7041015625
28357,0.0
28358,0.0
28359,7241.0205078125
28360,8147.1767578125
28361,0.0
28362,7982.19677734375
28363,3136.744384765625
28364,3603.390625
28365,8451.052734375
28366,5846.33056640625
28367,6938.677734375
28368,9301.91796875
28369,5689.29150390625
28370,4927.865234375
28371,6578.17236328125
28372,7921.10888671875
28373,3305.89013671875
28374,0.0
28375,5159.146484375
28376,4995.498046875
28377,4898.697265625
28378,3370.039306640625
28379,5608.8408203125
28380,0.0
28381,0.0
28382,6194.82177734375
28383,3041.75634765625
28384,6058.564453125
28385,6763.78173828125
28386,2186.127197265625
28387,5172.88671875
28388,0.0
28389,5325.49609375
28390,0.0
28391,4530.841796875
28392,5322.41064453125
28393,7123.91015625
28394,0.0
28395,0.0
28396,0.0
28397,4128.1318359375
28398,5011.79248046875
28399,9895.642578125
28400,5669.13818359375
28401,7669.234375
28402,6504.37451171875
28403,5148.66748046875
28404,6652.0224609375
28405,0.0
28406,4580.013671875
28407,8268.90234375
28408,4751.87890625
28409,2753.392333984375
28410,3510.51171875
28411,7323.97900390625
28412,7799.66259765625
28413,0.0
28414,5729.0595703125
28415,4638.4033203125
28416,0.0
28417,2199.0556640625
28418,3489.40380859375
28419,6033.25732421875
28420,7179.63037109375
28421,4731.63037109375
28422,4719.9384765625
28423,8305.48828125
28424,7711.4912109375
28425,7570.798828125
28426,0.0
28427,8378.466796875
28428,9264.7705078125
28429,3682.896484375
28430,5103.02587890625
28431,5558.09326171875
28432,6744.58837890625
28433,2948.268798828125
28434,3643.490966796875
28435,4762.08935546875
28436,8432.4794921875
28437,5591.81591796875
28438,7471.13037109375
28439,6970.06884765625
28440,5207.494140625
28441,8366.279296875
28442,16689.8359375
28443,8613.3828125
28444,4717.04541015625
28445,3964.49169921875
28446,7723.44482421875
28447,6495.70263671875
28448,0.0
28449,9602.3935546875
28450,18024.29296875
28451,0.0
28452,3904.353759765625
28453,11049.33984375
28454,3416.178955078125
28455,5782.12548828125
28456,3350.109619140625
28457,6467.90576171875
28458,4747.46826171875
28459,0.0
28460,0.0
28461,5448.66748046875
28462,8006.41259765625
28463,6228.55712890625
28464,6151.14453125
28465,0.0
28466,0.0
28467,6367.7998046875
28468,0.0
28469,0.0
28470,5581.10009765625
28471,3985.009033203125
28472,3556.129150390625
28473,5073.8857421875
28474,4285.00048828125
28475,5088.1455078125
28476,0.0
28477,10001.228515625
28478,7275.01806640625
28479,4356.96728515625
28480,3547.137939453125
28481,4692.10205078125
28482,4428.892578125
28483,6391.7353515625
28484,0.0
28485,5891.560546875
28486,5423.5498046875
28487,7877.9248046875
28488,5425.22412109375
28489,4375.1884765625
28490,2963.66552734375
28491,2835.119140625
28492,8699.4580078125
28493,0.0
28494,4913.521484375
28495,11980.0927734375
28496,6476.52294921875
28497,4400.62451171875
28498,5396.92041015625
28499,3008.74658203125
28500,4127.9130859375
28501,3896.13037109375
28502,4124.41748046875
28503,9351.3994140625
28504,4760.14990234375
28505,7343.2216796875
28506,9619.951171875
28507,5532.12451171875
28508,5117.72705078125
28509,4540.64501953125
28510,5341.23291015625
28511,5130.357421875
28512,0.0
28513,5497.4921875
28514,7425.6240234375
28515,0.0
28516,5999.56298828125
28517,5935.17138671875
28518,0.0
28519,6672.05224609375
28520,5215.76904296875
28521,6442.21875
28522,4817.01611328125
28523,8439.80078125
28524,6828.31005859375
28525,6746.39404296875
28526,8548.3984375
28527,7047.9892578125
28528,7776.43408203125
28529,3340.895751953125
28530,0.0
28531,5381.6044921875
28532,9249.982421875
28533,7049.73486328125
28534,7004.06689453125
28535,6925.96484375
28536,7826.1806640625
28537,4917.22265625
28538,7500.1044921875
28539,6448.95947265625
28540,3043.92919921875
28541,7831.9365234375
28542,16242.603515625
28543,0.0
28544,6031.1826171875
28545,7022.90576171875
28546,8137.19091796875
28547,8399.9599609375
28548,2875.647705078125
28549,4260.70068359375
28550,5639.44873046875
28551,8479.3916015625
28552,2761.94384765625
28553,4178.732421875
28554,5566.41748046875
28555,0.0
28556,4680.53369140625
28557,3081.175048828125
28558,2904.951171875
28559,7281.7841796875
28560,0.0
28561,4716.47314453125
28562,5793.986328125
28563,5085.3173828125
28564,9395.59375
28565,0.0
28566,0.0
28567,7366.9306640625
28568,6694.71826171875
28569,7962.8974609375
28570,4182.064453125
28571,2539.114501953125
28572,0.0
28573,11927.314453125
28574,4161.67626953125
28575,6792.53076171875
28576,2167.322509765625
28577,3496.24755859375
28578,5531.2314453125
28579,0.0
28580,0.0
28581,0.0
28582,9010.0166015625
28583,7614.48779296875
28584,4315.16943359375
28585,0.0
28586,2051.388671875
28587,3096.520263671875
28588,6376.21826171875
28589,4554.37939453125
28590,9942.2578125
28591,2012.8416748046875
28592,6117.56689453125
28593,5755.94189453125
28594,8685.7734375
28595,8750.208984375
28596,4601.47265625
28597,3151.62646484375
28598,9723.931640625
28599,8979.9521484375
28600,4091.911865234375
28601,0.0
28602,8789.888671875
28603,5250.11669921875
28604,5205.08251953125
28605,3701.8505859375
28606,7569.35986328125
28607,4096.3037109375
28608,12087.9443359375
28609,9043.494140625
28610,11709.2626953125
28611,0.0
28612,5304.35986328125
28613,1910.962890625
28614,5764.322265625
28615,0.0
28616,5063.8916015625
28617,8499.900390625
28618,0.0
28619,2350.79150390625
28620,6892.89794921875
28621,3802.882568359375
28622,0.0
28623,6859.61181640625
28624,7166.22705078125
28625,7637.515625
28626,4707.79345703125
28627,7114.00634765625
28628,0.0
28629,5799.3193359375
28630,0.0
28631,0.0
28632,9288.16015625
28633,5793.63720703125
28634,3220.00830078125
28635,4710.42724609375
28636,7789.646484375
28637,5639.59619140625
28638,4468.38427734375
28639,5263.19580078125
28640,5877.18212890625
28641,8761.23046875
28642,0.0
28643,9309.8271484375
28644,4323.17822265625
28645,3828.781982421875
28646,4222.54345703125
28647,6236.79638671875
28648,3453.92529296875
28649,5545.17431640625
28650,6140.82275390625
28651,7708.01708984375
28652,9653.68359375
28653,8447.7099609375
28654,8069.11669921875
28655,7452.09130859375
28656,4220.2490234375
28657,9755.90234375
28658,7981.83056640625
28659,5562.3115234375
28660,4998.6103515625
28661,5427.17724609375
28662,4827.2568359375
28663,3872.000244140625
28664,0.0
28665,0.0
28666,5477.318359375
28667,0.0
28668,1492.2176513671875
28669,8295.083984375
28670,0.0
28671,8363.669921875
28672,3696.106689453125
28673,5293.1123046875
28674,5301.24853515625
28675,4226.76220703125
28676,9960.0966796875
28677,4833.8564453125
28678,0.0
28679,3282.628662109375
28680,3235.915771484375
28681,5177.97216796875
28682,13478.70703125
28683,3085.792236328125
28684,5539.84814453125
28685,4814.79833984375
28686,3311.67236328125
28687,2728.07763671875
28688,5912.22998046875
28689,2528.805908203125
28690,0.0
28691,5618.96826171875
28692,0.0
28693,8254.1943359375
28694,418.04644775390625
28695,4099.96728515625
28696,9399.0439453125
28697,7599.0888671875
28698,8231.9931640625
28699,2551.26806640625
28700,4565.3740234375
28701,4866.53857421875
28702,4146.2734375
28703,14439.552734375
28704,0.0
28705,5195.21728515625
28706,2806.38818359375
28707,6251.36865234375
28708,4382.64892578125
28709,2745.76806640625
28710,7672.22119140625
28711,5515.5341796875
28712,0.0
28713,6997.32080078125
28714,4808.87109375
28715,4951.892578125
28716,6176.66845703125
28717,0.0
28718,6752.5029296875
28719,3134.28515625
28720,0.0
28721,5547.0751953125
28722,7714.81689453125
28723,5694.53173828125
28724,7378.5625
28725,0.0
28726,0.0
28727,5121.28271484375
28728,2929.256103515625
28729,4167.775390625
28730,4687.8056640625
28731,4080.360107421875
28732,7338.51708984375
28733,3717.55615234375
28734,0.0
28735,4824.9765625
28736,7162.8994140625
28737,0.0
28738,3939.627197265625
28739,0.0
28740,0.0
28741,2783.756103515625
28742,11251.6044921875
28743,3396.312744140625
28744,3965.1953125
28745,5565.80810546875
28746,0.0
28747,10010.27734375
28748,0.0
28749,4528.65185546875
28750,0.0
28751,6752.44580078125
28752,4137.41943359375
28753,7880.2626953125
28754,3169.2724609375
28755,3967.090576171875
28756,3564.925537109375
28757,3101.4814453125
28758,0.0
28759,7133.3876953125
28760,6413.41845703125
28761,6543.01123046875
28762,4747.673828125
28763,7400.83642578125
28764,7994.94091796875
28765,0.0
28766,0.0
28767,0.0
28768,7702.0078125
28769,4427.53955078125
28770,1696.795654296875
28771,6208.37060546875
28772,0.0
28773,6039.55615234375
28774,5338.2451171875
28775,3333.327392578125
28776,0.0
28777,2927.890380859375
28778,9081.935546875
28779,5338.80908203125
28780,4259.2451171875
28781,7708.396484375
28782,3701.34814453125
28783,4481.9833984375
28784,0.0
28785,3319.6376953125
28786,7115.36865234375
28787,9136.63671875
28788,7170.66259765625
28789,2578.366455078125
28790,0.0
28791,0.0
28792,2170.500732421875
28793,4633.36279296875
28794,0.0
28795,4936.1142578125
28796,0.0
28797,3940.849609375
28798,0.0
28799,7688.990234375
28800,5605.98681640625
28801,0.0
28802,4436.26025390625
28803,5234.87744140625
28804,0.0
28805,6244.9208984375
28806,7586.19287109375
28807,6673.00244140625
28808,8037.5908203125
28809,5438.83544921875
28810,4869.7041015625
28811,2765.78759765625
28812,5570.66015625
28813,8830.6337890625
28814,5808.3916015625
28815,8105.7626953125
28816,14687.4814453125
28817,2913.6669921875
28818,0.0
28819,3263.8125
28820,8546.87109375
28821,0.0
28822,7183.43017578125
28823,7550.58984375
28824,7754.1376953125
28825,0.0
28826,6527.431640625
28827,4961.99560546875
28828,3500.563232421875
28829,0.0
28830,3372.77294921875
28831,2944.87744140625
28832,6605.12841796875
28833,17265.048828125
28834,5579.9287109375
28835,3485.435546875
28836,4209.2724609375
28837,4652.49755859375
28838,5996.08056640625
28839,2822.615478515625
28840,6209.4501953125
28841,0.0
28842,3895.794189453125
28843,10424.90625
28844,11071.7724609375
28845,4512.92822265625
28846,0.0
28847,4003.4580078125
28848,3866.703125
28849,4371.72412109375
28850,0.0
28851,3893.99169921875
28852,4275.4736328125
28853,0.0
28854,5391.95556640625
28855,4046.7705078125
28856,7304.94873046875
28857,3274.999755859375
28858,8109.9482421875
28859,6518.28369140625
28860,4799.46728515625
28861,4472.85107421875
28862,3592.01806640625
28863,5045.744140625
28864,0.0
28865,9186.359375
28866,4149.896484375
28867,3828.50390625
28868,6419.03173828125
28869,8254.69140625
28870,0.0
28871,0.0
28872,0.0
28873,10000.2646484375
28874,6932.18994140625
28875,5612.392578125
28876,3451.78369140625
28877,4632.55322265625
28878,0.0
28879,3482.913330078125
28880,4667.98388671875
28881,4902.5830078125
28882,0.0
28883,7261.01806640625
28884,4459.7265625
28885,5681.208984375
28886,0.0
28887,7542.509765625
28888,5727.91015625
28889,8911.1240234375
28890,7155.85107421875
28891,5019.71337890625
28892,3697.889404296875
28893,2182.604248046875
28894,3388.48486328125
28895,0.0
28896,2139.933349609375
28897,5088.10693359375
28898,6168.7548828125
28899,6377.87353515625
28900,6020.2421875
28901,8259.39453125
28902,5239.51318359375
28903,0.0
28904,2647.6953125
28905,8102.40283203125
28906,4346.64892578125
28907,6482.51171875
28908,10055.2099609375
28909,0.0
28910,0.0
28911,6508.74462890625
28912,3469.826416015625
28913,6006.56884765625
28914,6421.85546875
28915,3190.695556640625
28916,8559.2119140625
28917,6289.021484375
28918,5018.55126953125
28919,9632.54296875
28920,8313.5048828125
28921,6026.10693359375
28922,4341.31591796875
28923,5275.818359375
28924,5631.5498046875
28925,0.0
28926,6551.333984375
28927,2796.814208984375
28928,5710.2587890625
28929,2321.81396484375
28930,0.0
28931,4832.35009765625
28932,4332.3681640625
28933,5654.92431640625
28934,7909.19384765625
28935,0.0
28936,6145.59033203125
28937,0.0
28938,6051.0693359375
28939,9390.857421875
28940,7108.58447265625
28941,3453.89697265625
28942,0.0
28943,5732.4287109375
28944,0.0
28945,0.0
28946,0.0
28947,5929.802734375
28948,9087.2568359375
28949,6446.4267578125
28950,2744.274169921875
28951,0.0
28952,8261.4052734375
28953,5932.01025390625
28954,7819.861328125
28955,7241.7529296875
28956,0.0
28957,5235.59521484375
28958,4361.109375
28959,0.0
28960,0.0
28961,7875.9873046875
28962,2847.0283203125
28963,9334.6328125
28964,6761.9755859375
28965,4683.25390625
28966,6597.85693359375
28967,4493.271484375
28968,6493.455078125
28969,4731.3017578125
28970,3733.57373046875
28971,4365.1220703125
28972,4089.178955078125
28973,6100.22998046875
28974,5851.25048828125
28975,7966.5888671875
28976,5944.75732421875
28977,0.0
28978,5947.14404296875
28979,6836.9736328125
28980,6258.59033203125
28981,2990.219482421875
28982,4744.83203125
28983,8807.5927734375
28984,5976.78564453125
28985,4158.0556640625
28986,6851.18701171875
28987,0.0
28988,4814.67822265625
28989,4644.8310546875
28990,1254.4046630859375
28991,7316.94873046875
28992,5847.14404296875
28993,5012.75634765625
28994,8299.8134765625
28995,6836.02294921875
28996,3568.29443359375
28997,5407.7490234375
28998,3301.717041015625
28999,459.7914123535156
29000,5928.65673828125
29001,0.0
29002,5336.0771484375
29003,4461.19482421875
29004,2008.334228515625
29005,4762.19189453125
29006,6993.8466796875
29007,5751.158203125
29008,7732.267578125
29009,3615.850341796875
29010,4525.10205078125
29011,0.0
29012,6130.52197265625
29013,3047.9892578125
29014,3193.48583984375
29015,4777.166015625
29016,3846.452880859375
29017,0.0
29018,4442.91943359375
29019,0.0
29020,5424.779296875
29021,7457.69189453125
29022,5228.35205078125
29023,0.0
29024,10297.6357421875
29025,6813.59326171875
29026,0.0
29027,1959.9112548828125
29028,4895.427734375
29029,5170.18603515625
29030,4007.78955078125
29031,7377.5498046875
29032,7977.01806640625
29033,6071.587890625
29034,6078.05517578125
29035,5754.95703125
29036,6934.44921875
29037,10041.798828125
29038,3434.166259765625
29039,3946.0302734375
29040,4768.02392578125
29041,5190.9677734375
29042,0.0
29043,7949.6103515625
29044,5188.5537109375
29045,0.0
29046,2235.445556640625
29047,6049.625
29048,7691.8369140625
29049,3338.5009765625
29050,6403.5107421875
29051,0.0
29052,6630.12744140625
29053,6527.86181640625
29054,4868.33740234375
29055,5415.1767578125
29056,4152.90673828125
29057,3659.8525390625
29058,6800.837890625
29059,5031.11865234375
29060,8696.3427734375
29061,5061.62890625
29062,8624.3916015625
29063,5321.49267578125
29064,3622.180419921875
29065,7954.39013671875
29066,0.0
29067,9137.943359375
29068,0.0
29069,4769.13330078125
29070,6958.4228515625
29071,4067.4306640625
29072,5014.38818359375
29073,5343.35595703125
29074,2738.611328125
29075,2798.359130859375
29076,5679.5634765625
29077,6459.4951171875
29078,0.0
29079,5744.5537109375
29080,5796.744140625
29081,4044.742919921875
29082,6818.298828125
29083,2808.111083984375
29084,9870.376953125
29085,7196.36181640625
29086,0.0
29087,0.0
29088,4311.46826171875
29089,7343.6240234375
29090,7949.048828125
29091,2739.365478515625
29092,8309.1875
29093,0.0
29094,5941.37451171875
29095,0.0
29096,4655.9111328125
29097,2425.61328125
29098,4217.50244140625
29099,0.0
29100,2381.747314453125
29101,7402.912109375
29102,5812.49072265625
29103,22947.138671875
29104,7024.35400390625
29105,3585.639404296875
29106,5913.841796875
29107,10712.51953125
29108,5200.6728515625
29109,6457.67431640625
29110,5293.36767578125
29111,6999.65478515625
29112,6855.70654296875
29113,3934.978515625
29114,4760.99560546875
29115,6268.54052734375
29116,6918.26708984375
29117,5868.529296875
29118,7851.00927734375
29119,4243.0732421875
29120,4400.7978515625
29121,6056.33544921875
29122,8573.1220703125
29123,9446.94921875
29124,7806.3759765625
29125,6861.02001953125
29126,3568.323486328125
29127,5943.34765625
29128,4073.449462890625
29129,7849.2275390625
29130,9511.619140625
29131,8257.7724609375
29132,4927.86962890625
29133,4476.53857421875
29134,4123.625
29135,7180.505859375
29136,8618.880859375
29137,5155.9423828125
29138,4427.423828125
29139,6901.00390625
29140,6442.12060546875
29141,3438.2236328125
29142,7161.5537109375
29143,3786.51220703125
29144,6888.61181640625
29145,6094.6123046875
29146,5339.43994140625
29147,7528.3515625
29148,6162.08056640625
29149,4464.27880859375
29150,5963.76220703125
29151,6714.1337890625
29152,9863.8291015625
29153,5939.65966796875
29154,6503.4111328125
29155,7884.07421875
29156,8900.8916015625
29157,6033.29736328125
29158,7688.05712890625
29159,3612.9912109375
29160,4392.0869140625
29161,4848.896484375
29162,6554.689453125
29163,9617.7060546875
29164,7293.06298828125
29165,4732.84375
29166,7056.861328125
29167,6950.861328125
29168,7765.78125
29169,3806.7021484375
29170,11614.07421875
29171,3860.7451171875
29172,5437.73486328125
29173,7499.10205078125
29174,3916.93994140625
29175,5337.05322265625
29176,5372.47314453125
29177,6561.93115234375
29178,5818.9384765625
29179,4613.57177734375
29180,7775.58349609375
29181,6805.4169921875
29182,5002.35693359375
29183,4856.3662109375
29184,7175.1982421875
29185,11987.45703125
29186,6964.59619140625
29187,5325.470703125
29188,6121.10498046875
29189,6150.7216796875
29190,5857.251953125
29191,7135.599609375
29192,3800.964111328125
29193,6797.4912109375
29194,5354.36328125
29195,6144.31103515625
29196,8384.6044921875
29197,4695.01904296875
29198,4305.0068359375
29199,4513.58984375
29200,7446.94091796875
29201,7671.181640625
29202,4521.49560546875
29203,4765.44970703125
29204,6720.16162109375
29205,5483.765625
29206,4573.92138671875
29207,10063.302734375
29208,5510.20361328125
29209,6565.39794921875
29210,5026.3369140625
29211,4391.11767578125
29212,5127.09716796875
29213,7824.41455078125
29214,6522.6474609375
29215,7259.70458984375
29216,7670.919921875
29217,4620.33984375
29218,7934.224609375
29219,4561.109375
29220,5069.31298828125
29221,8117.47216796875
29222,6266.02734375
29223,8958.4814453125
29224,8292.66796875
29225,6795.71826171875
29226,5596.97119140625
29227,6986.830078125
29228,7102.55859375
29229,5538.58642578125
29230,3875.85009765625
29231,5632.8671875
29232,6437.302734375
29233,5280.8115234375
29234,4489.25732421875
29235,7059.029296875
29236,5800.080078125
29237,5357.55126953125
29238,5204.79638671875
29239,4438.95654296875
29240,5890.04931640625
29241,6520.4560546875
29242,5455.9150390625
29243,5211.50439453125
29244,4986.228515625
29245,5927.4375
29246,2869.32861328125
29247,6559.783203125
29248,5152.380859375
29249,7838.77880859375
29250,6699.28076171875
29251,5477.9951171875
29252,10685.283203125
29253,3799.908447265625
29254,5317.4501953125
29255,8945.591796875
29256,6379.52099609375
29257,7225.537109375
29258,7499.44384765625
29259,4757.62451171875
29260,6260.17822265625
29261,5255.09423828125
29262,6695.68603515625
29263,9578.0830078125
29264,5935.2392578125
29265,2428.41357421875
29266,4172.24658203125
29267,6992.5908203125
29268,7771.05224609375
29269,5571.6923828125
29270,5829.44580078125
29271,4271.4482421875
29272,4417.708984375
29273,3145.6845703125
29274,4601.9541015625
29275,6123.1708984375
29276,6485.58251953125
29277,5237.86572265625
29278,6059.82958984375
29279,7730.82373046875
29280,8054.05859375
29281,7318.56201171875
29282,4688.52734375
29283,8345.43359375
29284,9304.076171875
29285,4533.1142578125
29286,6073.08642578125
29287,4926.326171875
29288,6389.77734375
29289,3447.444091796875
29290,5927.03857421875
29291,4403.30029296875
29292,8309.2470703125
29293,6284.05322265625
29294,7505.12548828125
29295,8090.32373046875
29296,5406.376953125
29297,7400.255859375
29298,16719.873046875
29299,8717.9384765625
29300,5371.72412109375
29301,3157.67578125
29302,7029.7412109375
29303,6946.6904296875
29304,6159.103515625
29305,11852.80078125
29306,19972.953125
29307,4001.366455078125
29308,4826.287109375
29309,8261.904296875
29310,4124.685546875
29311,7565.6630859375
29312,5644.47802734375
29313,6681.4208984375
29314,5736.44970703125
29315,5310.22314453125
29316,6411.3251953125
29317,6769.2421875
29318,8513.142578125
29319,6490.759765625
29320,6283.34228515625
29321,6039.18212890625
29322,4376.44384765625
29323,4630.73291015625
29324,8343.5703125
29325,5016.62744140625
29326,5398.291015625
29327,6362.31201171875
29328,4996.01953125
29329,4660.537109375
29330,5851.51708984375
29331,5835.72021484375
29332,8798.06640625
29333,8883.92578125
29334,7322.9599609375
29335,5114.51708984375
29336,2956.443603515625
29337,5286.78955078125
29338,5074.3291015625
29339,5624.474609375
29340,4653.6376953125
29341,6136.1064453125
29342,5510.58056640625
29343,9305.6796875
29344,5407.7919921875
29345,5129.83251953125
29346,4434.96240234375
29347,4281.8486328125
29348,8917.8232421875
29349,5529.59912109375
29350,7315.591796875
29351,12584.779296875
29352,6351.84912109375
29353,5388.11474609375
29354,5142.15966796875
29355,4310.19677734375
29356,6511.20751953125
29357,3427.438232421875
29358,4761.9384765625
29359,9757.3671875
29360,5055.6904296875
29361,11538.2158203125
29362,10626.3017578125
29363,5482.564453125
29364,6104.57958984375
29365,5322.76513671875
29366,6171.32421875
29367,5389.84521484375
29368,10230.744140625
29369,6118.06982421875
29370,8020.26708984375
29371,4216.50732421875
29372,7369.9462890625
29373,5662.1796875
29374,8108.513671875
29375,6150.30615234375
29376,6074.1279296875
29377,6560.73095703125
29378,6450.650390625
29379,8052.33740234375
29380,8857.17578125
29381,6143.4189453125
29382,8676.6689453125
29383,6441.12646484375
29384,8110.0234375
29385,5089.88037109375
29386,4764.4765625
29387,5171.2138671875
29388,8126.43701171875
29389,6369.2841796875
29390,6914.7587890625
29391,6600.41162109375
29392,7739.462890625
29393,4787.033203125
29394,7627.46875
29395,6312.6708984375
29396,3641.585205078125
29397,9470.650390625
29398,15137.060546875
29399,6125.0048828125
29400,5670.845703125
29401,7946.1669921875
29402,8636.19921875
29403,9898.0126953125
29404,4810.037109375
29405,6378.7353515625
29406,5668.623046875
29407,8032.07177734375
29408,3966.0546875
29409,5148.9248046875
29410,5222.9541015625
29411,5404.9169921875
29412,6982.22998046875
29413,4633.12890625
29414,3246.912841796875
29415,6862.93701171875
29416,4042.82666015625
29417,4393.2763671875
29418,5598.1015625
29419,5499.86669921875
29420,8763.9130859375
29421,8337.7255859375
29422,7057.45703125
29423,6511.30078125
29424,6336.48046875
29425,7761.91552734375
29426,5684.85498046875
29427,4687.79443359375
29428,5079.4140625
29429,9886.091796875
29430,3971.584228515625
29431,7150.56689453125
29432,3069.180419921875
29433,3956.658447265625
29434,6285.234375
29435,6718.01513671875
29436,5434.70263671875
29437,8695.845703125
29438,9077.2119140625
29439,10712.802734375
29440,5993.6533203125
29441,10113.82421875
29442,2916.094482421875
29443,5039.32861328125
29444,5895.58251953125
29445,3862.614990234375
29446,8437.591796875
29447,4192.478515625
29448,5612.23876953125
29449,7773.8154296875
29450,9485.142578125
29451,7965.68017578125
29452,4717.75537109375
29453,4674.8447265625
29454,11416.0986328125
29455,7927.46484375
29456,4797.3232421875
29457,5443.74169921875
29458,6492.31201171875
29459,7123.1474609375
29460,5043.232421875
29461,5096.48388671875
29462,7402.96533203125
29463,7204.951171875
29464,12217.4638671875
29465,6558.9052734375
29466,11354.32421875
29467,6337.341796875
29468,5610.1083984375
29469,3061.835205078125
29470,6016.19775390625
29471,5855.13134765625
29472,5267.83984375
29473,8180.6337890625
29474,4866.56591796875
29475,3752.33447265625
29476,6942.287109375
29477,3795.053955078125
29478,6012.81005859375
29479,6369.99365234375
29480,10639.505859375
29481,7430.19873046875
29482,4717.56884765625
29483,9150.75
29484,5397.720703125
29485,5565.28466796875
29486,5635.67138671875
29487,4863.5224609375
29488,8801.232421875
29489,6166.02392578125
29490,4109.1748046875
29491,6141.83935546875
29492,8221.986328125
29493,6448.26416015625
29494,5720.1357421875
29495,8112.30810546875
29496,5296.60693359375
29497,7210.779296875
29498,6195.3857421875
29499,8775.66796875
29500,4933.91259765625
29501,5855.43408203125
29502,5364.451171875
29503,5042.880859375
29504,4756.27294921875
29505,4715.138671875
29506,7506.16748046875
29507,8365.4482421875
29508,10473.650390625
29509,10128.28125
29510,8550.5556640625
29511,8203.9306640625
29512,4357.12451171875
29513,9916.7197265625
29514,9976.3505859375
29515,8434.7841796875
29516,7171.8994140625
29517,7629.90380859375
29518,5229.04833984375
29519,4407.28173828125
29520,8424.376953125
29521,6133.42431640625
29522,5571.74755859375
29523,5702.6865234375
29524,1860.5523681640625
29525,9638.0
29526,5599.9775390625
29527,7733.71240234375
29528,4906.22119140625
29529,4752.1435546875
29530,5998.54443359375
29531,5449.53662109375
29532,7179.86279296875
29533,5539.615234375
29534,4643.36083984375
29535,2997.0556640625
29536,3135.704833984375
29537,6196.0537109375
29538,16496.0078125
29539,3709.013671875
29540,5520.65380859375
29541,6176.94287109375
29542,4703.791015625
29543,3711.73583984375
29544,5239.1123046875
29545,3623.55419921875
29546,7908.4951171875
29547,6239.1728515625
29548,3798.518798828125
29549,7893.19140625
29550,4195.20458984375
29551,4694.55859375
29552,9595.98828125
29553,6371.9560546875
29554,9037.619140625
29555,4145.5927734375
29556,5822.07958984375
29557,4726.5634765625
29558,4756.40234375
29559,12970.896484375
29560,11017.646484375
29561,6659.41455078125
29562,4182.697265625
29563,5040.2216796875
29564,5701.52099609375
29565,4281.95751953125
29566,9016.376953125
29567,5108.689453125
29568,4045.331298828125
29569,6949.029296875
29570,4289.68115234375
29571,5592.41943359375
29572,5908.26513671875
29573,6813.75390625
29574,6462.78955078125
29575,3834.597412109375
29576,5534.568359375
29577,6356.7646484375
29578,7806.0380859375
29579,7302.607421875
29580,6984.267578125
29581,3809.724853515625
29582,7188.611328125
29583,5293.6220703125
29584,4622.81787109375
29585,6577.07421875
29586,7094.85107421875
29587,5428.3935546875
29588,6115.64306640625
29589,5589.12548828125
29590,6007.70849609375
29591,5291.8671875
29592,5706.4501953125
29593,7044.8017578125
29594,4770.19384765625
29595,9722.2353515625
29596,6123.947265625
29597,4448.927734375
29598,10879.357421875
29599,4693.35546875
29600,4090.6083984375
29601,6958.06298828125
29602,8134.77978515625
29603,9661.51953125
29604,4576.5068359375
29605,5710.5166015625
29606,5617.8017578125
29607,6273.72119140625
29608,5172.44580078125
29609,7391.88916015625
29610,3057.808837890625
29611,5085.50341796875
29612,5038.33349609375
29613,4380.70263671875
29614,5395.8935546875
29615,6138.81005859375
29616,5946.3056640625
29617,5994.17724609375
29618,6515.650390625
29619,5650.94482421875
29620,8182.22509765625
29621,4854.19970703125
29622,6087.986328125
29623,5915.70703125
29624,7914.2802734375
29625,7274.72705078125
29626,2865.974609375
29627,8301.994140625
29628,9411.8173828125
29629,6568.03466796875
29630,4847.7880859375
29631,4314.21240234375
29632,7612.06689453125
29633,4618.85205078125
29634,8449.3642578125
29635,6358.10107421875
29636,4671.20703125
29637,7802.73583984375
29638,5150.22607421875
29639,5017.8779296875
29640,6634.591796875
29641,4703.94873046875
29642,8342.0
29643,8750.5146484375
29644,6879.3193359375
29645,4467.2197265625
29646,4603.09130859375
29647,3734.65234375
29648,3694.56884765625
29649,6506.07763671875
29650,4955.1875
29651,8403.6923828125
29652,4203.31298828125
29653,4932.4091796875
29654,5526.57861328125
29655,7408.45166015625
29656,5721.96630859375
29657,5116.53759765625
29658,4528.68896484375
29659,6402.16064453125
29660,5614.34765625
29661,6788.82373046875
29662,7316.0791015625
29663,6971.40234375
29664,7574.14892578125
29665,6807.35498046875
29666,5804.478515625
29667,3939.802001953125
29668,5124.71728515625
29669,9755.255859375
29670,6976.57421875
29671,9268.171875
29672,16181.63671875
29673,4254.708984375
29674,4151.07421875
29675,5766.26220703125
29676,8463.3212890625
29677,9669.3857421875
29678,6769.857421875
29679,7352.82421875
29680,7717.208984375
29681,6377.63818359375
29682,6566.2646484375
29683,5044.39453125
29684,4665.82763671875
29685,4855.548828125
29686,3900.4892578125
29687,3875.80615234375
29688,6886.52294921875
29689,15040.66796875
29690,6012.4716796875
29691,4862.87158203125
29692,6511.22021484375
29693,4516.75537109375
29694,6560.30517578125
29695,4992.654296875
29696,7824.61181640625
29697,6534.603515625
29698,6181.05810546875
29699,11247.80078125
29700,13863.0830078125
29701,5739.36474609375
29702,6134.48095703125
29703,4010.033447265625
29704,4950.54052734375
29705,5333.89111328125
29706,8077.56201171875
29707,3781.939208984375
29708,4455.48388671875
29709,3860.95361328125
29710,5425.27587890625
29711,5598.0810546875
29712,6369.80224609375
29713,3914.541748046875
29714,7289.3564453125
29715,6983.8466796875
29716,5612.73876953125
29717,4506.873046875
29718,3398.228515625
29719,6766.09326171875
29720,4911.03662109375
29721,9422.5712890625
29722,4033.44580078125
29723,4965.328125
29724,6502.34130859375
29725,8464.80078125
29726,4524.64111328125
29727,5730.6005859375
29728,6044.90576171875
29729,8561.97265625
29730,7885.82763671875
29731,5599.05029296875
29732,3980.36865234375
29733,5288.82470703125
29734,4255.86181640625
29735,4567.08984375
29736,5099.7197265625
29737,5415.35302734375
29738,9504.474609375
29739,6925.24609375
29740,5678.8154296875
29741,6328.05810546875
29742,3341.7861328125
29743,7928.7900390625
29744,4852.06494140625
29745,10206.7568359375
29746,6459.7099609375
29747,4283.9326171875
29748,5423.28515625
29749,4268.86474609375
29750,5653.5126953125
29751,21563.302734375
29752,3516.63525390625
29753,5294.3974609375
29754,8400.4375
29755,6104.90380859375
29756,6181.6865234375
29757,7680.326171875
29758,5342.54541015625
29759,5516.0234375
29760,3696.92822265625
29761,8843.6259765625
29762,5760.27587890625
29763,6045.9033203125
29764,7964.91259765625
29765,4654.033203125
29766,7910.50341796875
29767,6653.8759765625
29768,3959.395751953125
29769,8243.681640625
29770,8906.041015625
29771,4727.47509765625
29772,7775.009765625
29773,6147.30419921875
29774,5629.1279296875
29775,9106.86328125
29776,6567.42578125
29777,7314.48193359375
29778,4102.34130859375
29779,5107.734375
29780,6393.72607421875
29781,3746.087158203125
29782,7646.314453125
29783,3992.435791015625
29784,5866.71337890625
29785,4126.8837890625
29786,6060.548828125
29787,5011.78662109375
29788,6162.505859375
29789,6313.2939453125
29790,7376.39501953125
29791,5486.19287109375
29792,6396.1484375
29793,5595.5498046875
29794,7665.70703125
29795,9629.349609375
29796,7196.75048828125
29797,4009.29296875
29798,5576.33740234375
29799,5938.45068359375
29800,3827.105712890625
29801,12279.8955078125
29802,5262.27587890625
29803,6549.23974609375
29804,9134.978515625
29805,6662.4521484375
29806,3795.714111328125
29807,16285.9755859375
29808,9035.7548828125
29809,5638.4697265625
29810,6874.328125
29811,8775.5751953125
29812,5978.66796875
29813,5543.68701171875
29814,6535.4521484375
29815,5289.0712890625
29816,4831.1494140625
29817,7133.265625
29818,4354.86376953125
29819,7201.2705078125
29820,6652.01708984375
29821,5394.83740234375
29822,6583.52978515625
29823,5603.748046875
29824,5208.10205078125
29825,5592.9775390625
29826,7162.8779296875
29827,6421.36962890625
29828,6023.8994140625
29829,5801.43115234375
29830,6003.61962890625
29831,8445.90234375
29832,5624.11279296875
29833,5302.14892578125
29834,5958.76171875
29835,6821.814453125
29836,6438.42431640625
29837,4068.62109375
29838,3362.528564453125
29839,6729.4541015625
29840,7746.57275390625
29841,5019.05029296875
29842,6729.8486328125
29843,6409.76953125
29844,4742.6748046875
29845,5096.7412109375
29846,2574.443603515625
29847,7258.3505859375
29848,6221.298828125
29849,5694.80224609375
29850,7789.96484375
29851,7381.896484375
29852,4413.18896484375
29853,7152.037109375
29854,3646.069580078125
29855,1969.8260498046875
29856,6572.1943359375
29857,7894.55419921875
29858,7150.16015625
29859,6299.4228515625
29860,3862.498779296875
29861,5849.34130859375
29862,6825.9228515625
29863,4809.06787109375
29864,6236.3447265625
29865,3993.983642578125
29866,4577.916015625
29867,5049.72216796875
29868,5184.5556640625
29869,4935.19482421875
29870,4738.568359375
29871,4885.318359375
29872,3965.07666015625
29873,6807.7626953125
29874,6009.7548828125
29875,4388.455078125
29876,5850.8876953125
29877,6615.89990234375
29878,5137.5615234375
29879,4572.88232421875
29880,8708.9208984375
29881,6590.279296875
29882,5506.248046875
29883,3215.110107421875
29884,10359.1962890625
29885,6267.29052734375
29886,4734.58447265625
29887,7899.5556640625
29888,6632.8955078125
29889,6082.55419921875
29890,5483.65283203125
29891,6162.71630859375
29892,7563.833984375
29893,10670.1015625
29894,4471.80859375
29895,4173.51513671875
29896,4842.05908203125
29897,5716.533203125
29898,6149.0869140625
29899,7374.341796875
29900,6920.4482421875
29901,5452.6630859375
29902,3600.8818359375
29903,5286.0830078125
29904,9485.4404296875
29905,4572.8662109375
29906,6884.8916015625
29907,2924.96240234375
29908,6602.3154296875
29909,6179.0068359375
29910,6559.4951171875
29911,6720.39794921875
29912,5614.8818359375
29913,4141.46240234375
29914,7027.7685546875
29915,7247.49072265625
29916,7195.654296875
29917,6607.4765625
29918,7647.8935546875
29919,5465.06884765625
29920,3896.08447265625
29921,8889.173828125
29922,4305.57080078125
29923,9307.6728515625
29924,6363.11669921875
29925,4339.04443359375
29926,5875.9619140625
29927,5212.11328125
29928,7790.29931640625
29929,7007.78564453125
29930,3878.6484375
29931,4092.54541015625
29932,6050.396484375
29933,7578.09423828125
29934,8139.34033203125
29935,5636.275390625
29936,5711.7890625
29937,4620.25927734375
29938,6653.35302734375
29939,4537.77001953125
29940,9633.1982421875
29941,7589.650390625
29942,10505.19140625
29943,4850.46728515625
29944,5252.84814453125
29945,9735.51171875
29946,9514.466796875
29947,4065.745361328125
29948,9021.390625
29949,4864.60888671875
29950,5464.59375
29951,5489.78515625
29952,4955.51220703125
29953,4721.74755859375
29954,5399.08154296875
29955,4218.43310546875
29956,3858.84033203125
29957,7358.017578125
29958,5923.03076171875
29959,22873.685546875
29960,5907.77734375
29961,3806.955322265625
29962,5867.708984375
29963,9651.4990234375
29964,6282.234375
29965,6128.236328125
29966,5370.68603515625
29967,6547.79443359375
29968,6110.94580078125
29969,3499.04443359375
29970,4441.919921875
29971,5990.45703125
29972,7080.3955078125
29973,5692.328125
29974,8532.6162109375
29975,3740.122802734375
29976,3946.464599609375
29977,5007.61279296875
29978,7770.64501953125
29979,8897.50390625
29980,7092.39453125
29981,6721.25927734375
29982,3565.609619140625
29983,5441.966796875
29984,3474.5595703125
29985,7158.5791015625
29986,8962.7529296875
29987,7588.4140625
29988,4406.5419921875
29989,4184.93701171875
29990,4024.5458984375
29991,5905.45751953125
29992,8046.2021484375
29993,4399.57080078125
29994,4480.8056640625
29995,4265.7138671875
29996,6030.85693359375
29997,3317.629638671875
29998,6633.53466796875
29999,3700.08544921875
30000,6450.51611328125
30001,5598.00341796875
30002,5141.51953125
30003,6819.84228515625
30004,5973.31591796875
30005,4079.23974609375
30006,5936.18994140625
30007,6053.45263671875
30008,9512.2255859375
30009,5374.55908203125
30010,6720.845703125
30011,7644.59326171875
30012,8196.9345703125
30013,5803.7822265625
30014,7186.0908203125
30015,3315.969482421875
30016,4018.595703125
30017,4868.5107421875
30018,6105.39794921875
30019,8300.5361328125
30020,6205.1103515625
30021,4610.73876953125
30022,6614.01123046875
30023,6831.17333984375
30024,7592.0908203125
30025,3442.68798828125
30026,11459.42578125
30027,3598.45849609375
30028,5416.2841796875
30029,7145.41845703125
30030,3590.13525390625
30031,4900.3330078125
30032,5024.65673828125
30033,6577.939453125
30034,5214.97705078125
30035,4377.11962890625
30036,7595.90673828125
30037,6381.64501953125
30038,4043.32080078125
30039,4704.01513671875
30040,6867.31787109375
30041,10587.86328125
30042,6277.791015625
30043,5427.3671875
30044,5426.87109375
30045,5946.85791015625
30046,5311.99658203125
30047,6668.72509765625
30048,3830.70849609375
30049,6415.5947265625
30050,4990.18798828125
30051,5475.2353515625
30052,8760.2333984375
30053,3949.332763671875
30054,3805.59619140625
30055,3524.9697265625
30056,7182.24072265625
30057,7179.181640625
30058,4053.952392578125
30059,4724.91064453125
30060,6171.50439453125
30061,4993.69482421875
30062,4261.1689453125
30063,8201.0693359375
30064,5261.73779296875
30065,6299.5400390625
30066,4565.60546875
30067,4060.259765625
30068,4760.3896484375
30069,7840.50244140625
30070,6511.06640625
30071,6591.77783203125
30072,6959.69384765625
30073,4312.62744140625
30074,8117.18896484375
30075,4320.26708984375
30076,4816.89697265625
30077,8253.607421875
30078,5425.296875
30079,8602.2470703125
30080,7238.81640625
30081,6366.49609375
30082,5078.453125
30083,6415.49658203125
30084,6145.7041015625
30085,5405.4091796875
30086,3593.424560546875
30087,5321.185546875
30088,6612.29345703125
30089,4682.310546875
30090,4220.5537109375
30091,6783.4541015625
30092,5406.50341796875
30093,5487.13818359375
30094,5005.0712890625
30095,4695.326171875
30096,6015.447265625
30097,6515.330078125
30098,5605.990234375
30099,4544.5498046875
30100,4764.06298828125
30101,5529.716796875
30102,2826.383544921875
30103,5893.50927734375
30104,4714.380859375
30105,7640.8447265625
30106,6362.4619140625
30107,5536.0263671875
30108,9554.91015625
30109,4083.098388671875
30110,4837.62451171875
30111,8576.978515625
30112,5500.60888671875
30113,6877.39599609375
30114,6447.125
30115,4545.46142578125
30116,5968.24462890625
30117,5324.99365234375
30118,6647.0595703125
30119,9259.0
30120,6094.55517578125
30121,2789.791015625
30122,3828.605712890625
30123,6502.8720703125
30124,5840.06591796875
30125,5150.53076171875
30126,5273.142578125
30127,4439.47705078125
30128,4678.45263671875
30129,3298.212646484375
30130,4275.45068359375
30131,5676.69091796875
30132,6101.91015625
30133,5348.853515625
30134,5395.73974609375
30135,6824.29931640625
30136,7293.79052734375
30137,7012.3916015625
30138,3655.32666015625
30139,8415.4794921875
30140,8335.8310546875
30141,4135.341796875
30142,5841.74560546875
30143,4882.90234375
30144,5952.64501953125
30145,3169.67626953125
30146,5880.4912109375
30147,4034.0556640625
30148,8567.7900390625
30149,5907.27392578125
30150,6855.83642578125
30151,7269.47412109375
30152,5419.87744140625
30153,6696.216796875
30154,16037.146484375
30155,8350.0986328125
30156,4875.5380859375
30157,2721.86474609375
30158,6213.22802734375
30159,6457.4453125
30160,5160.24365234375
30161,11657.9970703125
30162,17969.294921875
30163,3633.18359375
30164,5081.3447265625
30165,9731.1611328125
30166,4070.3916015625
30167,6800.8271484375
30168,5013.625
30169,6841.958984375
30170,5193.015625
30171,4639.99658203125
30172,4936.0146484375
30173,6564.5849609375
30174,7858.69775390625
30175,5833.49853515625
30176,5595.89501953125
30177,5783.60888671875
30178,4029.14013671875
30179,4473.9970703125
30180,7316.98681640625
30181,4518.39013671875
30182,5090.1591796875
30183,5532.40625
30184,5322.46630859375
30185,5044.2236328125
30186,6236.80322265625
30187,5892.97998046875
30188,7900.50537109375
30189,8819.5185546875
30190,6564.15576171875
30191,4756.87255859375
30192,2905.75830078125
30193,5467.5185546875
30194,5176.24462890625
30195,4704.44677734375
30196,4701.7119140625
30197,6346.3642578125
30198,5503.81494140625
30199,8508.328125
30200,5586.798828125
30201,5101.11572265625
30202,4217.22314453125
30203,4643.90087890625
30204,8152.875
30205,4616.623046875
30206,6215.89697265625
30207,13562.9677734375
30208,5534.84619140625
30209,6781.33984375
30210,4671.91796875
30211,4306.8447265625
30212,5819.20556640625
30213,3295.635498046875
30214,4839.19482421875
30215,9448.4208984375
30216,4542.18115234375
30217,11817.876953125
30218,10322.439453125
30219,5031.974609375
30220,5281.57373046875
30221,4969.78662109375
30222,5951.52978515625
30223,4980.88525390625
30224,9288.9287109375
30225,5624.90234375
30226,7764.08935546875
30227,4189.025390625
30228,7161.296875
30229,5303.68505859375
30230,8442.9326171875
30231,5785.14501953125
30232,5030.38916015625
30233,6105.3857421875
30234,6218.783203125
30235,7143.69140625
30236,9250.6337890625
30237,5502.5390625
30238,7958.5048828125
30239,5955.68896484375
30240,8060.9931640625
30241,4978.90966796875
30242,4201.62841796875
30243,4697.8291015625
30244,7263.6259765625
30245,5976.140625
30246,6585.947265625
30247,6101.63525390625
30248,7348.05908203125
30249,4222.69287109375
30250,6950.0615234375
30251,6411.47509765625
30252,3637.1435546875
30253,7586.40576171875
30254,15202.57421875
30255,5453.6484375
30256,5326.46142578125
30257,7537.32763671875
30258,8821.3359375
30259,10001.85546875
30260,4228.73095703125
30261,6215.599609375
30262,5301.2119140625
30263,7542.4765625
30264,3854.336181640625
30265,4803.19775390625
30266,4254.9619140625
30267,4949.490234375
30268,6485.0146484375
30269,4566.63427734375
30270,3193.910888671875
30271,6437.5703125
30272,3349.340576171875
30273,3715.081787109375
30274,5420.51025390625
30275,4868.76513671875
30276,8009.53369140625
30277,7452.6455078125
30278,7302.146484375
30279,5895.26708984375
30280,5979.2451171875
30281,7843.22216796875
30282,5450.83203125
30283,3748.892578125
30284,4695.55078125
30285,9120.75
30286,3892.782470703125
30287,5966.94384765625
30288,3207.11328125
30289,4166.9462890625
30290,5362.505859375
30291,6381.36572265625
30292,4991.83251953125
30293,7878.486328125
30294,9083.9658203125
30295,10682.0537109375
30296,5539.67822265625
30297,8865.0712890625
30298,3019.792724609375
30299,4344.77734375
30300,5276.5029296875
30301,3462.532958984375
30302,6986.2802734375
30303,3934.27734375
30304,5855.60693359375
30305,7696.806640625
30306,9521.197265625
30307,8481.2802734375
30308,4038.7822265625
30309,4189.39453125
30310,11992.5869140625
30311,7038.80224609375
30312,5058.93701171875
30313,4541.30078125
30314,5896.45166015625
30315,7493.13916015625
30316,4331.3447265625
30317,5335.9189453125
30318,6987.15771484375
30319,6316.10595703125
30320,12117.4130859375
30321,5754.8994140625
30322,10352.6162109375
30323,6039.630859375
30324,4871.142578125
30325,3033.41796875
30326,5353.6162109375
30327,5302.95947265625
30328,4626.4970703125
30329,6871.29052734375
30330,4381.19140625
30331,3719.911376953125
30332,6074.93701171875
30333,4197.83935546875
30334,6412.31689453125
30335,5639.1181640625
30336,8575.15625
30337,6623.1689453125
30338,4005.992919921875
30339,8097.41162109375
30340,5182.1298828125
30341,5156.6943359375
30342,5304.98095703125
30343,4151.32666015625
30344,8705.0107421875
30345,5797.7998046875
30346,4115.220703125
30347,5639.3046875
30348,7170.11279296875
30349,5728.50341796875
30350,4670.708984375
30351,7571.29736328125
30352,5069.6806640625
30353,6026.783203125
30354,4705.19970703125
30355,7603.56787109375
30356,4947.90576171875
30357,5828.31689453125
30358,4200.44580078125
30359,4323.314453125
30360,4292.7978515625
30361,4603.29833984375
30362,6706.03369140625
30363,8680.1953125
30364,9225.0810546875
30365,9049.3359375
30366,7309.701171875
30367,8329.181640625
30368,4588.98974609375
30369,9767.130859375
30370,9462.0087890625
30371,6563.056640625
30372,7020.455078125
30373,6576.03466796875
30374,4863.84716796875
30375,3065.37255859375
30376,7527.71337890625
30377,5881.5205078125
30378,5531.38720703125
30379,5235.30126953125
30380,1919.65966796875
30381,9741.548828125
30382,5238.68896484375
30383,6608.20556640625
30384,4439.59228515625
30385,4340.2783203125
30386,5979.21630859375
30387,5008.35009765625
30388,6153.15869140625
30389,5302.3779296875
30390,4150.12646484375
30391,3310.88818359375
30392,3192.3427734375
30393,5830.3515625
30394,15861.1513671875
30395,3555.6484375
30396,4985.49267578125
30397,5361.24853515625
30398,4129.833984375
30399,3524.620849609375
30400,4462.96240234375
30401,3577.09423828125
30402,7342.1806640625
30403,5977.96728515625
30404,3108.869140625
30405,7051.74365234375
30406,3790.38671875
30407,4405.44775390625
30408,9521.310546875
30409,6299.1044921875
30410,8735.66796875
30411,3933.963623046875
30412,5337.3857421875
30413,4279.54052734375
30414,4704.99072265625
30415,12206.8818359375
30416,9591.7783203125
30417,6102.431640625
30418,3951.01416015625
30419,4318.09716796875
30420,4845.7685546875
30421,4722.35400390625
30422,10434.56640625
30423,4802.84130859375
30424,3916.253662109375
30425,6161.37255859375
30426,3820.185546875
30427,5694.20361328125
30428,6106.28564453125
30429,6642.880859375
30430,6268.05615234375
30431,3633.87890625
30432,5244.23388671875
30433,5427.40185546875
30434,7525.99365234375
30435,6862.17822265625
30436,6587.60107421875
30437,3604.280029296875
30438,6799.8544921875
30439,4851.2587890625
30440,4299.76708984375
30441,5535.45654296875
30442,6647.603515625
30443,5098.314453125
30444,5521.4423828125
30445,5290.099609375
30446,5787.94189453125
30447,4946.68017578125
30448,5889.8125
30449,6189.62158203125
30450,4012.003662109375
30451,9312.0380859375
30452,5591.71826171875
30453,3943.197021484375
30454,10091.322265625
30455,4603.25244140625
30456,4072.420654296875
30457,6168.2490234375
30458,7579.69580078125
30459,9194.2197265625
30460,4585.71533203125
30461,5130.82373046875
30462,5319.71435546875
30463,5910.1513671875
30464,4636.1376953125
30465,6609.39013671875
30466,2653.854248046875
30467,4246.64697265625
30468,4764.029296875
30469,4657.31396484375
30470,4190.5361328125
30471,5751.7705078125
30472,5563.935546875
30473,5272.49462890625
30474,6360.86376953125
30475,5063.8955078125
30476,7567.8994140625
30477,4270.23583984375
30478,5601.3603515625
30479,5924.3466796875
30480,7535.04248046875
30481,6175.7109375
30482,4091.84228515625
30483,8288.3447265625
30484,7650.31591796875
30485,6166.40234375
30486,4631.28466796875
30487,4211.0048828125
30488,7016.544921875
30489,4215.123046875
30490,7938.447265625
30491,5878.25
30492,4741.78857421875
30493,6728.04296875
30494,5609.3056640625
30495,4833.38818359375
30496,6344.0361328125
30497,4624.05810546875
30498,8179.36962890625
30499,8351.345703125
30500,6369.76025390625
30501,3883.3994140625
30502,4217.59912109375
30503,3326.833984375
30504,3468.002685546875
30505,6058.4501953125
30506,4387.93017578125
30507,7255.25927734375
30508,3850.08837890625
30509,4711.24365234375
30510,5218.95166015625
30511,6679.78076171875
30512,4744.9365234375
30513,4510.111328125
30514,3997.126220703125
30515,6305.91015625
30516,4710.869140625
30517,6345.38525390625
30518,6533.818359375
30519,6975.52392578125
30520,7120.69775390625
30521,6496.8603515625
30522,5437.25048828125
30523,3778.75048828125
30524,4608.9755859375
30525,8825.3203125
30526,6620.4794921875
30527,9648.0791015625
30528,14924.5322265625
30529,3991.95654296875
30530,3875.65771484375
30531,5384.13525390625
30532,7852.64013671875
30533,8868.4775390625
30534,6274.76416015625
30535,7463.28515625
30536,7296.67041015625
30537,5866.9501953125
30538,5528.50341796875
30539,4359.95849609375
30540,4128.30224609375
30541,4548.72265625
30542,3970.81884765625
30543,3711.149169921875
30544,6590.515625
30545,13455.0634765625
30546,5935.818359375
30547,4666.02978515625
30548,5430.0244140625
30549,4097.83544921875
30550,6095.66455078125
30551,4397.1259765625
30552,8042.25048828125
30553,6324.56787109375
30554,5859.984375
30555,10303.5263671875
30556,10680.6884765625
30557,5299.5126953125
30558,6643.89599609375
30559,4138.69189453125
30560,4802.62890625
30561,5469.359375
30562,7516.7001953125
30563,3240.57177734375
30564,3921.50439453125
30565,3827.213623046875
30566,4498.517578125
30567,4777.8193359375
30568,5958.9716796875
30569,3954.82763671875
30570,6468.2724609375
30571,6970.94970703125
30572,5106.56640625
30573,4269.85498046875
30574,3037.83642578125
30575,7098.76611328125
30576,4725.17724609375
30577,8851.775390625
30578,4174.84912109375
30579,5006.9013671875
30580,5657.7705078125
30581,6959.46240234375
30582,4691.142578125
30583,5555.2578125
30584,5723.60107421875
30585,7836.1162109375
30586,7830.8330078125
30587,5356.4755859375
30588,3574.191650390625
30589,5282.24853515625
30590,4371.759765625
30591,4266.28466796875
30592,4520.17626953125
30593,5184.05224609375
30594,9308.841796875
30595,6586.9111328125
30596,5354.2080078125
30597,6345.73193359375
30598,3487.78173828125
30599,7537.42724609375
30600,4889.6083984375
30601,10894.533203125
30602,5386.9638671875
30603,4269.5458984375
30604,4304.63134765625
30605,3671.176025390625
30606,5957.4326171875
30607,19020.86328125
30608,3492.9150390625
30609,4221.3974609375
30610,7414.3291015625
30611,5507.46875
30612,5788.044921875
30613,7032.64697265625
30614,5059.87744140625
30615,4834.845703125
30616,3909.5478515625
30617,8840.904296875
30618,5124.54541015625
30619,6013.70458984375
30620,7472.2939453125
30621,4380.20654296875
30622,7295.0244140625
30623,5287.7275390625
30624,3643.639404296875
30625,7619.849609375
30626,8056.8876953125
30627,4426.0751953125
30628,7180.66064453125
30629,5806.26220703125
30630,5055.35400390625
30631,8119.74853515625
30632,6452.14208984375
30633,6931.40576171875
30634,3951.397705078125
30635,5290.68408203125
30636,6019.27734375
30637,3578.390869140625
30638,7556.41064453125
30639,3870.103515625
30640,5220.81298828125
30641,3797.69677734375
30642,6012.203125
30643,5299.677734375
30644,6068.119140625
30645,5742.068359375
30646,6686.64794921875
30647,5022.13427734375
30648,5821.43994140625
30649,5579.06201171875
30650,6259.3701171875
30651,9023.52734375
30652,7547.2353515625
30653,3152.04931640625
30654,5222.86962890625
30655,6074.59765625
30656,3396.171142578125
30657,11200.142578125
30658,4789.033203125
30659,6392.00048828125
30660,9092.1962890625
30661,6519.06884765625
30662,3641.1708984375
30663,14678.16796875
30664,8534.3779296875
30665,5102.2783203125
30666,6332.05517578125
30667,8738.08984375
30668,5502.8984375
30669,4817.04296875
30670,5807.62060546875
30671,4856.8681640625
30672,4094.36083984375
30673,6499.37646484375
30674,4034.92431640625
30675,6485.3837890625
30676,5586.8671875
30677,5235.6083984375
30678,5766.65673828125
30679,5558.9326171875
30680,5117.07666015625
30681,5722.55615234375
30682,6375.970703125
30683,5471.03857421875
30684,5689.42333984375
30685,5511.314453125
30686,5432.3984375
30687,8074.27587890625
30688,4701.59912109375
30689,4403.021484375
30690,5453.271484375
30691,6535.63818359375
30692,5906.18017578125
30693,3901.98974609375
30694,4319.62109375
30695,6864.8662109375
30696,7203.513671875
30697,4807.99658203125
30698,6105.9423828125
30699,5894.95654296875
30700,4479.3818359375
30701,4086.64404296875
30702,2321.1923828125
30703,6764.95947265625
30704,5743.23095703125
30705,5044.8134765625
30706,7358.748046875
30707,6929.4423828125
30708,4399.1025390625
30709,7092.7578125
30710,4001.796875
30711,1969.4593505859375
30712,6238.56201171875
30713,7398.98974609375
30714,7083.9794921875
30715,5827.2158203125
30716,3536.521728515625
30717,5165.15234375
30718,6897.189453125
30719,4659.03369140625
30720,5754.26953125
30721,3783.759521484375
30722,4294.17919921875
30723,4570.763671875
30724,4454.08544921875
30725,4396.98095703125
30726,4351.8916015625
30727,4448.18359375
30728,3907.712646484375
30729,6297.3681640625
30730,5099.0126953125
30731,3723.152099609375
30732,5716.4873046875
30733,5686.3251953125
30734,5089.38525390625
30735,4634.4033203125
30736,7844.67333984375
30737,6585.44580078125
30738,4904.78759765625
30739,2926.666259765625
30740,9331.4208984375
30741,5552.12841796875
30742,4270.009765625
30743,6507.33544921875
30744,6233.06298828125
30745,5704.90625
30746,4950.8603515625
30747,6046.77197265625
30748,6756.890625
30749,9968.22265625
30750,4339.271484375
30751,3957.915771484375
30752,4474.4453125
30753,5848.5966796875
30754,5412.49462890625
30755,6517.9384765625
30756,6409.9443359375
30757,5103.68359375
30758,3348.576904296875
30759,4933.44140625
30760,10251.775390625
30761,3661.539306640625
30762,6173.3251953125
30763,3413.597900390625
30764,6077.912109375
30765,6567.9091796875
30766,6119.314453125
30767,6628.46484375
30768,5247.99755859375
30769,3346.10888671875
30770,6491.72314453125
30771,5749.40283203125
30772,6938.32666015625
30773,6267.11328125
30774,7195.7958984375
30775,5556.8330078125
30776,3702.545654296875
30777,8342.33984375
30778,3956.868408203125
30779,8815.6005859375
30780,5736.966796875
30781,3459.448974609375
30782,5610.1806640625
30783,5231.3427734375
30784,7080.27978515625
30785,6356.34375
30786,3567.77880859375
30787,3695.261962890625
30788,5866.32958984375
30789,6982.99951171875
30790,7948.3974609375
30791,4646.8017578125
30792,5045.5341796875
30793,4371.6669921875
30794,6415.90771484375
30795,4058.976318359375
30796,8412.7138671875
30797,7154.15869140625
30798,9488.6787109375
30799,4799.2666015625
30800,4567.423828125
30801,9149.283203125
30802,8415.578125
30803,3605.251953125
30804,8719.677734375
30805,4832.72021484375
30806,4844.24755859375
30807,5032.89306640625
30808,4416.03759765625
30809,4135.3291015625
30810,4782.6396484375
30811,3940.830322265625
30812,3825.873046875
30813,7097.88525390625
30814,6240.6982421875
30815,21386.52734375
30816,5355.26806640625
30817,3905.94482421875
30818,5992.373046875
30819,9593.845703125
30820,5379.41015625
30821,6234.27197265625
30822,5180.646484375
30823,7140.3857421875
30824,6049.57763671875
30825,3939.673095703125
30826,4434.6826171875
30827,5473.857421875
30828,7028.08544921875
30829,5622.9677734375
30830,8134.9140625
30831,4046.302978515625
30832,3840.109619140625
30833,5274.103515625
30834,8430.853515625
30835,9421.73046875
30836,8072.39111328125
30837,6814.27587890625
30838,3753.3955078125
30839,5099.19140625
30840,3634.51171875
30841,7232.951171875
30842,9084.3759765625
30843,7934.40869140625
30844,4761.01123046875
30845,4474.40625
30846,4038.5625
30847,5375.298828125
30848,8541.0849609375
30849,4925.74462890625
30850,3958.569091796875
30851,4894.8623046875
30852,6478.0244140625
30853,3364.33544921875
30854,6434.2587890625
30855,3919.130615234375
30856,6395.5927734375
30857,5782.03759765625
30858,4861.3916015625
30859,6347.4248046875
30860,5524.6865234375
30861,4669.41015625
30862,5918.66796875
30863,5676.140625
30864,8534.466796875
30865,5252.1162109375
30866,6984.97802734375
30867,7972.5478515625
30868,8266.9775390625
30869,5939.8671875
30870,6884.59130859375
30871,3490.1279296875
30872,4018.86572265625
30873,5139.2177734375
30874,5553.2177734375
30875,8032.357421875
30876,5768.44970703125
30877,4516.26171875
30878,5953.333984375
30879,6904.09423828125
30880,6838.85595703125
30881,3443.218505859375
30882,12130.33984375
30883,3840.24609375
30884,5553.5029296875
30885,7482.39013671875
30886,4007.333740234375
30887,4902.65869140625
30888,4854.087890625
30889,6209.29931640625
30890,5156.1962890625
30891,4498.75244140625
30892,6966.53125
30893,6379.2646484375
30894,4897.03125
30895,4485.61279296875
30896,6700.50830078125
30897,10661.0859375
30898,6296.814453125
30899,5068.67333984375
30900,5444.646484375
30901,5981.41064453125
30902,5092.09033203125
30903,6737.548828125
30904,3739.1162109375
30905,6342.8662109375
30906,5163.07177734375
30907,5809.33984375
30908,8512.5947265625
30909,4658.814453125
30910,3939.7509765625
30911,3877.23193359375
30912,7026.9482421875
30913,7166.23193359375
30914,4352.1708984375
30915,4497.93701171875
30916,6043.9541015625
30917,5003.72021484375
30918,4078.889892578125
30919,5094.6474609375
30920,5119.69287109375
30921,6094.45556640625
30922,4630.44677734375
30923,4550.4375
30924,5065.57421875
30925,7418.3564453125
30926,6662.45556640625
30927,6465.47900390625
30928,7309.37109375
30929,4529.22802734375
30930,7576.76953125
30931,4794.5927734375
30932,5205.8388671875
30933,7533.16943359375
30934,5392.60595703125
30935,8692.365234375
30936,7608.48388671875
30937,6191.98681640625
30938,4519.70166015625
30939,6789.67431640625
30940,5954.61083984375
30941,5194.2646484375
30942,3517.825927734375
30943,5167.798828125
30944,6809.732421875
30945,4678.533203125
30946,4166.55908203125
30947,6573.6611328125
30948,5597.44140625
30949,5442.85302734375
30950,5305.65283203125
30951,4538.35400390625
30952,6114.8505859375
30953,6703.7587890625
30954,5396.5849609375
30955,4242.0712890625
30956,4973.5927734375
30957,5678.4208984375
30958,2872.0439453125
30959,5344.66650390625
30960,4355.814453125
30961,7549.3330078125
30962,6336.54345703125
30963,5348.11279296875
30964,9419.5546875
30965,4600.9404296875
30966,4344.31298828125
30967,8982.8681640625
30968,5981.76220703125
30969,6898.9912109375
30970,6934.22314453125
30971,3588.098388671875
30972,5774.6962890625
30973,5433.5
30974,6438.6552734375
30975,9508.9775390625
30976,5455.45361328125
30977,2876.209716796875
30978,4438.2314453125
30979,6803.0537109375
30980,6676.87451171875
30981,5096.98046875
30982,5275.59033203125
30983,4530.5400390625
30984,4275.77490234375
30985,3433.3486328125
30986,4486.39697265625
30987,5469.66552734375
30988,6053.91650390625
30989,5249.7890625
30990,5701.306640625
30991,6933.29638671875
30992,7333.68994140625
30993,7117.1259765625
30994,3909.085693359375
30995,8110.7802734375
30996,8914.865234375
30997,3845.7685546875
30998,5994.21533203125
30999,4969.837890625
31000,6387.251953125
31001,3152.418701171875
31002,5927.15234375
31003,4456.1064453125
31004,8119.20703125
31005,6243.55029296875
31006,6973.65380859375
31007,7542.3115234375
31008,4741.67041015625
31009,6782.45458984375
31010,16292.328125
31011,7779.5205078125
31012,4960.3037109375
31013,2815.335693359375
31014,6616.50146484375
31015,6751.7734375
31016,4518.92919921875
31017,11666.3388671875
31018,17759.412109375
31019,3458.110107421875
31020,4835.00146484375
31021,7952.7890625
31022,4353.4501953125
31023,7490.703125
31024,4957.4462890625
31025,6738.9716796875
31026,5304.78662109375
31027,4942.978515625
31028,5389.64306640625
31029,6367.94775390625
31030,8202.619140625
31031,5605.3525390625
31032,5653.923828125
31033,5385.40869140625
31034,3792.357177734375
31035,4368.654296875
31036,7866.6669921875
31037,4400.560546875
31038,5231.72216796875
31039,6103.0625
31040,5024.09326171875
31041,5351.14697265625
31042,5821.82470703125
31043,6120.947265625
31044,7336.0009765625
31045,8273.916015625
31046,6492.1240234375
31047,4596.34716796875
31048,2905.625244140625
31049,5750.9228515625
31050,5119.2421875
31051,4894.951171875
31052,4453.86279296875
31053,6354.84033203125
31054,5262.603515625
31055,8406.3984375
31056,5574.49755859375
31057,4352.40283203125
31058,4160.35400390625
31059,4129.36669921875
31060,8040.42529296875
31061,4750.5771484375
31062,6092.455078125
31063,12871.654296875
31064,5472.904296875
31065,5147.37744140625
31066,4058.329833984375
31067,4618.4677734375
31068,5521.12841796875
31069,3321.659912109375
31070,4655.76220703125
31071,9104.265625
31072,4602.14501953125
31073,12022.8955078125
31074,10747.6318359375
31075,4307.66015625
31076,5536.595703125
31077,4854.89208984375
31078,5581.63916015625
31079,5122.64208984375
31080,8948.1044921875
31081,5261.20458984375
31082,7843.17724609375
31083,3974.82421875
31084,7058.38134765625
31085,5073.92822265625
31086,7809.7705078125
31087,5623.47314453125
31088,4827.5791015625
31089,5617.66162109375
31090,6067.89453125
31091,7088.291015625
31092,8423.4853515625
31093,5676.5673828125
31094,8419.833984375
31095,5995.5068359375
31096,8450.2138671875
31097,4670.3994140625
31098,4799.29931640625
31099,4807.16015625
31100,8017.68603515625
31101,5782.23779296875
31102,6227.19580078125
31103,5916.6376953125
31104,7730.0068359375
31105,4039.852294921875
31106,6574.541015625
31107,6096.02880859375
31108,3826.354248046875
31109,9456.1162109375
31110,14542.025390625
31111,6090.38330078125
31112,5151.36328125
31113,7697.85107421875
31114,8808.91796875
31115,9991.1298828125
31116,4297.8115234375
31117,6338.4267578125
31118,5415.82373046875
31119,7184.681640625
31120,3754.55419921875
31121,4641.76171875
31122,4683.70556640625
31123,4776.3603515625
31124,6732.794921875
31125,4484.94482421875
31126,3057.94921875
31127,6312.23681640625
31128,3193.622314453125
31129,3985.3662109375
31130,5033.7666015625
31131,6191.83544921875
31132,8030.7626953125
31133,7492.98388671875
31134,6861.70263671875
31135,5621.80712890625
31136,6013.81396484375
31137,7836.166015625
31138,5456.92138671875
31139,3715.777587890625
31140,4896.9296875
31141,8977.4833984375
31142,3855.10107421875
31143,6397.15283203125
31144,3259.251953125
31145,4502.4130859375
31146,5000.92431640625
31147,6400.53173828125
31148,4573.45947265625
31149,7851.0595703125
31150,8800.4140625
31151,10906.8056640625
31152,5204.087890625
31153,7578.15771484375
31154,3182.85546875
31155,4755.31396484375
31156,5321.93798828125
31157,3865.21044921875
31158,7113.05029296875
31159,3954.355224609375
31160,5498.90576171875
31161,7743.4365234375
31162,9679.111328125
31163,7410.03662109375
31164,4124.86181640625
31165,3997.4921875
31166,12489.96484375
31167,7539.16796875
31168,5264.21533203125
31169,4165.703125
31170,6161.84423828125
31171,7281.810546875
31172,4440.58740234375
31173,5500.69775390625
31174,6583.216796875
31175,6858.8115234375
31176,11850.814453125
31177,5858.67822265625
31178,10037.1240234375
31179,5965.8779296875
31180,4912.03955078125
31181,3017.281982421875
31182,5638.40869140625
31183,5204.09326171875
31184,4497.9794921875
31185,6793.50830078125
31186,4318.9599609375
31187,3356.40673828125
31188,5849.88232421875
31189,3920.646728515625
31190,6422.19970703125
31191,5860.32080078125
31192,5985.31787109375
31193,6832.873046875
31194,4238.36376953125
31195,8105.35107421875
31196,5060.88330078125
31197,5399.28125
31198,4772.89013671875
31199,4380.56103515625
31200,8977.28125
31201,5766.27490234375
31202,4014.275634765625
31203,6200.677734375
31204,6723.32958984375
31205,5633.92626953125
31206,4891.0771484375
31207,7761.90478515625
31208,5233.27001953125
31209,6200.5703125
31210,4639.33349609375
31211,7286.2236328125
31212,4534.3671875
31213,5296.84716796875
31214,4491.47265625
31215,4596.291015625
31216,4224.802734375
31217,4226.89599609375
31218,6627.6474609375
31219,8003.4482421875
31220,9335.0966796875
31221,8797.6396484375
31222,7068.8203125
31223,8358.826171875
31224,4409.60009765625
31225,10140.5341796875
31226,9346.3603515625
31227,6187.134765625
31228,7158.1923828125
31229,6709.2158203125
31230,4890.90087890625
31231,2951.772216796875
31232,7485.9736328125
31233,5873.1787109375
31234,5828.66015625
31235,5093.07763671875
31236,2155.68115234375
31237,9738.9306640625
31238,5095.62646484375
31239,6672.5390625
31240,4282.61279296875
31241,3999.04052734375
31242,5798.20166015625
31243,5307.4833984375
31244,6326.5126953125
31245,5655.95458984375
31246,4315.03271484375
31247,3800.606689453125
31248,3098.5595703125
31249,5451.75
31250,15666.0400390625
31251,3559.908203125
31252,5140.00439453125
31253,5901.69189453125
31254,4153.958984375
31255,3995.076904296875
31256,4398.17919921875
31257,3626.338134765625
31258,6633.603515625
31259,5238.74365234375
31260,2720.459716796875
31261,7598.2431640625
31262,3816.7890625
31263,3925.7041015625
31264,9355.3837890625
31265,6789.09521484375
31266,8703.3359375
31267,3988.652099609375
31268,5211.4267578125
31269,4401.396484375
31270,4543.21435546875
31271,14037.4814453125
31272,9291.431640625
31273,5481.22607421875
31274,4077.81640625
31275,4258.19970703125
31276,4670.80908203125
31277,4060.157470703125
31278,8383.3310546875
31279,5016.98876953125
31280,4175.7900390625
31281,6394.68310546875
31282,4087.37841796875
31283,5550.767578125
31284,6078.5791015625
31285,6105.89404296875
31286,5808.49365234375
31287,3902.591552734375
31288,5080.45166015625
31289,5353.26806640625
31290,7790.201171875
31291,6763.54833984375
31292,6169.5986328125
31293,3637.603515625
31294,6808.02001953125
31295,5176.90185546875
31296,3841.52294921875
31297,5322.28955078125
31298,6475.92138671875
31299,4867.56201171875
31300,5623.29248046875
31301,5366.2109375
31302,5909.07958984375
31303,4663.4775390625
31304,5935.775390625
31305,5981.13623046875
31306,4295.34716796875
31307,9066.4140625
31308,5596.51123046875
31309,4209.2685546875
31310,10318.4638671875
31311,4420.10693359375
31312,4323.99072265625
31313,5975.56982421875
31314,8039.5654296875
31315,9035.103515625
31316,4480.0341796875
31317,4709.732421875
31318,5193.69091796875
31319,6268.7060546875
31320,4589.3232421875
31321,6721.875
31322,2791.5390625
31323,4755.81201171875
31324,4973.08544921875
31325,4520.15185546875
31326,3860.327392578125
31327,6235.66259765625
31328,6031.9453125
31329,5058.630859375
31330,6523.083984375
31331,4935.68310546875
31332,7503.54638671875
31333,4478.21630859375
31334,5506.498046875
31335,5703.34716796875
31336,7227.73681640625
31337,6501.02587890625
31338,2611.837158203125
31339,8226.5283203125
31340,4976.11767578125
31341,6268.62060546875
31342,5016.857421875
31343,4082.765380859375
31344,7223.2509765625
31345,4163.123046875
31346,8314.0361328125
31347,5285.48486328125
31348,4994.96044921875
31349,6064.6767578125
31350,5463.39501953125
31351,4805.2392578125
31352,6442.14111328125
31353,4683.39013671875
31354,8257.158203125
31355,8676.8310546875
31356,6510.96142578125
31357,3867.68359375
31358,4525.41015625
31359,3173.013916015625
31360,3320.3896484375
31361,5763.908203125
31362,4505.17529296875
31363,7618.6953125
31364,3941.233642578125
31365,4205.13134765625
31366,4793.67236328125
31367,7315.46484375
31368,4679.6416015625
31369,4591.14794921875
31370,4351.6943359375
31371,6353.13720703125
31372,4340.669921875
31373,6461.3046875
31374,6514.57958984375
31375,7299.26611328125
31376,7287.02880859375
31377,6537.76318359375
31378,4965.705078125
31379,3753.834228515625
31380,4188.27197265625
31381,9252.03125
31382,6482.8310546875
31383,8795.8994140625
31384,14639.552734375
31385,3897.955810546875
31386,3539.12158203125
31387,5309.064453125
31388,7849.623046875
31389,8539.705078125
31390,6445.63720703125
31391,6770.61767578125
31392,7334.18310546875
31393,5704.84619140625
31394,5823.7255859375
31395,4420.1474609375
31396,3891.5810546875
31397,4503.35205078125
31398,4135.0224609375
31399,3787.774658203125
31400,6616.60107421875
31401,14255.7001953125
31402,5874.0302734375
31403,4501.19775390625
31404,5913.60302734375
31405,3894.9404296875
31406,5326.8916015625
31407,3659.81982421875
31408,7631.3486328125
31409,5808.3701171875
31410,5538.36767578125
31411,10467.2060546875
31412,11705.32421875
31413,5323.44189453125
31414,6253.18896484375
31415,3866.8779296875
31416,5064.99365234375
31417,5509.6328125
31418,7018.7314453125
31419,3579.3369140625
31420,3626.898193359375
31421,4075.410888671875
31422,5056.82421875
31423,4746.41455078125
31424,5939.14111328125
31425,3484.223388671875
31426,6273.99462890625
31427,7001.70654296875
31428,5290.0615234375
31429,4436.15625
31430,3206.927001953125
31431,6958.69189453125
31432,4501.0126953125
31433,8897.8115234375
31434,4389.17041015625
31435,4285.92724609375
31436,5216.68017578125
31437,4201.13037109375
31438,4360.05224609375
31439,5041.73828125
31440,6110.9130859375
31441,8256.2568359375
31442,7963.00341796875
31443,4953.673828125
31444,3440.080810546875
31445,5272.388671875
31446,4468.77392578125
31447,4568.53662109375
31448,4771.2021484375
31449,5021.35693359375
31450,9470.9873046875
31451,6164.9658203125
31452,5210.46484375
31453,6863.3115234375
31454,3222.23779296875
31455,7748.953125
31456,5119.72998046875
31457,11506.5341796875
31458,5607.00341796875
31459,4317.2509765625
31460,4618.6494140625
31461,3557.6484375
31462,6458.158203125
31463,18470.087890625
31464,3731.71240234375
31465,4207.88818359375
31466,6764.17333984375
31467,5794.59326171875
31468,5908.67529296875
31469,7442.23681640625
31470,4887.25390625
31471,4678.400390625
31472,3828.908447265625
31473,8929.4970703125
31474,5377.6708984375
31475,6094.9814453125
31476,7452.693359375
31477,4312.0263671875
31478,7038.19140625
31479,5247.212890625
31480,4082.925537109375
31481,7359.67822265625
31482,7168.87548828125
31483,4670.97265625
31484,6996.29833984375
31485,5222.11376953125
31486,4551.9541015625
31487,7639.7744140625
31488,5976.82373046875
31489,6478.1298828125
31490,3921.82666015625
31491,5099.669921875
31492,6959.79150390625
31493,2847.09130859375
31494,7343.9248046875
31495,4431.95947265625
31496,5458.16064453125
31497,4016.7724609375
31498,6026.13818359375
31499,5742.8515625
31500,5778.779296875
31501,5127.96728515625
31502,6591.09228515625
31503,4812.96240234375
31504,6226.04833984375
31505,6038.158203125
31506,7025.49951171875
31507,8647.7685546875
31508,7402.552734375
31509,3396.033203125
31510,4738.7333984375
31511,5760.35009765625
31512,3818.65771484375
31513,11026.7314453125
31514,4979.75830078125
31515,6300.5625
31516,9296.48046875
31517,6224.373046875
31518,3604.066650390625
31519,15257.361328125
31520,8940.7744140625
31521,5341.64013671875
31522,6696.119140625
31523,8633.0546875
31524,5407.44384765625
31525,5186.5361328125
31526,5931.6171875
31527,5075.83251953125
31528,3905.947998046875
31529,6475.3076171875
31530,4116.94287109375
31531,6559.42626953125
31532,5869.43798828125
31533,5515.12890625
31534,6004.1396484375
31535,5273.4755859375
31536,5304.26220703125
31537,5160.0625
31538,6477.09521484375
31539,5556.4169921875
31540,5308.00390625
31541,6127.53759765625
31542,5692.29150390625
31543,8157.5703125
31544,5028.4931640625
31545,3822.274169921875
31546,5319.61181640625
31547,6334.0771484375
31548,6211.978515625
31549,3877.65673828125
31550,4038.833740234375
31551,7559.2890625
31552,7496.09765625
31553,4839.33935546875
31554,6167.109375
31555,6340.3662109375
31556,5443.072265625
31557,4202.4306640625
31558,2309.390625
31559,6760.48974609375
31560,5730.3291015625
31561,5260.16064453125
31562,7607.580078125
31563,7687.1484375
31564,4712.81298828125
31565,6611.7421875
31566,4043.515380859375
31567,2073.265625
31568,6512.43701171875
31569,7924.38037109375
31570,6340.8740234375
31571,5935.69775390625
31572,3457.686767578125
31573,5372.42578125
31574,7084.5517578125
31575,5033.63232421875
31576,5496.9013671875
31577,4034.595947265625
31578,4122.091796875
31579,4561.24609375
31580,4484.392578125
31581,4952.6162109375
31582,4757.75146484375
31583,4483.60791015625
31584,3987.05615234375
31585,6189.912109375
31586,5546.5107421875
31587,3660.599365234375
31588,5625.20166015625
31589,6075.83447265625
31590,5245.0400390625
31591,4687.04638671875
31592,8175.15185546875
31593,7190.3154296875
31594,4754.2802734375
31595,3143.19189453125
31596,9470.2666015625
31597,5271.23779296875
31598,4500.00146484375
31599,6470.578125
31600,6734.59375
31601,5872.9658203125
31602,5102.77783203125
31603,6236.16455078125
31604,6981.3564453125
31605,10480.4189453125
31606,4288.11328125
31607,4027.08935546875
31608,4193.27294921875
31609,5617.7099609375
31610,5349.2451171875
31611,7218.6982421875
31612,6106.748046875
31613,5201.40576171875
31614,3066.97802734375
31615,5268.65087890625
31616,8879.1630859375
31617,3891.027587890625
31618,6217.77734375
31619,3702.428466796875
31620,5779.2294921875
31621,6886.751953125
31622,6073.6005859375
31623,6687.955078125
31624,5275.18408203125
31625,3762.5927734375
31626,6110.98291015625
31627,6003.80517578125
31628,7273.33740234375
31629,6011.3447265625
31630,6977.560546875
31631,5758.10302734375
31632,3786.802734375
31633,8548.5390625
31634,4029.7470703125
31635,8615.5341796875
31636,5388.91064453125
31637,3836.984375
31638,5877.85986328125
31639,4996.62158203125
31640,7153.1708984375
31641,6445.41796875
31642,3640.471923828125
31643,3611.587890625
31644,6160.42333984375
31645,6945.2216796875
31646,7812.76806640625
31647,4961.76953125
31648,5074.3369140625
31649,4565.62255859375
31650,6078.4755859375
31651,4103.3046875
31652,8601.1650390625
31653,7081.39599609375
31654,8740.521484375
31655,4721.42138671875
31656,4632.15625
31657,8888.6435546875
31658,8584.94140625
31659,3651.25390625
31660,8115.46484375
31661,4423.56201171875
31662,4841.513671875
31663,4862.435546875
31664,4684.26806640625
31665,3727.711181640625
31666,4669.3955078125
31667,4219.57373046875
31668,3778.24072265625
31669,7232.72265625
31670,5684.85595703125
31671,21721.8515625
31672,5331.71630859375
31673,3552.08251953125
31674,6131.802734375
31675,10457.80859375
31676,5441.59130859375
31677,6425.15625
31678,5335.4248046875
31679,6649.4677734375
31680,5844.0078125
31681,3968.560546875
31682,4400.89453125
31683,5278.4677734375
31684,7120.9541015625
31685,5555.87109375
31686,8143.6962890625
31687,3596.459716796875
31688,3928.071044921875
31689,4973.92822265625
31690,8408.5849609375
31691,9347.9765625
31692,7912.92578125
31693,6273.21240234375
31694,3602.873779296875
31695,5021.9580078125
31696,3286.167724609375
31697,7015.1806640625
31698,8152.9951171875
31699,7700.1171875
31700,4229.67578125
31701,4410.73388671875
31702,4709.310546875
31703,5209.564453125
31704,8043.09326171875
31705,5070.92529296875
31706,3730.53076171875
31707,3833.021484375
31708,6066.4794921875
31709,3269.52392578125
31710,6316.935546875
31711,3277.29150390625
31712,5733.53076171875
31713,5272.35595703125
31714,5096.1533203125
31715,6190.5185546875
31716,5587.6162109375
31717,4905.931640625
31718,5872.466796875
31719,5403.48388671875
31720,8445.642578125
31721,4940.26171875
31722,7602.576171875
31723,7409.79833984375
31724,8236.56640625
31725,5891.5634765625
31726,7228.11572265625
31727,3319.90185546875
31728,4255.1630859375
31729,5403.626953125
31730,5552.04638671875
31731,8292.0185546875
31732,6083.03857421875
31733,4568.099609375
31734,5817.5595703125
31735,6824.59716796875
31736,6976.38330078125
31737,3126.640380859375
31738,11622.85546875
31739,4047.012939453125
31740,5575.43115234375
31741,7682.3017578125
31742,3836.607421875
31743,4716.49365234375
31744,4927.12353515625
31745,6124.9716796875
31746,4368.54833984375
31747,4005.481201171875
31748,6877.89599609375
31749,6290.4658203125
31750,4733.498046875
31751,4516.57373046875
31752,6839.37890625
31753,10239.9228515625
31754,6388.76513671875
31755,5369.2060546875
31756,4997.732421875
31757,5680.16845703125
31758,4966.85302734375
31759,6394.65234375
31760,3624.02734375
31761,6129.84033203125
31762,5250.9248046875
31763,5576.52099609375
31764,8801.130859375
31765,4358.30810546875
31766,3724.150390625
31767,3430.81494140625
31768,6889.193359375
31769,7366.5908203125
31770,4225.8916015625
31771,4467.89501953125
31772,5722.41015625
31773,4692.08056640625
31774,4036.984130859375
31775,6327.16064453125
31776,5130.39306640625
31777,6274.99658203125
31778,4475.5322265625
31779,4226.2548828125
31780,5063.53466796875
31781,7437.51416015625
31782,6540.51171875
31783,6556.1943359375
31784,6502.94921875
31785,4447.66943359375
31786,6922.59521484375
31787,4424.357421875
31788,5045.99951171875
31789,7618.42431640625
31790,5241.62255859375
31791,8887.931640625
31792,6917.7421875
31793,5847.41162109375
31794,4550.06201171875
31795,6482.416015625
31796,5770.21533203125
31797,5112.791015625
31798,3486.154296875
31799,5039.55517578125
31800,6679.33544921875
31801,4759.05078125
31802,4199.60791015625
31803,6516.353515625
31804,5348.314453125
31805,5566.595703125
31806,5195.0947265625
31807,4392.96875
31808,6220.1328125
31809,6010.33447265625
31810,5320.8115234375
31811,4116.85888671875
31812,4876.91552734375
31813,5393.8642578125
31814,2830.6376953125
31815,6303.958984375
31816,4544.4619140625
31817,7195.70751953125
31818,6363.9326171875
31819,5187.0283203125
31820,9114.51171875
31821,4312.869140625
31822,4281.56591796875
31823,8490.232421875
31824,5391.6376953125
31825,6402.2490234375
31826,6682.29736328125
31827,4067.993408203125
31828,5553.373046875
31829,5250.6953125
31830,6966.57421875
31831,9330.4794921875
31832,5742.6181640625
31833,2870.4091796875
31834,3826.799560546875
31835,6641.796875
31836,6426.11669921875
31837,4788.9208984375
31838,5515.4375
31839,4496.81689453125
31840,4772.70751953125
31841,3106.39111328125
31842,4478.31396484375
31843,5317.38623046875
31844,5655.05810546875
31845,5584.51416015625
31846,5074.75732421875
31847,6853.587890625
31848,6796.18310546875
31849,6706.4921875
31850,3692.695556640625
31851,8235.6103515625
31852,7909.11474609375
31853,3932.387451171875
31854,6739.1572265625
31855,4217.830078125
31856,5697.94873046875
31857,2940.4443359375
31858,6645.4501953125
31859,3752.181640625
31860,7909.69091796875
31861,6137.11962890625
31862,6523.84130859375
31863,7839.49365234375
31864,4860.15869140625
31865,6942.64794921875
31866,17004.197265625
31867,8309.83203125
31868,5116.5888671875
31869,3108.086669921875
31870,6504.68017578125
31871,7402.67626953125
31872,4894.1318359375
31873,11651.8134765625
31874,17550.142578125
31875,3558.72607421875
31876,4965.06640625
31877,7977.75048828125
31878,4167.6650390625
31879,7066.259765625
31880,5036.55908203125
31881,6377.267578125
31882,5358.99560546875
31883,4891.349609375
31884,5491.0615234375
31885,6348.88330078125
31886,7921.33203125
31887,5718.6640625
31888,5127.93603515625
31889,5461.94970703125
31890,3677.26416015625
31891,4343.509765625
31892,7742.7783203125
31893,4425.009765625
31894,4739.31103515625
31895,6046.1455078125
31896,5532.1005859375
31897,5176.25927734375
31898,6176.96630859375
31899,5969.4208984375
31900,7546.83056640625
31901,8565.0224609375
31902,6934.5498046875
31903,4821.1357421875
31904,2736.43896484375
31905,5493.3955078125
31906,5143.9716796875
31907,4910.828125
31908,4639.27880859375
31909,7032.001953125
31910,5361.24658203125
31911,8216.107421875
31912,5874.68017578125
31913,4489.8642578125
31914,4289.04931640625
31915,4375.22900390625
31916,7663.8583984375
31917,4661.9931640625
31918,6038.470703125
31919,13511.75
31920,5193.27978515625
31921,5945.6923828125
31922,4201.32373046875
31923,4337.52783203125
31924,5573.2099609375
31925,3795.55615234375
31926,4952.0224609375
31927,9184.3369140625
31928,4465.48046875
31929,11605.234375
31930,10509.99609375
31931,4352.6630859375
31932,5352.09619140625
31933,5222.3583984375
31934,5654.28564453125
31935,4923.44482421875
31936,8983.1484375
31937,5293.90576171875
31938,8076.85400390625
31939,4579.61669921875
31940,6769.76806640625
31941,5010.16552734375
31942,7976.52294921875
31943,5289.70263671875
31944,4877.05908203125
31945,5780.57421875
31946,5886.11328125
31947,6832.638671875
31948,8801.4931640625
31949,5521.51025390625
31950,8082.36572265625
31951,5333.96435546875
31952,9199.888671875
31953,4942.17041015625
31954,4667.00830078125
31955,4519.1083984375
31956,7464.302734375
31957,5570.11181640625
31958,5925.447265625
31959,5800.892578125
31960,7815.25048828125
31961,4088.678466796875
31962,7344.99169921875
31963,6245.59326171875
31964,3314.12353515625
31965,8306.517578125
31966,15194.66796875
31967,5645.8291015625
31968,5548.1328125
31969,8259.4658203125
31970,8461.185546875
31971,10266.1826171875
31972,4534.31396484375
31973,5884.47998046875
31974,5052.84912109375
31975,7100.58837890625
31976,3634.49462890625
31977,4835.88720703125
31978,4548.58740234375
31979,4976.52197265625
31980,6694.578125
31981,4632.43017578125
31982,3276.33251953125
31983,5994.14794921875
31984,3380.748779296875
31985,3596.737548828125
31986,5426.974609375
31987,5128.6044921875
31988,7569.0615234375
31989,7980.07421875
31990,6994.7158203125
31991,5281.60595703125
31992,5640.20068359375
31993,7445.3564453125
31994,5520.82177734375
31995,3711.31689453125
31996,4390.85498046875
31997,8972.203125
31998,3852.078125
31999,5758.21630859375
32000,2807.137451171875
32001,4039.767333984375
32002,5451.8818359375
32003,6054.2783203125
32004,4672.96630859375
32005,7555.0791015625
32006,8246.3876953125
32007,10511.580078125
32008,5666.19873046875
32009,7395.44873046875
32010,2903.984375
32011,4655.8427734375
32012,4826.6015625
32013,3294.389404296875
32014,7000.50927734375
32015,4542.17529296875
32016,5670.71875
32017,7466.466796875
32018,9434.0166015625
32019,7220.59521484375
32020,4021.261474609375
32021,4035.894287109375
32022,12462.3994140625
32023,6986.63134765625
32024,5029.33740234375
32025,4466.373046875
32026,5910.69677734375
32027,7429.78466796875
32028,4239.54443359375
32029,5224.69140625
32030,6755.9619140625
32031,6300.4248046875
32032,12818.5244140625
32033,5626.517578125
32034,10061.1328125
32035,5696.7783203125
32036,4728.435546875
32037,2885.468017578125
32038,5444.14306640625
32039,5235.78173828125
32040,4527.04638671875
32041,6212.0244140625
32042,4712.4736328125
32043,3203.697998046875
32044,5754.11669921875
32045,4120.8955078125
32046,6340.1845703125
32047,6021.60888671875
32048,7203.603515625
32049,6868.90576171875
32050,4085.905517578125
32051,8250.7744140625
32052,4870.20263671875
32053,5173.85498046875
32054,5029.98291015625
32055,4062.484375
32056,8357.3544921875
32057,5903.00830078125
32058,4555.6171875
32059,5781.35986328125
32060,6678.71826171875
32061,5562.08837890625
32062,4844.533203125
32063,7498.50146484375
32064,5114.095703125
32065,6165.07666015625
32066,4454.001953125
32067,7112.2900390625
32068,5248.1552734375
32069,5849.15478515625
32070,4169.287109375
32071,4638.76513671875
32072,4453.138671875
32073,4088.281005859375
32074,6301.458984375
32075,8725.6640625
32076,9429.4404296875
32077,8900.423828125
32078,6901.7900390625
32079,8434.7607421875
32080,4597.75927734375
32081,9736.7802734375
32082,9745.9169921875
32083,5960.97802734375
32084,7262.75146484375
32085,7431.47900390625
32086,4808.919921875
32087,3207.045166015625
32088,7566.234375
32089,5926.205078125
32090,5601.82958984375
32091,5063.45166015625
32092,1922.411376953125
32093,9492.6982421875
32094,5295.48876953125
32095,6644.10009765625
32096,4307.33447265625
32097,3714.2890625
32098,6106.83837890625
32099,5627.68798828125
32100,5809.75732421875
32101,5367.7177734375
32102,4111.88916015625
32103,3196.032470703125
32104,3095.859130859375
32105,5796.08740234375
32106,15601.15234375
32107,3620.881591796875
32108,5042.74853515625
32109,5146.97216796875
32110,4109.423828125
32111,3831.3134765625
32112,4182.263671875
32113,3444.79541015625
32114,6510.7548828125
32115,5388.24072265625
32116,2774.9287109375
32117,7228.55224609375
32118,3816.87353515625
32119,4138.29345703125
32120,9336.36328125
32121,6716.10986328125
32122,8838.587890625
32123,3999.883544921875
32124,5743.45458984375
32125,4387.62841796875
32126,4319.7177734375
32127,13568.880859375
32128,9663.16015625
32129,5620.083984375
32130,4634.31396484375
32131,3943.016845703125
32132,4940.9755859375
32133,3664.900146484375
32134,9128.2353515625
32135,4599.22119140625
32136,3960.45947265625
32137,5906.32861328125
32138,3808.651611328125
32139,5676.54931640625
32140,6784.24267578125
32141,6160.60009765625
32142,6218.6162109375
32143,3769.65185546875
32144,5133.404296875
32145,5077.55322265625
32146,7806.53759765625
32147,7147.06298828125
32148,6196.19287109375
32149,3630.166748046875
32150,6465.12744140625
32151,4971.62939453125
32152,3795.349609375
32153,5607.935546875
32154,6313.1064453125
32155,4812.501953125
32156,5669.4638671875
32157,5423.51513671875
32158,5253.15283203125
32159,4716.59912109375
32160,5846.373046875
32161,6166.25634765625
32162,4062.526611328125
32163,9057.37109375
32164,5291.8046875
32165,3707.197998046875
32166,10092.5380859375
32167,4928.412109375
32168,4079.015625
32169,6516.474609375
32170,7580.1435546875
32171,9793.4189453125
32172,4596.48681640625
32173,4943.07861328125
32174,5182.5556640625
32175,6144.80615234375
32176,5144.95263671875
32177,6474.91943359375
32178,3001.6630859375
32179,4680.27294921875
32180,4943.91845703125
32181,4391.03466796875
32182,3763.38427734375
32183,5648.83642578125
32184,5900.80712890625
32185,5517.74560546875
32186,6839.9443359375
32187,4741.82373046875
32188,7195.5302734375
32189,3824.55419921875
32190,5883.9375
32191,6351.15234375
32192,7403.21337890625
32193,6144.701171875
32194,2632.6630859375
32195,7674.62548828125
32196,5730.4462890625
32197,6052.05029296875
32198,4582.89208984375
32199,4140.51806640625
32200,7226.23681640625
32201,3874.918212890625
32202,7534.751953125
32203,5545.08203125
32204,4857.25
32205,6119.99365234375
32206,5358.205078125
32207,4820.18310546875
32208,6831.07763671875
32209,4285.4697265625
32210,8880.54296875
32211,8146.404296875
32212,6973.7939453125
32213,3875.080810546875
32214,4091.358642578125
32215,3034.695556640625
32216,3441.19140625
32217,6326.65771484375
32218,4155.2734375
32219,7918.35595703125
32220,3825.87158203125
32221,4230.81201171875
32222,4712.0888671875
32223,6894.27099609375
32224,4803.8349609375
32225,4372.19580078125
32226,4799.28466796875
32227,6185.701171875
32228,4628.67822265625
32229,5908.5048828125
32230,6529.37939453125
32231,7398.28369140625
32232,7086.306640625
32233,6439.23291015625
32234,5048.3076171875
32235,3994.742431640625
32236,4307.1982421875
32237,9216.95703125
32238,6429.3466796875
32239,9668.97265625
32240,13274.2841796875
32241,3985.781494140625
32242,3654.904296875
32243,5147.57421875
32244,7554.59375
32245,8165.19384765625
32246,6146.28076171875
32247,7415.61572265625
32248,6696.6708984375
32249,5697.7158203125
32250,5714.5419921875
32251,4527.89111328125
32252,4043.69873046875
32253,4141.66845703125
32254,3680.249755859375
32255,3595.905517578125
32256,6739.228515625
32257,14625.501953125
32258,5992.947265625
32259,4892.365234375
32260,5469.4130859375
32261,3838.529052734375
32262,5703.72900390625
32263,4337.6611328125
32264,8062.93701171875
32265,6197.7021484375
32266,5794.541015625
32267,10262.1826171875
32268,11868.55078125
32269,4958.79150390625
32270,6203.890625
32271,3835.301025390625
32272,4982.376953125
32273,5609.92236328125
32274,7128.0478515625
32275,3338.986328125
32276,3753.595458984375
32277,4768.6494140625
32278,4714.43603515625
32279,5301.55126953125
32280,5680.19091796875
32281,3848.136962890625
32282,5984.62646484375
32283,6981.6923828125
32284,5506.677734375
32285,3944.2783203125
32286,3194.75048828125
32287,6882.7646484375
32288,4190.7666015625
32289,8360.83203125
32290,3648.892578125
32291,4368.43359375
32292,5254.078125
32293,5200.06689453125
32294,4373.30908203125
32295,5431.9794921875
32296,5574.51806640625
32297,8386.591796875
32298,7454.1201171875
32299,4731.40576171875
32300,4010.379150390625
32301,5418.35546875
32302,4784.0859375
32303,4362.853515625
32304,4790.3173828125
32305,5254.17431640625
32306,9330.029296875
32307,7058.34619140625
32308,5236.830078125
32309,6376.85888671875
32310,3947.76953125
32311,7862.8427734375
32312,4992.2568359375
32313,10802.0625
32314,5595.7255859375
32315,4493.04833984375
32316,4771.6650390625
32317,3423.8349609375
32318,6135.080078125
32319,17579.421875
32320,3718.861328125
32321,4469.39501953125
32322,7658.57568359375
32323,5708.197265625
32324,6701.19775390625
32325,7217.6005859375
32326,4728.1904296875
32327,4271.2646484375
32328,3859.55078125
32329,9196.1982421875
32330,5135.166015625
32331,6024.36328125
32332,7540.228515625
32333,4803.79736328125
32334,7631.5126953125
32335,5533.36962890625
32336,3984.96728515625
32337,7834.32275390625
32338,8371.978515625
32339,4563.8642578125
32340,6449.5693359375
32341,5377.48046875
32342,4719.27783203125
32343,7952.8330078125
32344,6031.23291015625
32345,6527.6005859375
32346,3711.53515625
32347,4987.154296875
32348,6797.62451171875
32349,3113.295654296875
32350,7579.98583984375
32351,4108.0361328125
32352,5438.076171875
32353,4016.3310546875
32354,5496.10302734375
32355,5315.8525390625
32356,6231.12548828125
32357,5358.8251953125
32358,6508.2392578125
32359,4994.66455078125
32360,6751.27197265625
32361,5636.044921875
32362,6560.361328125
32363,9339.162109375
32364,7565.416015625
32365,3610.627685546875
32366,5705.12353515625
32367,6029.234375
32368,4092.24609375
32369,10599.388671875
32370,4683.50927734375
32371,6377.978515625
32372,9927.3466796875
32373,6392.81201171875
32374,3135.6650390625
32375,15809.9990234375
32376,8732.3720703125
32377,5378.3837890625
32378,7211.6357421875
32379,9450.52734375
32380,4925.96435546875
32381,5420.85400390625
32382,5446.30859375
32383,4635.83349609375
32384,3987.166015625
32385,5686.47021484375
32386,3737.262451171875
32387,7182.900390625
32388,5551.32421875
32389,5449.9169921875
32390,5450.580078125
32391,5447.1259765625
32392,5847.93798828125
32393,5148.43798828125
32394,6399.912109375
32395,5681.48974609375
32396,5549.09765625
32397,5869.6962890625
32398,5636.11865234375
32399,8385.7724609375
32400,4522.36865234375
32401,4108.099609375
32402,5258.2734375
32403,6086.43310546875
32404,6198.6083984375
32405,4015.4638671875
32406,4090.7275390625
32407,6725.06787109375
32408,6689.8330078125
32409,4970.228515625
32410,6103.13525390625
32411,5898.9091796875
32412,5869.080078125
32413,3755.591796875
32414,2134.51171875
32415,6502.0439453125
32416,5777.86181640625
32417,5444.794921875
32418,7638.40625
32419,7236.9169921875
32420,4342.35986328125
32421,6767.77783203125
32422,3973.16259765625
32423,2007.650146484375
32424,6604.83935546875
32425,7657.6728515625
32426,6569.375
32427,5693.64306640625
32428,3588.755126953125
32429,5003.91162109375
32430,6559.04052734375
32431,5084.02587890625
32432,5276.17626953125
32433,3992.923583984375
32434,4504.43701171875
32435,4704.1162109375
32436,4280.75634765625
32437,4060.806884765625
32438,3997.78515625
32439,4278.33740234375
32440,4141.787109375
32441,6593.62109375
32442,5783.01611328125
32443,3887.46337890625
32444,5922.30029296875
32445,5674.72509765625
32446,5182.107421875
32447,5029.33203125
32448,6819.96484375
32449,6526.33984375
32450,4389.19677734375
32451,3269.3154296875
32452,9988.5400390625
32453,5375.8798828125
32454,4520.9462890625
32455,5916.74853515625
32456,6871.23779296875
32457,5570.63525390625
32458,4825.0576171875
32459,6282.751953125
32460,7547.419921875
32461,10541.103515625
32462,4260.76220703125
32463,3635.9375
32464,4274.25390625
32465,5019.70166015625
32466,4846.13671875
32467,7049.291015625
32468,6244.16650390625
32469,5506.330078125
32470,3247.33544921875
32471,4481.80224609375
32472,9636.0615234375
32473,3770.593505859375
32474,5971.53369140625
32475,4307.1435546875
32476,5930.44482421875
32477,6723.60986328125
32478,5910.9130859375
32479,6837.38720703125
32480,5244.6455078125
32481,3603.6396484375
32482,5946.91259765625
32483,6606.123046875
32484,7165.5888671875
32485,5895.85888671875
32486,6642.6337890625
32487,5207.1826171875
32488,3787.5908203125
32489,8934.3876953125
32490,3960.89453125
32491,8336.6728515625
32492,5463.408203125
32493,3595.60888671875
32494,6418.5048828125
32495,5318.046875
32496,6957.88330078125
32497,6085.53515625
32498,3508.092529296875
32499,3656.400390625
32500,5934.69482421875
32501,6380.4912109375
32502,7832.80859375
32503,5177.1533203125
32504,5220.0947265625
32505,4725.04248046875
32506,6038.92431640625
32507,4289.1103515625
32508,8574.927734375
32509,7397.18359375
32510,9669.3056640625
32511,4661.75537109375
32512,4758.6220703125
32513,8375.0947265625
32514,8490.8486328125
32515,4020.3583984375
32516,8320.89453125
32517,4538.35693359375
32518,5202.83251953125
32519,4444.576171875
32520,5030.6123046875
32521,4077.34130859375
32522,4697.86328125
32523,4437.0576171875
32524,3626.85107421875
32525,7089.74951171875
32526,5585.033203125
32527,21505.4609375
32528,5600.14208984375
32529,4221.5595703125
32530,5750.6689453125
32531,10498.8330078125
32532,5812.78271484375
32533,7225.43701171875
32534,5705.44287109375
32535,7278.35546875
32536,6372.62548828125
32537,4267.4794921875
32538,4835.05615234375
32539,5914.2958984375
32540,7851.822265625
32541,6073.029296875
32542,9104.8466796875
32543,4450.83642578125
32544,4018.393310546875
32545,5702.02783203125
32546,8938.740234375
32547,10860.83984375
32548,8296.904296875
32549,7259.1142578125
32550,3834.22509765625
32551,5602.1513671875
32552,4164.68359375
32553,7993.9443359375
32554,9724.9609375
32555,8939.697265625
32556,4744.603515625
32557,4987.56494140625
32558,4676.49853515625
32559,5911.439453125
32560,9113.65234375
32561,5746.7529296875
32562,4846.68505859375
32563,4916.47802734375
32564,7149.4189453125
32565,3725.82421875
32566,6581.61767578125
32567,4003.210693359375
32568,7185.796875
32569,6087.9208984375
32570,5794.08544921875
32571,6819.4423828125
32572,6456.41845703125
32573,6025.03564453125
32574,6564.44677734375
32575,5980.64111328125
32576,9210.0986328125
32577,5557.17041015625
32578,7790.1875
32579,8451.1318359375
32580,8799.12109375
32581,6886.10888671875
32582,7631.4052734375
32583,3437.99951171875
32584,4957.45458984375
32585,6351.4794921875
32586,6336.2431640625
32587,8952.4736328125
32588,6671.58056640625
32589,5320.662109375
32590,6900.49755859375
32591,7663.658203125
32592,7918.1416015625
32593,3707.641845703125
32594,12209.9580078125
32595,4244.99072265625
32596,6369.08935546875
32597,8172.50537109375
32598,4242.32861328125
32599,5316.75341796875
32600,5455.4638671875
32601,7108.2275390625
32602,5874.55078125
32603,5101.36767578125
32604,7785.03515625
32605,7299.28564453125
32606,5450.38232421875
32607,5176.46435546875
32608,7354.853515625
32609,11620.8583984375
32610,6969.8427734375
32611,6342.98779296875
32612,5868.04052734375
32613,6467.55859375
32614,5860.30517578125
32615,7222.9619140625
32616,4164.8671875
32617,7090.08251953125
32618,5920.6064453125
32619,6403.244140625
32620,10104.578125
32621,4206.41357421875
32622,4280.24609375
32623,3466.234130859375
32624,7772.83154296875
32625,7956.705078125
32626,4566.02099609375
32627,4839.68017578125
32628,6445.212890625
32629,5420.2177734375
32630,4634.29833984375
32631,7288.82373046875
32632,5919.1953125
32633,7047.58984375
32634,5225.595703125
32635,4866.47412109375
32636,5664.01513671875
32637,8694.171875
32638,7391.95458984375
32639,7383.04833984375
32640,7376.5380859375
32641,5113.00830078125
32642,8938.1748046875
32643,4917.86669921875
32644,5608.5849609375
32645,8986.9306640625
32646,6145.81884765625
32647,9065.517578125
32648,7593.56494140625
32649,6838.31005859375
32650,5077.45068359375
32651,7097.98095703125
32652,5900.181640625
32653,5641.59765625
32654,3816.556640625
32655,5832.59326171875
32656,7269.822265625
32657,5204.611328125
32658,4383.81396484375
32659,7365.22802734375
32660,6033.0810546875
32661,6065.7216796875
32662,5479.91015625
32663,5060.13427734375
32664,6788.50634765625
32665,6751.93505859375
32666,5864.04443359375
32667,4668.25146484375
32668,6128.04638671875
32669,6234.83544921875
32670,3472.23681640625
32671,6349.20068359375
32672,5548.61083984375
32673,7928.19189453125
32674,7147.6416015625
32675,5818.22314453125
32676,10141.076171875
32677,4962.16845703125
32678,5043.107421875
32679,9504.498046875
32680,6056.31982421875
32681,7694.2783203125
32682,7489.92919921875
32683,4865.1845703125
32684,6267.154296875
32685,6085.68310546875
32686,8170.68408203125
32687,10620.548828125
32688,6966.3173828125
32689,3307.97412109375
32690,4213.72998046875
32691,7053.3525390625
32692,7143.17724609375
32693,5273.369140625
32694,6183.62060546875
32695,5082.056640625
32696,5063.39990234375
32697,3662.760009765625
32698,4623.80908203125
32699,6364.38720703125
32700,6567.630859375
32701,6378.14892578125
32702,6032.2763671875
32703,7607.3984375
32704,7751.83935546875
32705,7638.5869140625
32706,4211.09912109375
32707,8991.7822265625
32708,8856.7099609375
32709,4665.08935546875
32710,7200.09814453125
32711,5044.2158203125
32712,6139.81787109375
32713,3711.43701171875
32714,6644.16650390625
32715,4344.4990234375
32716,9236.4033203125
32717,6597.24951171875
32718,7736.20458984375
32719,8663.6962890625
32720,5484.64501953125
32721,7886.69873046875
32722,17878.2421875
32723,9628.16796875
32724,5982.68212890625
32725,3269.1962890625
32726,6860.41845703125
32727,7496.2109375
32728,5098.47412109375
32729,11398.3642578125
32730,18161.0234375
32731,4517.99365234375
32732,5586.37109375
32733,9262.3427734375
32734,4763.0087890625
32735,7800.40380859375
32736,5381.736328125
32737,7313.3720703125
32738,5178.23876953125
32739,5550.07958984375
32740,5854.13232421875
32741,7158.17236328125
32742,9549.890625
32743,6415.96484375
32744,6020.52001953125
32745,6200.9912109375
32746,4186.77685546875
32747,4991.3857421875
32748,8148.36376953125
32749,4982.0107421875
32750,5689.81103515625
32751,6337.61474609375
32752,5937.4873046875
32753,5744.50390625
32754,6728.345703125
32755,6900.9384765625
32756,8806.1357421875
32757,11146.4814453125
32758,7513.08349609375
32759,5204.0986328125
32760,3216.637939453125
32761,5986.4091796875
32762,5835.74267578125
32763,5784.22216796875
32764,4981.04833984375
32765,7119.01953125
32766,5647.33642578125
32767,10068.2724609375
32768,6423.822265625
32769,5115.177734375
32770,4772.5986328125
32771,5174.9169921875
32772,8596.732421875
32773,5353.310546875
32774,6787.19287109375
32775,14868.75390625
32776,5816.22216796875
32777,6146.9462890625
32778,4718.37353515625
32779,4818.3115234375
32780,6228.11328125
32781,4158.642578125
32782,5526.60302734375
32783,9791.7685546875
32784,4859.22900390625
32785,11696.8642578125
32786,11482.267578125
32787,5014.1484375
32788,5786.43115234375
32789,5461.8564453125
32790,6276.14892578125
32791,5833.171875
32792,10566.580078125
32793,5878.59619140625
32794,8981.177734375
32795,4382.3154296875
32796,7287.8974609375
32797,6009.474609375
32798,8754.5166015625
32799,6108.11572265625
32800,5519.6337890625
32801,6161.8193359375
32802,5900.87451171875
32803,7801.8173828125
32804,9652.8984375
32805,6245.41259765625
32806,8615.318359375
32807,6748.13037109375
32808,10149.322265625
32809,4999.3984375
32810,4940.2763671875
32811,5035.52978515625
32812,7580.58447265625
32813,5864.40087890625
32814,7180.166015625
32815,6764.4443359375
32816,8773.25390625
32817,4977.91748046875
32818,7888.91162109375
32819,6618.88134765625
32820,4001.65966796875
32821,9061.9326171875
32822,16746.458984375
32823,6455.1875
32824,6349.4404296875
32825,9138.8876953125
32826,9115.8994140625
32827,10339.2275390625
32828,4900.9033203125
32829,6723.5634765625
32830,5730.53125
32831,8020.75732421875
32832,4253.32861328125
32833,5540.33642578125
32834,5483.013671875
32835,5643.9580078125
32836,7425.16796875
32837,4695.88232421875
32838,3655.1865234375
32839,6762.78515625
32840,4265.48291015625
32841,3970.193115234375
32842,5470.2060546875
32843,5447.791015625
32844,8590.2021484375
32845,8449.0732421875
32846,7255.0595703125
32847,6312.666015625
32848,6133.0087890625
32849,8277.349609375
32850,5994.05029296875
32851,4170.99951171875
32852,5475.88525390625
32853,10418.3818359375
32854,4377.4287109375
32855,6594.34423828125
32856,3552.7626953125
32857,4695.3916015625
32858,5652.15869140625
32859,6905.07958984375
32860,5471.06494140625
32861,8681.25
32862,9606.2431640625
32863,11509.75390625
32864,6029.9248046875
32865,9084.6611328125
32866,3142.320068359375
32867,4848.86669921875
32868,5734.46728515625
32869,3738.812255859375
32870,7826.82763671875
32871,4901.83984375
32872,6254.810546875
32873,8159.251953125
32874,10053.79296875
32875,7711.447265625
32876,4495.8271484375
32877,4652.5361328125
32878,14005.5478515625
32879,7873.21923828125
32880,5507.548828125
32881,5385.83203125
32882,6866.82080078125
32883,8733.0810546875
32884,4539.12060546875
32885,5950.55810546875
32886,7295.9404296875
32887,6938.56201171875
32888,13449.5322265625
32889,6522.8642578125
32890,11034.6181640625
32891,6444.33984375
32892,5675.36376953125
32893,3156.870849609375
32894,5892.36669921875
32895,5873.37646484375
32896,5409.32568359375
32897,6997.52294921875
32898,4947.7958984375
32899,3702.18310546875
32900,6254.1181640625
32901,4463.82861328125
32902,7238.888671875
32903,6782.478515625
32904,7830.43701171875
32905,7274.14501953125
32906,4792.0322265625
32907,8738.9853515625
32908,5718.71044921875
32909,5759.53271484375
32910,5790.0888671875
32911,4751.82568359375
32912,9460.09375
32913,6634.60986328125
32914,5151.0439453125
32915,6605.4423828125
32916,7824.6875
32917,6312.26806640625
32918,5350.515625
32919,8142.06201171875
32920,5534.68115234375
32921,6048.84228515625
32922,5233.21435546875
32923,7785.123046875
32924,5426.0537109375
32925,6327.60791015625
32926,4175.15380859375
32927,5639.56201171875
32928,4637.134765625
32929,4854.6796875
32930,7437.1513671875
32931,9989.2333984375
32932,10705.4365234375
32933,9930.83203125
32934,8066.7216796875
32935,9123.36328125
32936,5313.578125
32937,11058.38671875
32938,10896.6015625
32939,6845.6953125
32940,7620.50341796875
32941,7750.4228515625
32942,5518.8193359375
32943,3794.922607421875
32944,8838.2998046875
32945,6667.7841796875
32946,6509.30810546875
32947,5684.5595703125
32948,2271.027099609375
32949,10365.919921875
32950,5514.55908203125
32951,7166.0517578125
32952,4916.8212890625
32953,4756.640625
32954,6643.609375
32955,5878.884765625
32956,6908.2451171875
32957,5867.0771484375
32958,4926.31982421875
32959,3831.9267578125
32960,3493.00146484375
32961,6780.8837890625
32962,16119.798828125
32963,3955.725341796875
32964,5458.7529296875
32965,5653.4052734375
32966,4498.24951171875
32967,4504.51806640625
32968,5096.13525390625
32969,3860.281005859375
32970,7562.81396484375
32971,6020.7685546875
32972,3078.72705078125
32973,8507.267578125
32974,4051.9453125
32975,4903.06591796875
32976,11502.4599609375
32977,7631.185546875
32978,10120.9150390625
32979,4716.7734375
32980,5950.7626953125
32981,4671.47607421875
32982,5000.1513671875
32983,14225.5625
32984,11453.9482421875
32985,6586.80419921875
32986,5077.23388671875
32987,4818.3359375
32988,5544.15771484375
32989,4375.2275390625
32990,10695.7607421875
32991,5098.86474609375
32992,4730.14697265625
32993,6512.751953125
32994,4332.79638671875
32995,6133.15380859375
32996,6541.896484375
32997,7096.81787109375
32998,6768.76416015625
32999,4136.05859375
33000,5961.787109375
33001,5656.78369140625
33002,8652.5107421875
33003,7613.80712890625
33004,7095.94677734375
33005,3745.559814453125
33006,7543.833984375
33007,5555.98583984375
33008,4586.10693359375
33009,5655.158203125
33010,6992.40185546875
33011,5360.0673828125
33012,6258.822265625
33013,6085.72900390625
33014,6547.34228515625
33015,5338.64892578125
33016,6615.67919921875
33017,6987.79638671875
33018,5182.896484375
33019,9742.2724609375
33020,6277.4970703125
33021,4227.62548828125
33022,11005.998046875
33023,5399.3203125
33024,4114.18701171875
33025,7092.33984375
33026,8033.93408203125
33027,9608.5224609375
33028,5018.90087890625
33029,5533.79736328125
33030,5905.12158203125
33031,7067.69580078125
33032,5322.24560546875
33033,7374.96826171875
33034,3362.1513671875
33035,5285.314453125
33036,5582.4599609375
33037,4937.7470703125
33038,4804.4169921875
33039,6438.25390625
33040,6236.42041015625
33041,5353.15625
33042,7098.65283203125
33043,5614.66015625
33044,8582.96484375
33045,4793.36279296875
33046,6268.4130859375
33047,6482.583984375
33048,8391.490234375
33049,7001.275390625
33050,2895.755126953125
33051,7546.21630859375
33052,6675.02099609375
33053,6712.50390625
33054,5157.33056640625
33055,4608.4990234375
33056,8450.669921875
33057,4365.234375
33058,8622.7080078125
33059,6108.7080078125
33060,4946.900390625
33061,7011.02490234375
33062,5802.474609375
33063,5713.37353515625
33064,7569.8388671875
33065,4811.60302734375
33066,9748.1171875
33067,9304.3564453125
33068,7004.4033203125
33069,4125.54541015625
33070,4418.0
33071,4097.7177734375
33072,3398.29736328125
33073,7150.26416015625
33074,4559.9248046875
33075,8537.87109375
33076,3855.217041015625
33077,5128.513671875
33078,5603.10888671875
33079,7364.529296875
33080,5206.0966796875
33081,5036.88720703125
33082,4987.1181640625
33083,7063.3408203125
33084,5713.9111328125
33085,6797.54931640625
33086,7156.10302734375
33087,7902.74462890625
33088,7767.4599609375
33089,6827.931640625
33090,5486.38427734375
33091,4181.97705078125
33092,4732.68798828125
33093,9970.6083984375
33094,6320.41943359375
33095,11709.505859375
33096,14178.2138671875
33097,4616.77392578125
33098,3849.272216796875
33099,5701.90625
33100,8059.8916015625
33101,8721.1533203125
33102,6944.02783203125
33103,7598.955078125
33104,7699.96923828125
33105,6382.27197265625
33106,6158.09033203125
33107,4812.375
33108,4738.73681640625
33109,4188.33935546875
33110,3872.361572265625
33111,4229.9853515625
33112,7648.994140625
33113,15412.0107421875
33114,6627.56103515625
33115,5068.9404296875
33116,6354.40966796875
33117,4440.80859375
33118,6305.4541015625
33119,4470.71435546875
33120,9722.9990234375
33121,6582.21142578125
33122,6604.01025390625
33123,11626.4501953125
33124,11031.95703125
33125,5845.71533203125
33126,6929.22314453125
33127,4048.83642578125
33128,5743.6376953125
33129,6427.62353515625
33130,8114.41796875
33131,4002.346923828125
33132,4294.9853515625
33133,4958.9638671875
33134,5574.71142578125
33135,5313.732421875
33136,6874.83642578125
33137,4084.801513671875
33138,6813.90380859375
33139,7512.81005859375
33140,5781.97314453125
33141,4744.6845703125
33142,3617.905029296875
33143,7457.84765625
33144,5050.94384765625
33145,9159.0537109375
33146,4361.25048828125
33147,5647.63427734375
33148,6225.1376953125
33149,5661.90478515625
33150,5075.09716796875
33151,5738.4736328125
33152,6413.14208984375
33153,8991.78125
33154,8223.9345703125
33155,5351.7998046875
33156,4768.25341796875
33157,5663.43017578125
33158,4916.4697265625
33159,4688.07177734375
33160,5588.79638671875
33161,5502.10302734375
33162,9947.482421875
33163,7892.71142578125
33164,5284.34765625
33165,6914.6943359375
33166,4155.44287109375
33167,9034.6416015625
33168,5208.10888671875
33169,11311.5107421875
33170,6094.0556640625
33171,4832.380859375
33172,5099.3046875
33173,3444.0732421875
33174,7280.0498046875
33175,20520.16796875
33176,3876.265869140625
33177,4957.88916015625
33178,7953.34814453125
33179,6755.9384765625
33180,6878.79736328125
33181,8162.8671875
33182,5384.3193359375
33183,5349.7373046875
33184,4561.82568359375
33185,9723.2548828125
33186,5646.9580078125
33187,6798.447265625
33188,8670.7158203125
33189,5199.9814453125
33190,7924.2021484375
33191,5959.40771484375
33192,4369.35791015625
33193,8553.8173828125
33194,8846.8828125
33195,4840.50927734375
33196,7188.30029296875
33197,6217.84912109375
33198,5865.0615234375
33199,8791.6650390625
33200,6773.8115234375
33201,7421.63134765625
33202,4663.91650390625
33203,5778.60791015625
33204,6828.02783203125
33205,4130.67333984375
33206,8326.982421875
33207,4499.63427734375
33208,5733.55224609375
33209,4590.8720703125
33210,6549.6123046875
33211,5591.3310546875
33212,6475.00634765625
33213,6391.20751953125
33214,7713.24853515625
33215,5734.3662109375
33216,7698.89404296875
33217,5804.6943359375
33218,7369.65234375
33219,10223.107421875
33220,8271.072265625
33221,3793.55908203125
33222,5942.64990234375
33223,6898.837890625
33224,5284.8291015625
33225,12039.5234375
33226,5473.2763671875
33227,6970.1005859375
33228,10330.6103515625
33229,6382.78515625
33230,4039.69384765625
33231,19202.775390625
33232,9951.6357421875
33233,5884.9375
33234,7479.25341796875
33235,9620.9921875
33236,6186.14453125
33237,5427.44677734375
33238,6314.97119140625
33239,5314.091796875
33240,4646.1171875
33241,6538.7138671875
33242,3978.719482421875
33243,7075.9833984375
33244,6168.30712890625
33245,6255.85302734375
33246,6342.8037109375
33247,6166.470703125
33248,6344.09912109375
33249,5816.4033203125
33250,7103.8955078125
33251,6403.62548828125
33252,6081.134765625
33253,6030.18505859375
33254,5989.44091796875
33255,9160.2294921875
33256,5460.49560546875
33257,4530.23681640625
33258,6056.1435546875
33259,6643.12255859375
33260,6776.69580078125
33261,4236.9501953125
33262,4816.06396484375
33263,7196.21240234375
33264,6736.07275390625
33265,5644.5537109375
33266,6973.0654296875
33267,6308.12451171875
33268,5705.55078125
33269,4409.99462890625
33270,2655.155517578125
33271,7211.84375
33272,6113.837890625
33273,6001.9736328125
33274,8185.34228515625
33275,7592.13330078125
33276,4659.08447265625
33277,7649.68701171875
33278,4171.25732421875
33279,2308.7294921875
33280,7188.60791015625
33281,9335.4287109375
33282,6874.85791015625
33283,6349.0
33284,3862.023681640625
33285,5672.48974609375
33286,7098.36669921875
33287,5206.3876953125
33288,6157.791015625
33289,4539.45361328125
33290,4970.09326171875
33291,5126.1748046875
33292,5011.09619140625
33293,5197.0048828125
33294,4496.06884765625
33295,5092.71484375
33296,4286.32275390625
33297,7131.88037109375
33298,5842.38720703125
33299,4827.8779296875
33300,6262.185546875
33301,6426.31396484375
33302,5645.3046875
33303,5217.521484375
33304,8317.53125
33305,7595.93896484375
33306,5522.06201171875
33307,3928.01220703125
33308,10265.62890625
33309,5837.8701171875
33310,5081.21337890625
33311,6749.94091796875
33312,7383.7197265625
33313,6359.896484375
33314,5431.67529296875
33315,6950.46142578125
33316,7943.375
33317,11631.5693359375
33318,4568.30078125
33319,4505.859375
33320,4376.80517578125
33321,5710.7001953125
33322,5865.03076171875
33323,7834.50390625
33324,7049.5576171875
33325,5559.7890625
33326,3632.1181640625
33327,5866.7626953125
33328,10777.7392578125
33329,4237.765625
33330,6768.45556640625
33331,4427.90673828125
33332,6527.42041015625
33333,7762.15234375
33334,6743.33056640625
33335,7396.2529296875
33336,5992.89501953125
33337,4245.1162109375
33338,6551.916015625
33339,6630.23095703125
33340,7807.0927734375
33341,6701.1240234375
33342,7500.50146484375
33343,6289.99755859375
33344,4538.5615234375
33345,9701.4443359375
33346,4459.00439453125
33347,9125.513671875
33348,6145.24169921875
33349,4468.82275390625
33350,7018.54443359375
33351,5642.00146484375
33352,7797.75341796875
33353,6692.67236328125
33354,4247.67578125
33355,3844.11865234375
33356,6714.60400390625
33357,7769.04833984375
33358,8937.7314453125
33359,5718.7392578125
33360,5654.2158203125
33361,5060.74365234375
33362,6657.39208984375
33363,4661.5693359375
33364,9284.5146484375
33365,8593.548828125
33366,10087.794921875
33367,5721.36474609375
33368,5416.35107421875
33369,8312.0107421875
33370,10148.4091796875
33371,4263.92578125
33372,9466.6591796875
33373,5459.10888671875
33374,5548.24560546875
33375,5503.2666015625
33376,5699.96533203125
33377,4959.02880859375
33378,4679.8935546875
33379,5037.83740234375
33380,3963.950439453125
33381,7444.03466796875
33382,6438.1005859375
33383,24437.638671875
33384,6687.61328125
33385,0.0
33386,0.0
33387,0.0
33388,0.0
33389,0.0
33390,0.0
33391,0.0
33392,0.0
33393,0.0
33394,0.0
33395,0.0
33396,0.0
33397,0.0
33398,0.0
33399,0.0
33400,0.0
33401,0.0
33402,0.0
33403,0.0
33404,0.0
33405,0.0
33406,0.0
33407,0.0
33408,0.0
33409,0.0
33410,0.0
33411,0.0
33412,0.0
33413,0.0
33414,0.0
33415,0.0
33416,0.0
33417,0.0
33418,0.0
33419,0.0
33420,0.0
33421,0.0
33422,0.0
33423,0.0
33424,0.0
33425,0.0
33426,0.0
33427,0.0
33428,0.0
33429,0.0
33430,0.0
33431,0.0
33432,0.0
33433,0.0
33434,0.0
33435,0.0
33436,0.0
33437,0.0
33438,0.0
33439,0.0
33440,0.0
33441,0.0
33442,0.0
33443,0.0
33444,0.0
33445,0.0
33446,0.0
33447,0.0
33448,0.0
33449,0.0
33450,0.0
33451,0.0
33452,0.0
33453,0.0
33454,0.0
33455,0.0
33456,0.0
33457,0.0
33458,0.0
33459,0.0
33460,0.0
33461,0.0
33462,0.0
33463,0.0
33464,0.0
33465,0.0
33466,0.0
33467,0.0
33468,0.0
33469,0.0
33470,0.0
33471,0.0
33472,0.0
33473,0.0
33474,0.0
33475,0.0
33476,4947.193359375
33477,0.0
33478,0.0
33479,0.0
33480,0.0
33481,0.0
33482,0.0
33483,0.0
33484,0.0
33485,0.0
33486,0.0
33487,0.0
33488,0.0
33489,0.0
33490,0.0
33491,0.0
33492,0.0
33493,0.0
33494,0.0
33495,0.0
33496,0.0
33497,0.0
33498,0.0
33499,0.0
33500,0.0
33501,0.0
33502,0.0
33503,0.0
33504,0.0
33505,0.0
33506,0.0
33507,0.0
33508,0.0
33509,0.0
33510,0.0
33511,0.0
33512,0.0
33513,0.0
33514,0.0
33515,0.0
33516,0.0
33517,0.0
33518,0.0
33519,0.0
33520,0.0
33521,0.0
33522,0.0
33523,0.0
33524,0.0
33525,0.0
33526,0.0
33527,0.0
33528,0.0
33529,0.0
33530,0.0
33531,0.0
33532,0.0
33533,0.0
33534,0.0
33535,0.0
33536,0.0
33537,0.0
33538,0.0
33539,0.0
33540,0.0
33541,0.0
33542,0.0
33543,0.0
33544,3240.69189453125
33545,0.0
33546,0.0
33547,0.0
33548,0.0
33549,0.0
33550,0.0
33551,0.0
33552,0.0
33553,0.0
33554,0.0
33555,0.0
33556,0.0
33557,0.0
33558,0.0
33559,0.0
33560,0.0
33561,0.0
33562,0.0
33563,0.0
33564,0.0
33565,0.0
33566,0.0
33567,0.0
33568,0.0
33569,0.0
33570,0.0
33571,0.0
33572,0.0
33573,0.0
33574,0.0
33575,0.0
33576,0.0
33577,0.0
33578,0.0
33579,0.0
33580,0.0
33581,0.0
33582,0.0
33583,0.0
33584,0.0
33585,15535.873046875
33586,29350.84765625
33587,0.0
33588,0.0
33589,0.0
33590,0.0
33591,0.0
33592,0.0
33593,0.0
33594,7139.28125
33595,0.0
33596,0.0
33597,0.0
33598,0.0
33599,0.0
33600,0.0
33601,0.0
33602,0.0
33603,0.0
33604,0.0
33605,0.0
33606,0.0
33607,0.0
33608,0.0
33609,0.0
33610,0.0
33611,0.0
33612,0.0
33613,5305.1513671875
33614,0.0
33615,0.0
33616,0.0
33617,0.0
33618,0.0
33619,0.0
33620,0.0
33621,0.0
33622,0.0
33623,3883.679443359375
33624,0.0
33625,0.0
33626,0.0
33627,0.0
33628,0.0
33629,0.0
33630,0.0
33631,0.0
33632,0.0
33633,0.0
33634,0.0
33635,0.0
33636,0.0
33637,0.0
33638,0.0
33639,0.0
33640,0.0
33641,8153.01025390625
33642,0.0
33643,0.0
33644,0.0
33645,0.0
33646,0.0
33647,0.0
33648,0.0
33649,0.0
33650,0.0
33651,0.0
33652,0.0
33653,0.0
33654,0.0
33655,0.0
33656,0.0
33657,0.0
33658,8679.2724609375
33659,0.0
33660,0.0
33661,0.0
33662,0.0
33663,0.0
33664,0.0
33665,0.0
33666,0.0
33667,0.0
33668,0.0
33669,0.0
33670,0.0
33671,0.0
33672,0.0
33673,0.0
33674,0.0
33675,0.0
33676,0.0
33677,0.0
33678,0.0
33679,0.0
33680,0.0
33681,0.0
33682,0.0
33683,0.0
33684,0.0
33685,0.0
33686,0.0
33687,0.0
33688,0.0
33689,0.0
33690,0.0
33691,0.0
33692,0.0
33693,0.0
33694,0.0
33695,0.0
33696,0.0
33697,0.0
33698,0.0
33699,0.0
33700,0.0
33701,0.0
33702,0.0
33703,0.0
33704,0.0
33705,0.0
33706,0.0
33707,0.0
33708,0.0
33709,0.0
33710,0.0
33711,0.0
33712,0.0
33713,0.0
33714,0.0
33715,0.0
33716,0.0
33717,0.0
33718,0.0
33719,0.0
33720,1904.3438720703125
33721,0.0
33722,0.0
33723,0.0
33724,0.0
33725,0.0
33726,0.0
33727,0.0
33728,0.0
33729,0.0
33730,0.0
33731,0.0
33732,0.0
33733,0.0
33734,7687.82275390625
33735,0.0
33736,0.0
33737,0.0
33738,0.0
33739,0.0
33740,0.0
33741,0.0
33742,0.0
33743,0.0
33744,0.0
33745,0.0
33746,0.0
33747,0.0
33748,0.0
33749,0.0
33750,0.0
33751,0.0
33752,0.0
33753,0.0
33754,0.0
33755,0.0
33756,0.0
33757,0.0
33758,0.0
33759,0.0
33760,0.0
33761,0.0
33762,0.0
33763,0.0
33764,0.0
33765,0.0
33766,0.0
33767,0.0
33768,0.0
33769,0.0
33770,0.0
33771,0.0
33772,0.0
33773,0.0
33774,0.0
33775,0.0
33776,0.0
33777,8071.90966796875
33778,0.0
33779,0.0
33780,0.0
33781,0.0
33782,0.0
33783,0.0
33784,0.0
33785,0.0
33786,0.0
33787,2840.835693359375
33788,0.0
33789,0.0
33790,0.0
33791,7217.669921875
33792,0.0
33793,0.0
33794,0.0
33795,0.0
33796,0.0
33797,0.0
33798,0.0
33799,0.0
33800,0.0
33801,0.0
33802,0.0
33803,0.0
33804,0.0
33805,0.0
33806,0.0
33807,0.0
33808,0.0
33809,0.0
33810,0.0
33811,0.0
33812,0.0
33813,0.0
33814,0.0
33815,0.0
33816,0.0
33817,0.0
33818,18980.107421875
33819,0.0
33820,0.0
33821,0.0
33822,0.0
33823,0.0
33824,0.0
33825,0.0
33826,0.0
33827,0.0
33828,0.0
33829,0.0
33830,0.0
33831,0.0
33832,6467.52392578125
33833,0.0
33834,0.0
33835,0.0
33836,0.0
33837,0.0
33838,0.0
33839,0.0
33840,0.0
33841,0.0
33842,0.0
33843,0.0
33844,0.0
33845,0.0
33846,0.0
33847,0.0
33848,0.0
33849,0.0
33850,0.0
33851,0.0
33852,0.0
33853,0.0
33854,0.0
33855,0.0
33856,0.0
33857,0.0
33858,0.0
33859,0.0
33860,0.0
33861,0.0
33862,0.0
33863,0.0
33864,0.0
33865,0.0
33866,0.0
33867,0.0
33868,0.0
33869,0.0
33870,0.0
33871,0.0
33872,0.0
33873,0.0
33874,0.0
33875,0.0
33876,0.0
33877,0.0
33878,0.0
33879,0.0
33880,0.0
33881,0.0
33882,0.0
33883,0.0
33884,0.0
33885,0.0
33886,0.0
33887,0.0
33888,0.0
33889,0.0
33890,0.0
33891,0.0
33892,0.0
33893,0.0
33894,0.0
33895,0.0
33896,0.0
33897,0.0
33898,0.0
33899,0.0
33900,0.0
33901,0.0
33902,0.0
33903,0.0
33904,0.0
33905,0.0
33906,0.0
33907,12346.9091796875
33908,0.0
33909,0.0
33910,0.0
33911,0.0
33912,0.0
33913,0.0
33914,0.0
33915,0.0
33916,0.0
33917,0.0
33918,0.0
33919,0.0
33920,0.0
33921,0.0
33922,0.0
33923,0.0
33924,0.0
33925,0.0
33926,0.0
33927,0.0
33928,0.0
33929,0.0
33930,0.0
33931,0.0
33932,0.0
33933,0.0
33934,0.0
33935,0.0
33936,0.0
33937,0.0
33938,0.0
33939,0.0
33940,0.0
33941,0.0
33942,0.0
33943,0.0
33944,0.0
33945,0.0
33946,0.0
33947,0.0
33948,0.0
33949,0.0
33950,0.0
33951,6347.30224609375
33952,15668.7177734375
33953,0.0
33954,0.0
33955,0.0
33956,0.0
33957,0.0
33958,0.0
33959,0.0
33960,0.0
33961,0.0
33962,0.0
33963,0.0
33964,0.0
33965,0.0
33966,0.0
33967,0.0
33968,0.0
33969,0.0
33970,0.0
33971,0.0
33972,0.0
33973,0.0
33974,0.0
33975,0.0
33976,0.0
33977,0.0
33978,0.0
33979,0.0
33980,11427.48046875
33981,0.0
33982,0.0
33983,0.0
33984,0.0
33985,0.0
33986,0.0
33987,0.0
33988,0.0
33989,0.0
33990,0.0
33991,0.0
33992,0.0
33993,0.0
33994,0.0
33995,0.0
33996,0.0
33997,0.0
33998,0.0
33999,0.0
34000,0.0
34001,0.0
34002,0.0
34003,0.0
34004,0.0
34005,0.0
34006,0.0
34007,0.0
34008,0.0
34009,0.0
34010,0.0
34011,0.0
34012,0.0
34013,0.0
34014,0.0
34015,0.0
34016,0.0
34017,0.0
34018,0.0
34019,0.0
34020,0.0
34021,0.0
34022,0.0
34023,0.0
34024,0.0
34025,0.0
34026,0.0
34027,0.0
34028,0.0
34029,0.0
34030,0.0
34031,0.0
34032,0.0
34033,0.0
34034,0.0
34035,0.0
34036,0.0
34037,0.0
34038,0.0
34039,0.0
34040,0.0
34041,0.0
34042,0.0
34043,0.0
34044,0.0
34045,0.0
34046,0.0
34047,0.0
34048,0.0
34049,0.0
34050,3328.21435546875
34051,0.0
34052,0.0
34053,0.0
34054,2289.687744140625
34055,0.0
34056,0.0
34057,0.0
34058,0.0
34059,0.0
34060,0.0
34061,0.0
34062,0.0
34063,0.0
34064,0.0
34065,0.0
34066,0.0
34067,0.0
34068,0.0
34069,0.0
34070,0.0
34071,0.0
34072,0.0
34073,0.0
34074,0.0
34075,0.0
34076,0.0
34077,0.0
34078,0.0
34079,0.0
34080,0.0
34081,0.0
34082,0.0
34083,0.0
34084,0.0
34085,0.0
34086,0.0
34087,0.0
34088,0.0
34089,0.0
34090,0.0
34091,0.0
34092,0.0
34093,0.0
34094,0.0
34095,0.0
34096,0.0
34097,0.0
34098,0.0
34099,0.0
34100,0.0
34101,0.0
34102,0.0
34103,0.0
34104,0.0
34105,3750.672119140625
34106,0.0
34107,0.0
34108,0.0
34109,0.0
34110,0.0
34111,0.0
34112,0.0
34113,0.0
34114,0.0
34115,0.0
34116,0.0
34117,0.0
34118,0.0
34119,0.0
34120,11061.150390625
34121,0.0
34122,0.0
34123,0.0
34124,0.0
34125,0.0
34126,0.0
34127,0.0
34128,0.0
34129,0.0
34130,0.0
34131,0.0
34132,0.0
34133,0.0
34134,0.0
34135,0.0
34136,0.0
34137,0.0
34138,0.0
34139,0.0
34140,0.0
34141,0.0
34142,0.0
34143,0.0
34144,0.0
34145,0.0
34146,0.0
34147,0.0
34148,0.0
34149,0.0
34150,0.0
34151,0.0
34152,0.0
34153,0.0
34154,0.0
34155,0.0
34156,0.0
34157,0.0
34158,0.0
34159,0.0
34160,0.0
34161,0.0
34162,0.0
34163,0.0
34164,0.0
34165,0.0
34166,0.0
34167,0.0
34168,0.0
34169,0.0
34170,0.0
34171,0.0
34172,0.0
34173,0.0
34174,0.0
34175,0.0
34176,0.0
34177,0.0
34178,0.0
34179,0.0
34180,0.0
34181,0.0
34182,0.0
34183,0.0
34184,4863.09375
34185,0.0
34186,0.0
34187,0.0
34188,0.0
34189,0.0
34190,0.0
34191,0.0
34192,0.0
34193,0.0
34194,0.0
34195,0.0
34196,0.0
34197,0.0
34198,0.0
34199,0.0
34200,0.0
34201,0.0
34202,0.0
34203,0.0
34204,0.0
34205,0.0
34206,0.0
34207,0.0
34208,0.0
34209,0.0
34210,0.0
34211,0.0
34212,0.0
34213,0.0
34214,0.0
34215,0.0
34216,0.0
34217,0.0
34218,0.0
34219,0.0
34220,0.0
34221,0.0
34222,0.0
34223,0.0
34224,0.0
34225,12673.978515625
34226,5611.359375
34227,0.0
34228,0.0
34229,0.0
34230,0.0
34231,0.0
34232,0.0
34233,0.0
34234,0.0
34235,0.0
34236,0.0
34237,0.0
34238,0.0
34239,0.0
34240,0.0
34241,3912.242431640625
34242,3825.092529296875
34243,7326.453125
34244,3784.815673828125
34245,6099.310546875
34246,4778.63818359375
34247,5363.787109375
34248,6295.85791015625
34249,0.0
34250,3215.309326171875
34251,5526.53564453125
34252,5588.7646484375
34253,3951.4013671875
34254,6876.611328125
34255,5827.408203125
34256,3342.92578125
34257,4782.40234375
34258,7140.2734375
34259,7862.89697265625
34260,6147.39306640625
34261,7203.49951171875
34262,3733.84033203125
34263,5677.90771484375
34264,0.0
34265,7754.60693359375
34266,7332.2978515625
34267,8215.9189453125
34268,5699.6162109375
34269,3608.534912109375
34270,4926.1875
34271,5940.83203125
34272,7537.45947265625
34273,3596.6220703125
34274,5568.3740234375
34275,5596.2255859375
34276,5400.6162109375
34277,2484.871337890625
34278,7813.17041015625
34279,4224.90771484375
34280,7853.46044921875
34281,6093.6787109375
34282,4078.72412109375
34283,7678.943359375
34284,6048.5087890625
34285,4463.85498046875
34286,3956.415283203125
34287,7502.208984375
34288,10644.416015625
34289,6071.4189453125
34290,5375.32470703125
34291,8563.3251953125
34292,7718.4033203125
34293,5823.17138671875
34294,6480.73486328125
34295,2414.035400390625
34296,2644.78076171875
34297,4719.43896484375
34298,6429.92529296875
34299,8442.2705078125
34300,6815.13671875
34301,4296.4658203125
34302,8203.1181640625
34303,8233.4619140625
34304,5753.68603515625
34305,3109.1884765625
34306,10110.171875
34307,3026.83740234375
34308,4816.76953125
34309,7399.5498046875
34310,3922.419677734375
34311,5363.4638671875
34312,2858.695068359375
34313,5932.58154296875
34314,5281.0458984375
34315,5583.69970703125
34316,8124.755859375
34317,6972.6533203125
34318,5006.88427734375
34319,3365.75439453125
34320,8040.23486328125
34321,12801.4169921875
34322,6484.53955078125
34323,3735.883056640625
34324,6650.45751953125
34325,6408.39501953125
34326,6305.283203125
34327,8591.3359375
34328,2586.76611328125
34329,7417.32421875
34330,4638.19970703125
34331,5545.099609375
34332,7591.39892578125
34333,2810.83740234375
34334,4106.28466796875
34335,4695.337890625
34336,7464.3056640625
34337,6875.4267578125
34338,3993.168212890625
34339,4890.27197265625
34340,7397.28076171875
34341,6356.01953125
34342,4594.923828125
34343,5149.4482421875
34344,4362.08544921875
34345,5715.037109375
34346,4805.09375
34347,3961.626220703125
34348,5335.58154296875
34349,6252.06640625
34350,0.0
34351,7139.20703125
34352,8083.3896484375
34353,4105.20361328125
34354,7950.2138671875
34355,3222.439208984375
34356,3757.455810546875
34357,8242.44140625
34358,6915.24560546875
34359,6539.6474609375
34360,10255.7216796875
34361,6796.14111328125
34362,4891.6533203125
34363,6390.09716796875
34364,7904.65869140625
34365,4507.3505859375
34366,2623.852294921875
34367,5623.9423828125
34368,5383.68701171875
34369,4806.171875
34370,3310.331298828125
34371,5545.71044921875
34372,6200.1240234375
34373,6043.20263671875
34374,6058.70263671875
34375,3208.14794921875
34376,5780.70361328125
34377,6788.83544921875
34378,3799.36767578125
34379,4924.92578125
34380,3802.93359375
34381,5269.3759765625
34382,2881.541015625
34383,4591.38134765625
34384,5401.068359375
34385,7441.70703125
34386,6634.427734375
34387,6285.22265625
34388,12147.578125
34389,4306.279296875
34390,5123.95849609375
34391,9411.5234375
34392,5426.44873046875
34393,7811.63037109375
34394,6451.57568359375
34395,5353.97900390625
34396,6556.08349609375
34397,5225.24560546875
34398,4652.095703125
34399,8472.4033203125
34400,4770.7998046875
34401,2994.3662109375
34402,3473.593505859375
34403,7201.25
34404,7908.18017578125
34405,0.0
34406,5734.02978515625
34407,4698.43017578125
34408,1977.828857421875
34409,2168.470458984375
34410,3520.489990234375
34411,6300.466796875
34412,7020.18701171875
34413,4732.11572265625
34414,4626.0849609375
34415,8393.59375
34416,7722.31298828125
34417,7637.9287109375
34418,4957.6298828125
34419,8625.400390625
34420,9529.4931640625
34421,3740.454833984375
34422,5300.36474609375
34423,5394.97705078125
34424,6520.96630859375
34425,3066.947998046875
34426,5362.36376953125
34427,4210.2763671875
34428,8331.8955078125
34429,5606.0068359375
34430,8067.181640625
34431,6570.623046875
34432,5243.58642578125
34433,8187.31884765625
34434,16674.935546875
34435,8676.966796875
34436,4729.41357421875
34437,3559.842041015625
34438,6302.86181640625
34439,6491.32177734375
34440,4882.82421875
34441,8842.78125
34442,17912.263671875
34443,4893.4853515625
34444,3397.755126953125
34445,10715.62109375
34446,3788.049560546875
34447,4606.28515625
34448,3398.8330078125
34449,6339.576171875
34450,4672.548828125
34451,5774.99169921875
34452,5160.21875
34453,5296.06591796875
34454,9402.2021484375
34455,6084.97265625
34456,6075.3134765625
34457,6613.1201171875
34458,4945.03125
34459,6264.59423828125
34460,9585.0576171875
34461,5084.6611328125
34462,5858.2392578125
34463,4547.24267578125
34464,3692.66845703125
34465,5494.21484375
34466,4799.8515625
34467,5581.65966796875
34468,8130.4150390625
34469,10095.5361328125
34470,8009.595703125
34471,4340.86669921875
34472,3577.07958984375
34473,4910.0048828125
34474,4647.451171875
34475,6075.13525390625
34476,3996.1064453125
34477,6001.02783203125
34478,5158.7607421875
34479,8048.7373046875
34480,5326.8447265625
34481,4442.0546875
34482,3406.90869140625
34483,2881.837158203125
34484,8523.9619140625
34485,5958.64013671875
34486,4767.24267578125
34487,11345.21484375
34488,6460.98486328125
34489,3939.62939453125
34490,5582.8681640625
34491,3243.679931640625
34492,4129.7451171875
34493,3725.03955078125
34494,4116.7900390625
34495,8146.7353515625
34496,4470.3623046875
34497,8381.6572265625
34498,10116.6572265625
34499,5606.734375
34500,5189.296875
34501,4512.88671875
34502,5252.669921875
34503,4796.642578125
34504,9856.1552734375
34505,5836.62744140625
34506,6952.1064453125
34507,3297.3232421875
34508,5971.8173828125
34509,5663.345703125
34510,7800.193359375
34511,6790.9365234375
34512,5488.56201171875
34513,6339.443359375
34514,4845.25146484375
34515,8215.068359375
34516,7070.92529296875
34517,6546.81640625
34518,8841.1171875
34519,7000.953125
34520,7796.4580078125
34521,3236.45263671875
34522,0.0
34523,5278.72802734375
34524,8696.93359375
34525,7028.4384765625
34526,6803.03125
34527,6311.88720703125
34528,7490.16796875
34529,4893.2900390625
34530,7225.38720703125
34531,6297.212890625
34532,3104.625732421875
34533,7477.42919921875
34534,16270.6455078125
34535,7316.0263671875
34536,6195.0087890625
34537,6991.015625
34538,8010.6484375
34539,7617.76220703125
34540,3084.49462890625
34541,4188.45703125
34542,5448.6572265625
34543,8523.552734375
34544,2763.80810546875
34545,3735.60107421875
34546,5016.5146484375
34547,5127.1201171875
34548,4947.65185546875
34549,3072.711181640625
34550,2990.8798828125
34551,7461.58544921875
34552,4069.243896484375
34553,4585.8466796875
34554,5305.470703125
34555,5136.11865234375
34556,9266.76171875
34557,11231.53125
34558,4975.8681640625
34559,7090.76953125
34560,6265.77294921875
34561,7838.33935546875
34562,4190.59912109375
34563,2948.802001953125
34564,5314.904296875
34565,12403.623046875
34566,4215.8251953125
34567,6933.9169921875
34568,2071.723876953125
34569,3745.312744140625
34570,6468.244140625
34571,6512.5595703125
34572,5173.50390625
34573,9262.095703125
34574,9027.607421875
34575,7496.5244140625
34576,4272.36279296875
34577,9333.2216796875
34578,2124.03515625
34579,3065.23486328125
34580,6320.02734375
34581,4592.16162109375
34582,10257.271484375
34583,2425.01513671875
34584,5770.2587890625
34585,5646.53515625
34586,8442.435546875
34587,9040.6728515625
34588,4420.50830078125
34589,3231.301513671875
34590,10339.65234375
34591,9947.984375
34592,4243.15673828125
34593,5212.28759765625
34594,8955.7880859375
34595,5619.87646484375
34596,4745.32763671875
34597,3944.73583984375
34598,7379.095703125
34599,3861.802734375
34600,11400.44140625
34601,8657.134765625
34602,11463.833984375
34603,6290.453125
34604,5214.705078125
34605,1925.435546875
34606,5965.24267578125
34607,5700.6650390625
34608,4746.91162109375
34609,8227.361328125
34610,5614.7265625
34611,2417.290771484375
34612,6438.72607421875
34613,3888.343017578125
34614,8254.2666015625
34615,6792.58642578125
34616,6556.30859375
34617,7839.8486328125
34618,4305.5908203125
34619,7301.1220703125
34620,6296.85546875
34621,5929.59033203125
34622,6829.255859375
34623,3536.524658203125
34624,9001.0732421875
34625,5258.4580078125
34626,3492.384765625
34627,5037.4716796875
34628,7571.48388671875
34629,5708.8564453125
34630,3864.396728515625
34631,5158.20263671875
34632,5551.3154296875
34633,5213.35302734375
34634,4975.98486328125
34635,8947.2734375
34636,3992.277587890625
34637,3746.669677734375
34638,5604.61865234375
34639,5677.9541015625
34640,3267.010986328125
34641,5411.7158203125
34642,7806.9736328125
34643,7641.77783203125
34644,9490.1552734375
34645,8554.951171875
34646,8239.0126953125
34647,7682.22900390625
34648,4277.814453125
34649,9638.8818359375
34650,8247.3798828125
34651,6439.6474609375
34652,5240.47314453125
34653,5319.833984375
34654,4501.177734375
34655,2553.3564453125
34656,10150.587890625
34657,7021.31201171875
34658,5591.26123046875
34659,4552.2919921875
34660,861.791748046875
34661,7792.1962890625
34662,5462.8515625
34663,5180.67431640625
34664,3672.075927734375
34665,5089.4482421875
34666,5163.4833984375
34667,3742.48779296875
34668,9760.166015625
34669,4540.42529296875
34670,4719.9638671875
34671,3463.372802734375
34672,3051.616943359375
34673,5146.65966796875
34674,13168.0078125
34675,3278.278564453125
34676,5508.45263671875
34677,4468.48291015625
34678,3459.370361328125
34679,2782.97216796875
34680,5582.2265625
34681,2873.0849609375
34682,9672.0380859375
34683,5931.91162109375
34684,2373.36083984375
34685,8438.3759765625
34686,2012.3990478515625
34687,4074.064453125
34688,9779.4306640625
34689,7709.537109375
34690,8154.83251953125
34691,2584.57958984375
34692,4708.400390625
34693,4303.07080078125
34694,4044.69873046875
34695,14044.76953125
34696,11802.826171875
34697,5106.88671875
34698,2949.117919921875
34699,6080.0830078125
34700,4374.84619140625
34701,2836.71142578125
34702,7637.19775390625
34703,4912.71875
34704,4497.666015625
34705,6853.18017578125
34706,4649.51171875
34707,4635.32861328125
34708,5862.08349609375
34709,6223.68896484375
34710,6835.86962890625
34711,3149.60498046875
34712,6159.3759765625
34713,6358.47509765625
34714,7435.556640625
34715,5322.96728515625
34716,7286.7314453125
34717,2474.578369140625
34718,8978.3212890625
34719,4956.70068359375
34720,2968.30224609375
34721,4198.19091796875
34722,4649.0263671875
34723,4167.02880859375
34724,6687.1162109375
34725,3579.35009765625
34726,5566.70166015625
34727,4581.041015625
34728,7353.50341796875
34729,7930.82177734375
34730,4941.3974609375
34731,8173.92236328125
34732,6103.3837890625
34733,3008.939453125
34734,11034.8056640625
34735,3381.669677734375
34736,3886.352294921875
34737,5649.513671875
34738,10394.2919921875
34739,9767.0546875
34740,4061.713134765625
34741,4577.86279296875
34742,6225.912109375
34743,6842.33984375
34744,4083.472900390625
34745,7626.33740234375
34746,3124.612060546875
34747,3824.4560546875
34748,3565.1787109375
34749,2664.905029296875
34750,3627.356201171875
34751,6579.1728515625
34752,6366.96484375
34753,6087.0703125
34754,4833.345703125
34755,7251.4765625
34756,7755.8623046875
34757,4585.44091796875
34758,0.0
34759,5896.33837890625
34760,7866.431640625
34761,4420.29638671875
34762,1852.0684814453125
34763,6017.35107421875
34764,6260.578125
34765,5768.59130859375
34766,5475.56103515625
34767,3393.448486328125
34768,9725.3466796875
34769,2849.28369140625
34770,8678.5234375
34771,5133.369140625
34772,4475.03564453125
34773,7395.9267578125
34774,3632.83154296875
34775,4508.93603515625
34776,7653.10986328125
34777,2727.578125
34778,6999.79345703125
34779,9085.513671875
34780,7156.1904296875
34781,2384.335693359375
34782,5160.396484375
34783,3380.90625
34784,2163.994384765625
34785,4574.81640625
34786,5450.46630859375
34787,5027.00537109375
34788,4643.5888671875
34789,4717.568359375
34790,4354.599609375
34791,7403.8359375
34792,5453.11767578125
34793,5346.93994140625
34794,4303.62353515625
34795,4964.74169921875
34796,5692.44677734375
34797,6439.7255859375
34798,7402.11865234375
34799,7039.7978515625
34800,7830.326171875
34801,5347.19189453125
34802,4975.93310546875
34803,2683.99658203125
34804,5825.82568359375
34805,8437.296875
34806,5928.5615234375
34807,8447.2314453125
34808,13317.5107421875
34809,2711.51318359375
34810,4389.3505859375
34811,3390.0390625
34812,8159.18701171875
34813,9304.8349609375
34814,7255.880859375
34815,7270.681640625
34816,7586.5263671875
34817,6738.73828125
34818,6239.2109375
34819,4947.3642578125
34820,3178.951416015625
34821,4771.82568359375
34822,3372.164306640625
34823,2783.24072265625
34824,6585.60888671875
34825,16619.373046875
34826,5433.99951171875
34827,3521.175048828125
34828,4223.0322265625
34829,4498.70703125
34830,5871.89404296875
34831,2736.814208984375
34832,6925.34814453125
34833,7099.931640625
34834,4150.01708984375
34835,10249.7939453125
34836,11212.806640625
34837,4414.666015625
34838,5754.572265625
34839,3634.339111328125
34840,3428.27099609375
34841,4246.05126953125
34842,8248.330078125
34843,3904.43798828125
34844,4196.47509765625
34845,3526.203369140625
34846,4979.970703125
34847,4092.513671875
34848,6794.1435546875
34849,3338.0419921875
34850,7745.07861328125
34851,6539.5537109375
34852,4572.66650390625
34853,4133.01318359375
34854,3539.6357421875
34855,5024.86083984375
34856,4532.9033203125
34857,9098.2080078125
34858,4138.4638671875
34859,3726.94287109375
34860,6025.068359375
34861,4669.5966796875
34862,6018.26953125
34863,5302.15234375
34864,5884.09619140625
34865,9928.869140625
34866,6841.9755859375
34867,5835.46337890625
34868,3595.3642578125
34869,4820.3681640625
34870,5487.82470703125
34871,3580.318359375
34872,4533.38818359375
34873,4700.17529296875
34874,10130.32421875
34875,7044.9638671875
34876,4506.72509765625
34877,5905.13134765625
34878,4590.83544921875
34879,7616.68603515625
34880,5445.48828125
34881,8179.4375
34882,6815.3671875
34883,4734.7685546875
34884,3490.435302734375
34885,2302.67822265625
34886,3876.12060546875
34887,21380.677734375
34888,2069.22216796875
34889,4753.8662109375
34890,6196.46337890625
34891,6418.0400390625
34892,5755.60107421875
34893,8415.7333984375
34894,4935.3408203125
34895,5955.01611328125
34896,2824.339599609375
34897,8485.8662109375
34898,4065.10009765625
34899,6749.88134765625
34900,9703.158203125
34901,4513.59912109375
34902,7738.48095703125
34903,6519.45166015625
34904,3625.48876953125
34905,5814.68017578125
34906,6653.3984375
34907,2753.105224609375
34908,8287.2158203125
34909,6202.7294921875
34910,5307.0712890625
34911,8844.6455078125
34912,8371.375
34913,6196.576171875
34914,4831.7841796875
34915,5386.14599609375
34916,6100.08251953125
34917,3262.209228515625
34918,6782.3916015625
34919,2774.969970703125
34920,5812.60888671875
34921,2950.807861328125
34922,5497.0771484375
34923,4883.7392578125
34924,4371.18896484375
34925,5581.0263671875
34926,7863.35498046875
34927,5714.4814453125
34928,6529.1640625
34929,5447.88916015625
34930,5975.8310546875
34931,9520.2841796875
34932,6773.90283203125
34933,3380.564697265625
34934,5555.3232421875
34935,5794.28369140625
34936,3591.954833984375
34937,12345.24609375
34938,5570.6630859375
34939,6070.07568359375
34940,9320.8935546875
34941,6265.10009765625
34942,2388.252197265625
34943,0.0
34944,8412.7353515625
34945,5762.060546875
34946,7756.66015625
34947,7139.9208984375
34948,7905.900390625
34949,5195.72216796875
34950,4487.20703125
34951,0.0
34952,4125.369140625
34953,7754.5185546875
34954,2575.38427734375
34955,8710.76953125
34956,6655.35205078125
34957,4733.38720703125
34958,6731.09765625
34959,4653.81787109375
34960,6493.93798828125
34961,4147.95166015625
34962,4766.0390625
34963,4437.7197265625
34964,4121.9775390625
34965,6411.9013671875
34966,5780.5029296875
34967,8030.7939453125
34968,5824.82861328125
34969,3772.756103515625
34970,5821.11279296875
34971,6830.29443359375
34972,6485.7265625
34973,3072.765380859375
34974,4977.55810546875
34975,8717.33203125
34976,6126.751953125
34977,4147.21875
34978,7192.87060546875
34979,6481.8359375
34980,4819.50537109375
34981,4213.8564453125
34982,1398.0596923828125
34983,7108.447265625
34984,5847.2353515625
34985,4940.4365234375
34986,8711.091796875
34987,6641.28466796875
34988,3821.992919921875
34989,5251.33642578125
34990,3420.870849609375
34991,848.0947265625
34992,5817.3515625
34993,6576.29638671875
34994,5334.439453125
34995,4503.955078125
34996,3031.19677734375
34997,4852.4990234375
34998,7275.1474609375
34999,5614.572265625
35000,7666.240234375
35001,3830.451904296875
35002,4672.9345703125
35003,3482.445556640625
35004,6296.4296875
35005,3453.283447265625
35006,2547.583251953125
35007,4689.951171875
35008,4086.42919921875
35009,6381.693359375
35010,4040.334716796875
35011,5022.12744140625
35012,5469.46630859375
35013,7327.82080078125
35014,5072.865234375
35015,3804.449951171875
35016,10464.208984375
35017,6834.03125
35018,6249.93017578125
35019,2105.865966796875
35020,5006.87158203125
35021,5202.91259765625
35022,4203.49169921875
35023,7839.62109375
35024,8018.529296875
35025,5785.2275390625
35026,6015.240234375
35027,6008.451171875
35028,6937.4775390625
35029,10354.5087890625
35030,3629.455078125
35031,3986.5908203125
35032,4972.9736328125
35033,5072.72314453125
35034,5854.2607421875
35035,7576.86328125
35036,5025.224609375
35037,6445.77880859375
35038,2486.521728515625
35039,5694.37744140625
35040,8103.26513671875
35041,3413.587158203125
35042,6460.99560546875
35043,3312.498779296875
35044,6718.1591796875
35045,5573.35986328125
35046,5099.72119140625
35047,5882.87890625
35048,4440.43212890625
35049,4787.23486328125
35050,6822.3955078125
35051,4510.67822265625
35052,8455.90234375
35053,5118.279296875
35054,8621.1357421875
35055,5165.26123046875
35056,3598.397705078125
35057,7735.1904296875
35058,3373.067626953125
35059,9219.1689453125
35060,5704.51806640625
35061,4910.68310546875
35062,6487.42041015625
35063,4031.5146484375
35064,5052.92431640625
35065,4850.3046875
35066,2702.059814453125
35067,2952.898193359375
35068,6092.220703125
35069,5995.58544921875
35070,9110.611328125
35071,5757.09912109375
35072,5479.2236328125
35073,4199.455078125
35074,6431.2919921875
35075,3073.700439453125
35076,9698.0400390625
35077,7394.197265625
35078,9765.6220703125
35079,6064.37158203125
35080,4348.4306640625
35081,7795.8916015625
35082,7621.875
35083,3030.606201171875
35084,8206.9189453125
35085,5591.14453125
35086,5576.37841796875
35087,5795.16259765625
35088,4512.41748046875
35089,2652.154296875
35090,4794.38427734375
35091,3479.41064453125
35092,2898.134521484375
35093,6923.9599609375
35094,5850.73681640625
35095,21754.8515625
35096,7391.74267578125
35097,4467.64404296875
35098,7649.62353515625
35099,11022.9033203125
35100,6852.7392578125
35101,7756.55712890625
35102,6099.16796875
35103,7632.78125
35104,7727.521484375
35105,6128.27490234375
35106,5857.8251953125
35107,8111.830078125
35108,8280.4736328125
35109,6965.82177734375
35110,8540.0283203125
35111,6159.06298828125
35112,5006.24658203125
35113,8538.6611328125
35114,10453.3125
35115,9871.2421875
35116,9364.1787109375
35117,8050.83251953125
35118,4217.65283203125
35119,6422.9169921875
35120,4013.176513671875
35121,8024.02734375
35122,10907.9853515625
35123,9569.662109375
35124,5973.27197265625
35125,5779.9052734375
35126,4154.46923828125
35127,5935.466796875
35128,9898.51953125
35129,6730.109375
35130,6011.85107421875
35131,7025.1201171875
35132,7190.19384765625
35133,4212.74267578125
35134,8586.3427734375
35135,5133.26123046875
35136,7731.140625
35137,7247.5595703125
35138,6137.32373046875
35139,8399.12109375
35140,7314.55517578125
35141,5498.49951171875
35142,6806.03759765625
35143,7974.6484375
35144,11809.0673828125
35145,6869.73583984375
35146,8393.8232421875
35147,8419.1796875
35148,10707.9013671875
35149,7031.55224609375
35150,9412.4873046875
35151,4610.64404296875
35152,4797.310546875
35153,5987.931640625
35154,6695.69970703125
35155,10536.4189453125
35156,8858.689453125
35157,6112.78515625
35158,8585.435546875
35159,7062.17431640625
35160,9929.8486328125
35161,3834.217041015625
35162,12400.9306640625
35163,4734.60693359375
35164,5951.7119140625
35165,8653.669921875
35166,4677.99560546875
35167,6192.2177734375
35168,7132.2080078125
35169,7857.7724609375
35170,7295.79931640625
35171,5344.82568359375
35172,8522.00390625
35173,8588.3076171875
35174,7004.40234375
35175,5307.11474609375
35176,7511.01708984375
35177,13341.9296875
35178,7429.12548828125
35179,6070.99609375
35180,7914.30859375
35181,6560.92626953125
35182,6798.2373046875
35183,8228.1064453125
35184,4121.212890625
35185,8695.2666015625
35186,5909.8818359375
35187,7486.533203125
35188,9496.0546875
35189,5329.2099609375
35190,5902.359375
35191,5404.49365234375
35192,8689.056640625
35193,8972.080078125
35194,4964.2138671875
35195,5070.46337890625
35196,7727.81689453125
35197,6662.04296875
35198,5984.234375
35199,8002.068359375
35200,7078.02734375
35201,7852.49365234375
35202,5952.41259765625
35203,5012.2802734375
35204,7509.74755859375
35205,8948.4208984375
35206,8096.0712890625
35207,8560.6318359375
35208,8572.2216796875
35209,6460.7177734375
35210,9327.197265625
35211,5634.65478515625
35212,6866.91015625
35213,9633.1591796875
35214,7482.52685546875
35215,10164.4775390625
35216,10057.4892578125
35217,8674.0048828125
35218,6460.5537109375
35219,7349.33203125
35220,8762.158203125
35221,6698.27734375
35222,3674.109130859375
35223,6579.7978515625
35224,8559.2158203125
35225,7136.0419921875
35226,5625.46142578125
35227,8532.1240234375
35228,6419.0224609375
35229,5884.66748046875
35230,6307.0166015625
35231,5325.63330078125
35232,7535.0263671875
35233,7760.70263671875
35234,7411.32958984375
35235,6183.57763671875
35236,5700.537109375
35237,6872.3603515625
35238,4074.737060546875
35239,7245.42529296875
35240,6975.08837890625
35241,9682.388671875
35242,7868.57177734375
35243,6716.091796875
35244,12166.7412109375
35245,5214.75341796875
35246,5373.97021484375
35247,10464.4833984375
35248,7322.84130859375
35249,8788.45703125
35250,8044.78173828125
35251,6390.62255859375
35252,6945.58642578125
35253,6083.5166015625
35254,7800.76708984375
35255,11301.37890625
35256,7000.53759765625
35257,4045.67236328125
35258,4922.0869140625
35259,8459.0693359375
35260,9385.951171875
35261,7998.5673828125
35262,7129.36962890625
35263,5164.125
35264,4879.85302734375
35265,3659.02685546875
35266,5580.57373046875
35267,6873.5166015625
35268,7749.10009765625
35269,7026.44921875
35270,6679.69775390625
35271,8750.1328125
35272,10116.310546875
35273,8074.04736328125
35274,5324.1669921875
35275,9493.0458984375
35276,11123.3203125
35277,5907.78125
35278,7807.365234375
35279,5905.4169921875
35280,7250.416015625
35281,4828.81884765625
35282,7579.2490234375
35283,5562.40576171875
35284,9195.0302734375
35285,7475.85791015625
35286,9602.15234375
35287,7933.9453125
35288,5944.21484375
35289,9072.3935546875
35290,17732.1796875
35291,10912.55859375
35292,6255.25146484375
35293,3987.743896484375
35294,6920.57666015625
35295,8606.3837890625
35296,6339.58154296875
35297,12779.677734375
35298,22131.51171875
35299,5263.27978515625
35300,5765.689453125
35301,8827.890625
35302,5200.564453125
35303,7418.5458984375
35304,7126.2294921875
35305,8158.0234375
35306,5941.34521484375
35307,6781.04638671875
35308,7847.099609375
35309,7815.87255859375
35310,10457.662109375
35311,7229.546875
35312,6973.6708984375
35313,7164.541015625
35314,5952.67578125
35315,5287.06201171875
35316,8747.0078125
35317,7092.248046875
35318,6611.70751953125
35319,7642.92724609375
35320,6400.83203125
35321,6446.42236328125
35322,7481.30126953125
35323,7765.21728515625
35324,9756.578125
35325,10146.3466796875
35326,7860.28857421875
35327,5997.40283203125
35328,3758.790283203125
35329,7217.10498046875
35330,6155.166015625
35331,6268.75390625
35332,4973.97216796875
35333,8313.25
35334,7246.97265625
35335,11014.4169921875
35336,6895.92041015625
35337,6034.8720703125
35338,5370.23583984375
35339,5658.60400390625
35340,10858.1240234375
35341,6488.75927734375
35342,7603.63427734375
35343,14070.0390625
35344,7582.25830078125
35345,5960.03125
35346,6223.90673828125
35347,5057.13720703125
35348,7359.49072265625
35349,4294.3681640625
35350,5666.015625
35351,10205.4892578125
35352,5845.04931640625
35353,14507.2138671875
35354,13460.4580078125
35355,6099.00439453125
35356,7493.3857421875
35357,5619.5400390625
35358,7367.53076171875
35359,5854.08935546875
35360,11919.1240234375
35361,8146.53857421875
35362,10007.4716796875
35363,5103.98974609375
35364,7931.38134765625
35365,6081.40966796875
35366,8922.2109375
35367,7565.1279296875
35368,7209.3994140625
35369,7599.08740234375
35370,6544.291015625
35371,9758.4697265625
35372,9955.56640625
35373,6551.005859375
35374,10457.9248046875
35375,7223.42431640625
35376,9421.400390625
35377,5817.86083984375
35378,5708.49951171875
35379,5995.01513671875
35380,11496.0966796875
35381,7213.603515625
35382,8610.603515625
35383,7980.3310546875
35384,9033.771484375
35385,4692.45751953125
35386,9496.5791015625
35387,6847.560546875
35388,4254.60205078125
35389,11542.0517578125
35390,17433.734375
35391,8466.4794921875
35392,7560.78125
35393,9694.6806640625
35394,10172.943359375
35395,11477.771484375
35396,6150.228515625
35397,7119.2724609375
35398,6596.39013671875
35399,9554.5185546875
35400,4173.6455078125
35401,6212.201171875
35402,6248.33935546875
35403,5928.6171875
35404,7673.0673828125
35405,5316.87939453125
35406,5279.1240234375
35407,8094.94580078125
35408,4825.685546875
35409,5652.6357421875
35410,6766.27490234375
35411,6684.13232421875
35412,10557.5439453125
35413,9528.2265625
35414,7812.53857421875
35415,7107.201171875
35416,6878.97509765625
35417,9089.26953125
35418,6991.0400390625
35419,6144.41064453125
35420,5337.142578125
35421,10977.4951171875
35422,4584.0849609375
35423,7506.7119140625
35424,3515.825927734375
35425,4947.86669921875
35426,7655.1728515625
35427,7176.1220703125
35428,6512.91748046875
35429,10372.38671875
35430,10510.4775390625
35431,12157.8955078125
35432,6471.8369140625
35433,11355.6669921875
35434,2930.87939453125
35435,6094.109375
35436,7089.3056640625
35437,5737.7060546875
35438,9179.7685546875
35439,5453.8583984375
35440,5667.16845703125
35441,8913.6337890625
35442,10447.490234375
35443,8806.4765625
35444,5642.09716796875
35445,5984.59619140625
35446,11873.5166015625
35447,9594.0732421875
35448,5971.8251953125
35449,6498.9580078125
35450,7919.033203125
35451,9682.7041015625
35452,5456.5927734375
35453,5840.79345703125
35454,8971.9501953125
35455,8754.0078125
35456,12871.6513671875
35457,7482.94140625
35458,12220.748046875
35459,7455.2060546875
35460,5787.009765625
35461,3458.54931640625
35462,5701.2978515625
35463,7639.173828125
35464,6134.67919921875
35465,8721.0498046875
35466,5702.94140625
35467,4231.15380859375
35468,7612.705078125
35469,4823.513671875
35470,7226.06591796875
35471,7672.15185546875
35472,7742.064453125
35473,9598.2177734375
35474,6189.4443359375
35475,10205.423828125
35476,6283.845703125
35477,6584.66552734375
35478,6122.56201171875
35479,5383.7734375
35480,10424.7314453125
35481,6614.66015625
35482,5351.07275390625
35483,7450.095703125
35484,8928.916015625
35485,8145.3388671875
35486,6384.86328125
35487,9145.9443359375
35488,5814.25537109375
35489,7156.32275390625
35490,6732.95947265625
35491,9764.296875
35492,5701.89990234375
35493,6753.78759765625
35494,6152.201171875
35495,6317.93896484375
35496,4954.080078125
35497,6410.3193359375
35498,7739.81982421875
35499,9530.6181640625
35500,11168.962890625
35501,11585.9462890625
35502,9486.83984375
35503,8593.498046875
35504,4576.8271484375
35505,10611.7236328125
35506,11912.0712890625
35507,8154.68994140625
35508,7967.50439453125
35509,9159.8671875
35510,6579.62890625
35511,3693.380859375
35512,10007.6669921875
35513,7560.30908203125
35514,7258.77001953125
35515,6494.99951171875
35516,3016.8740234375
35517,12550.6865234375
35518,6161.58251953125
35519,7818.63427734375
35520,5133.89599609375
35521,6281.24609375
35522,6723.80029296875
35523,7771.78515625
35524,7526.95751953125
35525,5301.74072265625
35526,5037.4033203125
35527,4174.41552734375
35528,4118.216796875
35529,7875.03662109375
35530,18140.099609375
35531,4598.84423828125
35532,6191.94091796875
35533,6671.18798828125
35534,5623.22021484375
35535,5211.8115234375
35536,5807.3134765625
35537,4177.390625
35538,8433.9697265625
35539,7056.6787109375
35540,4008.228271484375
35541,10055.3837890625
35542,5694.005859375
35543,5141.33837890625
35544,11337.3037109375
35545,7995.2861328125
35546,9918.197265625
35547,5552.32177734375
35548,6916.90283203125
35549,5394.31396484375
35550,5527.61962890625
35551,14689.4326171875
35552,12611.5107421875
35553,7481.7880859375
35554,6462.79931640625
35555,5890.14990234375
35556,6557.8876953125
35557,4586.4404296875
35558,9679.9912109375
35559,5743.61865234375
35560,5410.7080078125
35561,8469.8720703125
35562,5732.84814453125
35563,6529.546875
35564,7590.19091796875
35565,7519.76416015625
35566,8429.15625
35567,4635.89501953125
35568,5804.07177734375
35569,7287.1943359375
35570,9653.34375
35571,8833.9052734375
35572,7683.7939453125
35573,4570.81396484375
35574,8338.240234375
35575,5589.7890625
35576,5110.14697265625
35577,7307.85009765625
35578,7483.10546875
35579,6349.333984375
35580,6653.09619140625
35581,6409.41796875
35582,7206.6640625
35583,6383.69970703125
35584,7151.974609375
35585,7621.94189453125
35586,6673.16015625
35587,11129.298828125
35588,6995.03076171875
35589,5367.3779296875
35590,12898.412109375
35591,5725.9365234375
35592,4050.26171875
35593,8458.7763671875
35594,10341.5048828125
35595,12614.9619140625
35596,4866.11376953125
35597,6668.83984375
35598,6368.02685546875
35599,7445.82861328125
35600,6788.263671875
35601,9046.19140625
35602,3906.754150390625
35603,5917.83642578125
35604,7079.78662109375
35605,5515.46435546875
35606,6158.44775390625
35607,7133.80419921875
35608,9134.1357421875
35609,6264.04736328125
35610,8346.2802734375
35611,7332.84814453125
35612,9500.197265625
35613,6292.27490234375
35614,7246.8857421875
35615,7085.17529296875
35616,9107.2587890625
35617,8547.638671875
35618,3632.509765625
35619,9188.5849609375
35620,7719.34619140625
35621,7733.26513671875
35622,4767.53564453125
35623,4606.8505859375
35624,9477.3623046875
35625,6196.01416015625
35626,9291.4365234375
35627,7621.74169921875
35628,5586.697265625
35629,8830.7421875
35630,6101.53955078125
35631,7520.32373046875
35632,9100.798828125
35633,6305.95654296875
35634,9645.8251953125
35635,11806.7763671875
35636,8819.685546875
35637,5261.7890625
35638,7123.30126953125
35639,4940.93408203125
35640,3522.230224609375
35641,8288.400390625
35642,6756.27783203125
35643,9642.548828125
35644,5449.56689453125
35645,6189.87548828125
35646,5658.0576171875
35647,9211.3271484375
35648,6336.4638671875
35649,5908.62939453125
35650,5942.90283203125
35651,7549.3388671875
35652,5831.21142578125
35653,7891.99267578125
35654,8065.814453125
35655,8494.78125
35656,8800.81640625
35657,7246.201171875
35658,6357.8193359375
35659,5183.51513671875
35660,6155.94482421875
35661,11408.267578125
35662,9370.4951171875
35663,9347.515625
35664,15324.205078125
35665,5821.302734375
35666,4767.2119140625
35667,5671.11962890625
35668,9278.3203125
35669,10979.0
35670,8339.3642578125
35671,8157.37353515625
35672,8535.064453125
35673,7172.07177734375
35674,7850.76025390625
35675,6364.62646484375
35676,5193.529296875
35677,5759.5078125
35678,4561.48876953125
35679,5247.416015625
35680,8826.1650390625
35681,17348.341796875
35682,7022.64404296875
35683,5499.4638671875
35684,8101.814453125
35685,5224.029296875
35686,7116.0869140625
35687,4641.08740234375
35688,8890.361328125
35689,7279.34326171875
35690,7272.56005859375
35691,13976.283203125
35692,12421.056640625
35693,6724.1357421875
35694,7563.123046875
35695,4129.56787109375
35696,5237.181640625
35697,5862.6845703125
35698,9060.5947265625
35699,6258.046875
35700,4957.8603515625
35701,5644.447265625
35702,5939.8486328125
35703,7210.998046875
35704,7727.29736328125
35705,4703.20654296875
35706,7843.18408203125
35707,7962.1650390625
35708,7822.72607421875
35709,5880.75146484375
35710,4865.044921875
35711,7341.7236328125
35712,5155.75830078125
35713,9989.8076171875
35714,5006.75634765625
35715,6405.984375
35716,7974.341796875
35717,6338.38525390625
35718,4977.92529296875
35719,7506.4814453125
35720,8095.8125
35721,10137.5302734375
35722,10434.3408203125
35723,6268.9853515625
35724,3928.980712890625
35725,6161.77294921875
35726,6920.6962890625
35727,4875.10693359375
35728,6977.07470703125
35729,6374.00830078125
35730,12332.623046875
35731,8746.3876953125
35732,6551.96484375
35733,7500.49658203125
35734,6125.1689453125
35735,9571.2841796875
35736,5657.388671875
35737,12209.3076171875
35738,7924.07177734375
35739,5848.35205078125
35740,5958.95849609375
35741,4754.03369140625
35742,7508.146484375
35743,22735.84375
35744,4215.69677734375
35745,6215.48681640625
35746,9731.5234375
35747,7204.9111328125
35748,7777.1201171875
35749,9008.6328125
35750,6293.44921875
35751,5907.82763671875
35752,4722.77685546875
35753,10948.513671875
35754,6823.60107421875
35755,7808.91455078125
35756,8699.0458984375
35757,5101.79150390625
35758,7966.22119140625
35759,7524.81640625
35760,4302.9228515625
35761,9510.205078125
35762,10272.03125
35763,5222.9736328125
35764,8304.2490234375
35765,7883.16796875
35766,5937.98388671875
35767,11251.8779296875
35768,7733.6318359375
35769,8556.7021484375
35770,5280.63720703125
35771,6331.24560546875
35772,7101.34521484375
35773,4568.14111328125
35774,9049.951171875
35775,5154.4267578125
35776,5866.4560546875
35777,5045.24365234375
35778,7281.46044921875
35779,5877.82421875
35780,7251.53466796875
35781,7295.60400390625
35782,8579.796875
35783,6739.79638671875
35784,7624.5908203125
35785,6379.29541015625
35786,9695.7607421875
35787,10897.638671875
35788,7711.4873046875
35789,4698.08544921875
35790,6174.58203125
35791,7270.595703125
35792,4258.6572265625
35793,12718.4697265625
35794,6467.59130859375
35795,7457.1953125
35796,11031.46875
35797,7197.79443359375
35798,5067.76123046875
35799,14501.390625
35800,10751.4287109375
35801,6106.93994140625
35802,10124.2421875
35803,9700.9833984375
35804,7867.4169921875
35805,6899.45263671875
35806,8275.5947265625
35807,5789.79931640625
35808,6097.5556640625
35809,7946.35302734375
35810,4813.6435546875
35811,8244.69140625
35812,7823.8330078125
35813,6980.9462890625
35814,8936.2314453125
35815,6032.39453125
35816,6683.7353515625
35817,5294.708984375
35818,8547.880859375
35819,7265.1298828125
35820,7199.25537109375
35821,6539.30615234375
35822,7773.14208984375
35823,9673.4013671875
35824,6819.7119140625
35825,5254.88232421875
35826,6774.7861328125
35827,7555.294921875
35828,6932.220703125
35829,4476.99169921875
35830,4403.708984375
35831,8018.40625
35832,7785.578125
35833,6063.99951171875
35834,8529.9208984375
35835,7074.45556640625
35836,7126.955078125
35837,5713.44287109375
35838,2812.9375
35839,7829.81005859375
35840,7124.66357421875
35841,7153.29248046875
35842,9644.7646484375
35843,8629.6416015625
35844,5151.263671875
35845,7993.13818359375
35846,3786.191650390625
35847,2318.837158203125
35848,7584.72119140625
35849,8827.3349609375
35850,7931.14013671875
35851,7243.27734375
35852,5335.61376953125
35853,6653.40478515625
35854,8756.2724609375
35855,6657.60009765625
35856,6093.67919921875
35857,5447.30908203125
35858,5256.1025390625
35859,5660.56591796875
35860,6130.1591796875
35861,5586.8056640625
35862,5507.1953125
35863,5668.03759765625
35864,4855.78515625
35865,7439.61962890625
35866,7367.20751953125
35867,6319.74169921875
35868,6628.0009765625
35869,8188.46826171875
35870,6379.59521484375
35871,6143.70703125
35872,10834.6904296875
35873,7892.9912109375
35874,6020.68798828125
35875,4151.30126953125
35876,13230.5205078125
35877,6882.92041015625
35878,6229.3173828125
35879,9064.8193359375
35880,8257.9658203125
35881,7640.63720703125
35882,6655.2373046875
35883,7570.38232421875
35884,9574.1630859375
35885,13476.310546875
35886,5487.26220703125
35887,5493.7822265625
35888,5691.43505859375
35889,6681.70068359375
35890,6680.8759765625
35891,7975.6484375
35892,9002.2666015625
35893,5993.5888671875
35894,4009.619873046875
35895,6080.08544921875
35896,10481.009765625
35897,5618.24609375
35898,8731.8056640625
35899,4412.826171875
35900,8484.939453125
35901,7327.71728515625
35902,7725.8359375
35903,7834.13671875
35904,7135.28466796875
35905,5508.24853515625
35906,7657.8564453125
35907,7968.88427734375
35908,8994.5234375
35909,7533.609375
35910,8710.2529296875
35911,6333.66748046875
35912,4708.75927734375
35913,10308.009765625
35914,4943.4716796875
35915,9221.0751953125
35916,6805.98291015625
35917,5275.17822265625
35918,6938.53759765625
35919,6026.2734375
35920,7613.955078125
35921,7424.9326171875
35922,4489.830078125
35923,4671.71484375
35924,8364.609375
35925,9186.482421875
35926,9854.0517578125
35927,6637.47607421875
35928,5951.943359375
35929,6254.587890625
35930,7714.15966796875
35931,5028.2705078125
35932,11007.23046875
35933,9531.91015625
35934,12221.0791015625
35935,4747.4931640625
35936,6265.5224609375
35937,10013.1962890625
35938,9745.6083984375
35939,6127.60986328125
35940,10479.4580078125
35941,6599.54052734375
35942,6853.1748046875
35943,6826.30224609375
35944,5593.61328125
35945,4874.12451171875
35946,5986.35302734375
35947,4673.2236328125
35948,5265.97314453125
35949,8809.8671875
35950,7063.9931640625
35951,24249.162109375
35952,7312.44580078125
35953,4554.81591796875
35954,7700.6513671875
35955,10942.857421875
35956,7894.935546875
35957,7671.13671875
35958,6228.70263671875
35959,7517.5859375
35960,7928.24462890625
35961,5770.7294921875
35962,6119.12255859375
35963,7772.80224609375
35964,8718.125
35965,7722.9267578125
35966,9727.9072265625
35967,5755.150390625
35968,4894.5751953125
35969,8495.9677734375
35970,10096.8212890625
35971,10340.8349609375
35972,9611.5830078125
35973,7981.291015625
35974,5271.5595703125
35975,6187.58251953125
35976,4414.63916015625
35977,7864.724609375
35978,10692.6884765625
35979,9081.27734375
35980,5742.990234375
35981,5752.251953125
35982,4856.2021484375
35983,5476.95068359375
35984,10303.60546875
35985,6781.6865234375
35986,6066.3583984375
35987,6729.14697265625
35988,7259.87060546875
35989,3894.63916015625
35990,8447.0478515625
35991,4874.3916015625
35992,7720.10498046875
35993,6870.16845703125
35994,6790.4462890625
35995,8126.8837890625
35996,7172.2646484375
35997,5209.59716796875
35998,6826.74853515625
35999,8102.171875
36000,11854.9482421875
36001,6915.15234375
36002,8810.142578125
36003,8406.6103515625
36004,10342.0537109375
36005,7230.3974609375
36006,8959.8330078125
36007,4681.97021484375
36008,4897.78173828125
36009,6259.267578125
36010,6760.54296875
36011,9682.380859375
36012,8072.529296875
36013,5919.0283203125
36014,8287.857421875
36015,6923.28173828125
36016,9955.6259765625
36017,3668.57470703125
36018,12771.693359375
36019,5299.3828125
36020,5997.07177734375
36021,8434.6259765625
36022,5001.416015625
36023,6896.26904296875
36024,6780.943359375
36025,7914.38916015625
36026,6943.8837890625
36027,5568.4326171875
36028,8031.6513671875
36029,8131.25048828125
36030,7167.22119140625
36031,5646.56201171875
36032,7341.673828125
36033,12609.1552734375
36034,7200.63720703125
36035,7542.689453125
36036,7632.12060546875
36037,5991.52197265625
36038,6287.1650390625
36039,7537.9033203125
36040,3948.568359375
36041,8247.9140625
36042,6063.330078125
36043,7136.37060546875
36044,10575.505859375
36045,4242.4775390625
36046,5792.9833984375
36047,4773.72265625
36048,8759.458984375
36049,8969.2841796875
36050,5036.02978515625
36051,5088.05908203125
36052,7494.3955078125
36053,6162.0625
36054,6240.49755859375
36055,7547.994140625
36056,7080.18603515625
36057,7994.7958984375
36058,5884.96630859375
36059,4565.93310546875
36060,6630.083984375
36061,8750.76171875
36062,8677.435546875
36063,8209.1171875
36064,8156.12841796875
36065,6038.33154296875
36066,9571.736328125
36067,5655.9228515625
36068,7110.79541015625
36069,9712.1650390625
36070,6719.22900390625
36071,10602.0791015625
36072,9169.552734375
36073,8168.8876953125
36074,6345.00341796875
36075,6821.2255859375
36076,8370.625
36077,6193.9248046875
36078,3354.7900390625
36079,6933.58349609375
36080,8454.7353515625
36081,6371.06884765625
36082,5401.1015625
36083,8603.71484375
36084,6495.28369140625
36085,5759.04345703125
36086,6034.90283203125
36087,5222.82568359375
36088,7871.1513671875
36089,7624.8017578125
36090,7733.3212890625
36091,5782.46142578125
36092,5563.44775390625
36093,6424.3583984375
36094,3903.177978515625
36095,6810.88818359375
36096,6490.94677734375
36097,9101.9912109375
36098,7513.85205078125
36099,6731.271484375
36100,11491.7802734375
36101,5594.53125
36102,5094.5166015625
36103,10807.0390625
36104,6974.1328125
36105,8577.3896484375
36106,7638.2138671875
36107,6254.88818359375
36108,6620.91015625
36109,5960.33642578125
36110,8872.7744140625
36111,12062.6416015625
36112,7324.927734375
36113,3717.72900390625
36114,4387.71484375
36115,7783.02294921875
36116,8428.4912109375
36117,6859.818359375
36118,7312.833984375
36119,5360.91943359375
36120,5428.2177734375
36121,3617.4130859375
36122,5397.81005859375
36123,6568.39892578125
36124,7676.66796875
36125,6942.4541015625
36126,6121.2529296875
36127,8703.3505859375
36128,10125.4541015625
36129,7813.49072265625
36130,4785.71435546875
36131,9920.9951171875
36132,10542.37109375
36133,6079.5234375
36134,7779.765625
36135,5459.82568359375
36136,6554.33935546875
36137,4850.1748046875
36138,7934.38037109375
36139,5166.791015625
36140,9130.572265625
36141,7650.09228515625
36142,9338.123046875
36143,8282.3369140625
36144,6181.20263671875
36145,8894.2529296875
36146,19076.201171875
36147,10904.3203125
36148,6540.00634765625
36149,2899.994140625
36150,6662.4423828125
36151,9318.2734375
36152,6059.68310546875
36153,12796.7626953125
36154,20111.525390625
36155,4671.50537109375
36156,6060.126953125
36157,11413.705078125
36158,5233.18212890625
36159,7828.3798828125
36160,7082.8623046875
36161,8338.5751953125
36162,5677.37255859375
36163,6313.72900390625
36164,6831.80517578125
36165,7983.25146484375
36166,9985.068359375
36167,7051.3544921875
36168,6661.662109375
36169,7333.208984375
36170,5695.09375
36171,5039.66455078125
36172,8688.8359375
36173,6463.162109375
36174,6277.75
36175,7196.29248046875
36176,6669.89697265625
36177,6435.93115234375
36178,7879.69140625
36179,7526.74267578125
36180,8971.251953125
36181,10153.9072265625
36182,7769.58544921875
36183,5698.86376953125
36184,3620.155517578125
36185,7562.4384765625
36186,6312.99853515625
36187,6336.01025390625
36188,5127.30908203125
36189,8530.541015625
36190,7741.00927734375
36191,11187.7197265625
36192,6898.54248046875
36193,5968.712890625
36194,5625.7919921875
36195,5671.30322265625
36196,10439.90234375
36197,5821.68701171875
36198,7468.484375
36199,15592.99609375
36200,7145.43115234375
36201,7767.54931640625
36202,5863.7255859375
36203,4841.26513671875
36204,7004.8388671875
36205,4286.169921875
36206,6126.32568359375
36207,11103.978515625
36208,5699.91748046875
36209,14803.3681640625
36210,14511.0654296875
36211,5676.994140625
36212,6767.615234375
36213,6025.73974609375
36214,7430.56591796875
36215,5949.302734375
36216,11389.5732421875
36217,8125.8349609375
36218,10374.8662109375
36219,5365.4892578125
36220,7986.97412109375
36221,6403.1484375
36222,8492.556640625
36223,7459.06298828125
36224,6573.21142578125
36225,7297.92529296875
36226,6301.48095703125
36227,8849.1474609375
36228,10645.1689453125
36229,6449.1142578125
36230,10149.1494140625
36231,6908.89453125
36232,9980.158203125
36233,5700.51611328125
36234,5655.22607421875
36235,5753.6669921875
36236,11088.0126953125
36237,6695.50048828125
36238,9075.37109375
36239,7807.14697265625
36240,9072.1171875
36241,4333.232421875
36242,8463.220703125
36243,7392.67626953125
36244,4099.15234375
36245,11084.6669921875
36246,18292.921875
36247,7462.32666015625
36248,7044.17529296875
36249,9928.6171875
36250,10512.8515625
36251,11675.0830078125
36252,5870.556640625
36253,7392.32177734375
36254,6134.796875
36255,9088.0830078125
36256,3902.469970703125
36257,6153.48876953125
36258,5850.220703125
36259,5927.892578125
36260,7542.87841796875
36261,5775.86767578125
36262,5000.5615234375
36263,7718.6982421875
36264,4394.353515625
36265,5117.18359375
36266,6750.9052734375
36267,6791.58056640625
36268,10011.9326171875
36269,8555.7529296875
36270,8239.41015625
36271,6999.44677734375
36272,6775.0048828125
36273,9813.888671875
36274,7208.09521484375
36275,5534.939453125
36276,5453.75146484375
36277,11270.5546875
36278,4682.716796875
36279,7017.8271484375
36280,3705.68603515625
36281,5074.83642578125
36282,7462.96728515625
36283,6988.77978515625
36284,6221.1435546875
36285,9480.1669921875
36286,10410.685546875
36287,12222.4140625
36288,6408.07763671875
36289,10451.33203125
36290,2961.5
36291,5716.42626953125
36292,6513.89208984375
36293,5308.59765625
36294,8611.9794921875
36295,5430.45166015625
36296,5591.228515625
36297,9092.9208984375
36298,10702.6611328125
36299,10833.40625
36300,5266.451171875
36301,5976.40576171875
36302,13087.408203125
36303,9226.5458984375
36304,6664.77685546875
36305,5430.65771484375
36306,7166.1923828125
36307,10657.955078125
36308,5079.56103515625
36309,6096.2060546875
36310,8658.4833984375
36311,8364.8984375
36312,14858.4228515625
36313,7364.4189453125
36314,12587.5703125
36315,7025.4677734375
36316,5921.23095703125
36317,3784.83203125
36318,5592.66259765625
36319,6784.2529296875
36320,6061.22412109375
36321,8129.611328125
36322,5180.8076171875
36323,4766.00390625
36324,7216.1181640625
36325,4935.4853515625
36326,6766.75927734375
36327,7319.837890625
36328,7917.69091796875
36329,8718.2294921875
36330,5770.33935546875
36331,9449.1279296875
36332,5883.634765625
36333,6263.16015625
36334,5741.56396484375
36335,5165.6982421875
36336,10493.1376953125
36337,6942.80615234375
36338,5836.703125
36339,7451.77734375
36340,8798.7802734375
36341,7942.59814453125
36342,5826.3271484375
36343,8882.859375
36344,5697.45263671875
36345,6186.58203125
36346,6699.51513671875
36347,9251.0849609375
36348,6880.48876953125
36349,7097.82568359375
36350,5550.9921875
36351,6140.01708984375
36352,5065.86376953125
36353,6358.9091796875
36354,7380.201171875
36355,10156.7861328125
36356,10738.060546875
36357,11061.1376953125
36358,8902.16015625
36359,8776.6259765625
36360,4733.8076171875
36361,10836.3095703125
36362,11732.2548828125
36363,7271.30126953125
36364,8732.8212890625
36365,9012.328125
36366,6368.9033203125
36367,3962.019287109375
36368,9449.1982421875
36369,7482.681640625
36370,7390.427734375
36371,6291.38916015625
36372,2901.31298828125
36373,13321.1826171875
36374,6358.7197265625
36375,7881.3603515625
36376,4898.91064453125
36377,5533.78271484375
36378,6987.57177734375
36379,7968.5439453125
36380,7431.060546875
36381,5428.7041015625
36382,5131.91357421875
36383,4357.83154296875
36384,4274.486328125
36385,7479.3916015625
36386,17834.916015625
36387,4776.44287109375
36388,6059.90087890625
36389,6615.6015625
36390,5277.83203125
36391,5342.474609375
36392,5187.3251953125
36393,4483.7333984375
36394,7411.7734375
36395,7267.40673828125
36396,3747.77587890625
36397,9506.9833984375
36398,5310.05419921875
36399,5163.26220703125
36400,11056.669921875
36401,8440.185546875
36402,10739.47265625
36403,5672.27685546875
36404,7214.30078125
36405,4895.98291015625
36406,5254.470703125
36407,15157.529296875
36408,11301.861328125
36409,7068.537109375
36410,6461.14599609375
36411,5367.8017578125
36412,6040.58203125
36413,5451.86279296875
36414,12272.2646484375
36415,5840.97216796875
36416,5554.6181640625
36417,8255.0498046875
36418,5072.70703125
36419,6763.3271484375
36420,7714.21484375
36421,7570.29296875
36422,8000.72021484375
36423,4683.34619140625
36424,5442.931640625
36425,6367.390625
36426,9114.0849609375
36427,8148.80712890625
36428,7577.38818359375
36429,4477.10595703125
36430,7685.18310546875
36431,5704.5546875
36432,5407.4736328125
36433,7174.21044921875
36434,7558.5830078125
36435,6675.99609375
36436,6821.5302734375
36437,6565.45751953125
36438,6634.13720703125
36439,6240.1708984375
36440,7089.2802734375
36441,6674.78369140625
36442,6205.86181640625
36443,10543.701171875
36444,6540.857421875
36445,5239.45703125
36446,12737.2900390625
36447,6285.2646484375
36448,4246.1123046875
36449,7358.1416015625
36450,9145.8681640625
36451,12428.6357421875
36452,5067.072265625
36453,6441.755859375
36454,6043.28857421875
36455,7256.2705078125
36456,6608.11328125
36457,8850.1279296875
36458,3591.550048828125
36459,6294.76318359375
36460,6476.39208984375
36461,5638.67724609375
36462,5744.6318359375
36463,6782.31298828125
36464,8494.8564453125
36465,5941.70263671875
36466,8509.0361328125
36467,7606.1650390625
36468,9127.14453125
36469,6072.81689453125
36470,6856.53369140625
36471,7193.17236328125
36472,8982.6767578125
36473,7835.38232421875
36474,5400.8896484375
36475,8717.4296875
36476,7251.6845703125
36477,8041.23828125
36478,4816.642578125
36479,4931.7236328125
36480,9144.236328125
36481,6227.1279296875
36482,8995.6279296875
36483,7596.65576171875
36484,5810.00634765625
36485,8082.85888671875
36486,7337.68896484375
36487,7444.72314453125
36488,8375.36328125
36489,6441.48876953125
36490,9493.0517578125
36491,10985.458984375
36492,8332.7197265625
36493,4815.5185546875
36494,6443.48583984375
36495,4609.52490234375
36496,3168.444580078125
36497,8377.677734375
36498,6185.2548828125
36499,9399.0107421875
36500,4890.75048828125
36501,5814.18701171875
36502,5623.7861328125
36503,9338.5966796875
36504,5950.28515625
36505,5296.076171875
36506,5765.2666015625
36507,7607.0322265625
36508,5801.81982421875
36509,7741.1494140625
36510,7518.33251953125
36511,8811.9619140625
36512,8544.294921875
36513,7180.02294921875
36514,6388.083984375
36515,5080.62646484375
36516,5950.26123046875
36517,10684.8828125
36518,9562.7158203125
36519,10539.64453125
36520,14616.9521484375
36521,5793.392578125
36522,5339.5986328125
36523,5905.306640625
36524,8723.388671875
36525,10140.375
36526,7734.73046875
36527,8515.01953125
36528,8636.3759765625
36529,6952.6162109375
36530,7150.89208984375
36531,5849.1845703125
36532,4998.35888671875
36533,5925.53076171875
36534,4444.267578125
36535,5627.43017578125
36536,8970.921875
36537,16519.197265625
36538,6943.693359375
36539,5476.11572265625
36540,7880.10107421875
36541,4862.62353515625
36542,7063.06982421875
36543,5154.97265625
36544,8733.0869140625
36545,7350.38916015625
36546,6836.32421875
36547,13927.1669921875
36548,10772.6767578125
36549,7245.6669921875
36550,7343.29443359375
36551,4304.05517578125
36552,5021.5751953125
36553,6019.08740234375
36554,8899.1923828125
36555,6129.27197265625
36556,4826.84130859375
36557,5831.79345703125
36558,5867.19189453125
36559,6756.10546875
36560,7430.3056640625
36561,4952.662109375
36562,7476.4970703125
36563,7710.94482421875
36564,8108.81298828125
36565,5616.86181640625
36566,5024.5966796875
36567,7565.82421875
36568,5429.69677734375
36569,9860.134765625
36570,4900.6552734375
36571,6810.2119140625
36572,7677.39453125
36573,6489.533203125
36574,5667.63916015625
36575,7834.09521484375
36576,8194.6787109375
36577,9528.705078125
36578,10037.5771484375
36579,6288.27783203125
36580,4200.6435546875
36581,6048.83203125
36582,6133.6669921875
36583,4976.30029296875
36584,6929.6708984375
36585,6321.564453125
36586,11807.4052734375
36587,8594.3330078125
36588,6338.673828125
36589,7618.03173828125
36590,6149.6904296875
36591,9330.8935546875
36592,5917.04345703125
36593,13435.431640625
36594,7077.80126953125
36595,5642.33154296875
36596,5572.8017578125
36597,4554.75
36598,7879.47705078125
36599,20198.443359375
36600,4135.76171875
36601,5302.373046875
36602,9121.3828125
36603,6579.83056640625
36604,7289.6025390625
36605,8971.8740234375
36606,6252.3984375
36607,5429.189453125
36608,5092.50732421875
36609,10658.8662109375
36610,6534.4658203125
36611,7872.37841796875
36612,8455.7763671875
36613,5182.4814453125
36614,7351.232421875
36615,7005.1044921875
36616,4550.72314453125
36617,9107.765625
36618,9521.0888671875
36619,4894.3515625
36620,8089.8935546875
36621,7431.9521484375
36622,6010.41796875
36623,10450.96875
36624,7608.8740234375
36625,8350.3349609375
36626,5181.341796875
36627,6090.68701171875
36628,7389.17919921875
36629,4861.16748046875
36630,9000.12890625
36631,4289.87158203125
36632,5808.27294921875
36633,4735.79248046875
36634,6853.64013671875
36635,5922.18798828125
36636,7225.251953125
36637,7087.1953125
36638,8167.640625
36639,6485.49462890625
36640,7169.2685546875
36641,6788.771484375
36642,8679.6796875
36643,10293.6650390625
36644,8132.6513671875
36645,4309.87158203125
36646,6084.53125
36647,7670.80322265625
36648,4125.95654296875
36649,11988.759765625
36650,5842.1494140625
36651,7478.7783203125
36652,10758.4716796875
36653,7452.62646484375
36654,4636.736328125
36655,13580.7236328125
36656,10390.5263671875
36657,6222.44091796875
36658,9944.439453125
36659,10242.58984375
36660,6534.708984375
36661,6453.16064453125
36662,7602.4072265625
36663,5726.3134765625
36664,5482.19091796875
36665,7081.6767578125
36666,4868.974609375
36667,7251.1669921875
36668,7176.7890625
36669,6758.74658203125
36670,8482.3515625
36671,6404.31201171875
36672,7021.24658203125
36673,5901.7236328125
36674,7965.1416015625
36675,6687.05859375
36676,7159.54052734375
36677,6265.1748046875
36678,7249.759765625
36679,9343.462890625
36680,5921.07568359375
36681,5423.14794921875
36682,6687.30517578125
36683,7556.14453125
36684,7077.9326171875
36685,4475.04443359375
36686,4715.89013671875
36687,7444.22119140625
36688,7394.26025390625
36689,5915.23046875
36690,8238.3994140625
36691,6551.0126953125
36692,7010.8603515625
36693,5091.494140625
36694,3233.754150390625
36695,8102.87890625
36696,6754.74072265625
36697,6613.94775390625
36698,9448.9912109375
36699,9077.935546875
36700,4659.8681640625
36701,8852.4853515625
36702,4291.173828125
36703,2750.6025390625
36704,7160.51025390625
36705,8673.2265625
36706,8189.45458984375
36707,7246.43701171875
36708,4619.31591796875
36709,6241.25537109375
36710,9134.6455078125
36711,6597.634765625
36712,5978.55078125
36713,5403.6650390625
36714,5077.84423828125
36715,5462.734375
36716,5522.98779296875
36717,5201.5126953125
36718,5289.53955078125
36719,5514.044921875
36720,4466.443359375
36721,6980.86328125
36722,6356.32275390625
36723,5384.98828125
36724,6497.1904296875
36725,8022.779296875
36726,6315.47119140625
36727,5865.47998046875
36728,10304.376953125
36729,7473.0400390625
36730,5595.99609375
36731,4092.17138671875
36732,12125.095703125
36733,6501.67919921875
36734,5864.3876953125
36735,7661.39990234375
36736,7733.865234375
36737,7763.40625
36738,6736.2421875
36739,7211.623046875
36740,8573.056640625
36741,14017.0458984375
36742,4906.08154296875
36743,5181.41943359375
36744,5431.2841796875
36745,7458.7578125
36746,6389.43408203125
36747,8215.6591796875
36748,9214.2216796875
36749,5984.31982421875
36750,4339.55322265625
36751,5913.29736328125
36752,11712.9541015625
36753,4878.88623046875
36754,8063.640625
36755,4114.05126953125
36756,8130.87890625
36757,7859.5400390625
36758,7585.20068359375
36759,8312.302734375
36760,6855.9150390625
36761,4980.22802734375
36762,7489.076171875
36763,7272.85693359375
36764,9159.96875
36765,7300.25830078125
36766,8498.9560546875
36767,6453.01318359375
36768,4553.96728515625
36769,10005.4326171875
36770,4742.17236328125
36771,9183.05859375
36772,6337.12158203125
36773,4955.87451171875
36774,7625.85302734375
36775,6302.7568359375
36776,7527.2587890625
36777,7760.8896484375
36778,4792.58056640625
36779,4630.99267578125
36780,8416.5810546875
36781,8977.4296875
36782,9598.5546875
36783,5783.02734375
36784,6204.84521484375
36785,6551.6552734375
36786,7218.9619140625
36787,5163.060546875
36788,10107.8125
36789,9109.4052734375
36790,11421.892578125
36791,4376.470703125
36792,6217.39501953125
36793,9610.828125
36794,9598.10546875
36795,5632.916015625
36796,9913.126953125
36797,6434.5009765625
36798,6454.88623046875
36799,6116.6220703125
36800,5448.3779296875
36801,5056.87939453125
36802,5640.9912109375
36803,4783.85009765625
36804,5316.90576171875
36805,8570.8193359375
36806,7569.857421875
36807,23686.88671875
36808,7362.9306640625
36809,5670.19482421875
36810,8790.693359375
36811,11051.798828125
36812,7350.2255859375
36813,7966.3505859375
36814,6194.70458984375
36815,8954.9541015625
36816,8652.5673828125
36817,6646.32763671875
36818,6181.53076171875
36819,7352.1025390625
36820,9007.1201171875
36821,7588.421875
36822,9269.1357421875
36823,6056.97900390625
36824,4832.04931640625
36825,8695.9013671875
36826,10928.1337890625
36827,11588.703125
36828,10220.322265625
36829,8390.123046875
36830,5619.396484375
36831,6341.49365234375
36832,4826.02880859375
36833,8255.6259765625
36834,10459.462890625
36835,10134.7685546875
36836,6256.005859375
36837,6468.47802734375
36838,5277.60693359375
36839,5528.1357421875
36840,11800.5869140625
36841,7015.1357421875
36842,5984.18359375
36843,7046.28955078125
36844,7754.7431640625
36845,4198.20361328125
36846,8809.3759765625
36847,5367.25634765625
36848,7595.64892578125
36849,7160.30078125
36850,7145.03125
36851,7709.203125
36852,7929.0986328125
36853,5803.40185546875
36854,7267.95751953125
36855,7838.80322265625
36856,11819.033203125
36857,6592.6806640625
36858,8879.7587890625
36859,9575.9541015625
36860,10988.171875
36861,7307.9052734375
36862,10392.275390625
36863,5393.841796875
36864,5706.7998046875
36865,7089.56298828125
36866,6702.693359375
36867,10156.16796875
36868,7990.94482421875
36869,6124.615234375
36870,7859.76953125
36871,6930.0732421875
36872,10952.6611328125
36873,4128.8974609375
36874,14604.96875
36875,5433.26904296875
36876,5885.8564453125
36877,9219.2314453125
36878,5319.060546875
36879,7460.53076171875
36880,6422.03759765625
36881,8287.615234375
36882,7370.55419921875
36883,6300.63330078125
36884,8545.1640625
36885,8360.41796875
36886,8626.7255859375
36887,5354.916015625
36888,7477.85546875
36889,13149.7578125
36890,7580.427734375
36891,6801.69287109375
36892,7508.62744140625
36893,6626.42822265625
36894,6605.26025390625
36895,7631.3203125
36896,4389.31884765625
36897,8225.7216796875
36898,6623.21484375
36899,7218.94189453125
36900,10749.6005859375
36901,5064.40283203125
36902,5801.85888671875
36903,5325.1259765625
36904,8991.6484375
36905,8575.7548828125
36906,5207.76318359375
36907,5186.06591796875
36908,7667.18994140625
36909,6320.63232421875
36910,6461.921875
36911,7550.74951171875
36912,7340.97705078125
36913,8071.2763671875
36914,6120.70068359375
36915,5201.59619140625
36916,7434.28515625
36917,8871.2998046875
36918,9592.0244140625
36919,8344.935546875
36920,8907.4619140625
36921,6394.02099609375
36922,9725.361328125
36923,6712.517578125
36924,7506.05810546875
36925,9976.3349609375
36926,6628.43798828125
36927,10904.7197265625
36928,10295.7421875
36929,8727.7470703125
36930,6564.03271484375
36931,7599.71923828125
36932,8556.7861328125
36933,6480.505859375
36934,4180.5166015625
36935,7318.61083984375
36936,9453.0966796875
36937,6636.79248046875
36938,5485.2080078125
36939,8768.96484375
36940,7057.56591796875
36941,5764.609375
36942,6448.64697265625
36943,5883.37548828125
36944,8395.6982421875
36945,8047.31494140625
36946,7581.724609375
36947,6054.7109375
36948,6365.09130859375
36949,7067.5810546875
36950,4147.30615234375
36951,6879.06884765625
36952,6458.94140625
36953,10029.41015625
36954,7713.07568359375
36955,6576.27197265625
36956,11568.251953125
36957,6909.7607421875
36958,5093.10693359375
36959,11294.8828125
36960,7917.330078125
36961,8680.0048828125
36962,8564.2724609375
36963,6003.349609375
36964,6836.55517578125
36965,5919.95751953125
36966,8075.53369140625
36967,12541.564453125
36968,6960.4453125
36969,3850.1796875
36970,5925.27783203125
36971,8244.34765625
36972,8761.5390625
36973,7934.5576171875
36974,7882.49951171875
36975,5116.2822265625
36976,5367.96484375
36977,3828.994384765625
36978,5945.3369140625
36979,7112.40478515625
36980,7839.52587890625
36981,7182.52734375
36982,6726.81787109375
36983,8761.0791015625
36984,10565.234375
36985,8085.12841796875
36986,5513.1474609375
36987,10207.595703125
36988,11923.326171875
36989,5680.138671875
36990,8621.587890625
36991,5789.21875
36992,7143.90087890625
36993,4554.73388671875
36994,8455.1533203125
36995,5561.814453125
36996,9721.8427734375
36997,7680.39306640625
36998,9657.9638671875
36999,8893.7490234375
37000,5799.89013671875
37001,9190.767578125
37002,19991.7890625
37003,11869.7265625
37004,7010.21875
37005,3456.634521484375
37006,7191.5458984375
37007,10034.669921875
37008,5800.98779296875
37009,12434.59765625
37010,20948.642578125
37011,4767.38232421875
37012,6121.15478515625
37013,9377.087890625
37014,6046.65234375
37015,8904.9033203125
37016,7681.5087890625
37017,8425.6962890625
37018,5814.42822265625
37019,7131.8662109375
37020,7335.6279296875
37021,7972.6943359375
37022,10548.3876953125
37023,6842.42822265625
37024,6754.7578125
37025,7234.64111328125
37026,6040.83642578125
37027,5408.00634765625
37028,9311.1103515625
37029,6547.25732421875
37030,6771.4091796875
37031,8103.8203125
37032,6893.66943359375
37033,7405.259765625
37034,8010.16650390625
37035,7989.0341796875
37036,8969.8359375
37037,9948.5908203125
37038,8291.3955078125
37039,5820.32568359375
37040,4088.022216796875
37041,8125.19384765625
37042,6822.630859375
37043,6512.59375
37044,5115.4404296875
37045,9087.3359375
37046,7474.56201171875
37047,11041.0517578125
37048,7436.96630859375
37049,6206.96240234375
37050,5478.03857421875
37051,5569.0830078125
37052,10840.029296875
37053,5715.59326171875
37054,7310.87060546875
37055,15473.185546875
37056,7119.77197265625
37057,5779.04833984375
37058,5694.181640625
37059,5561.56494140625
37060,7089.53271484375
37061,4486.86279296875
37062,6207.35107421875
37063,10759.1376953125
37064,5612.71630859375
37065,16366.94921875
37066,15725.3974609375
37067,5536.20703125
37068,7489.71435546875
37069,6137.849609375
37070,7494.7685546875
37071,6467.32958984375
37072,12283.0478515625
37073,7521.45654296875
37074,10489.240234375
37075,5560.7841796875
37076,8203.9033203125
37077,6202.17626953125
37078,9185.8505859375
37079,7139.20751953125
37080,6557.67041015625
37081,7093.68994140625
37082,6189.24853515625
37083,9113.7392578125
37084,10428.53125
37085,6454.89453125
37086,10836.9853515625
37087,7072.2001953125
37088,10901.6982421875
37089,5763.5263671875
37090,6093.92333984375
37091,6392.5595703125
37092,12217.6728515625
37093,7130.77001953125
37094,8120.4404296875
37095,7927.09423828125
37096,9434.9375
37097,4748.42431640625
37098,9334.142578125
37099,7672.83544921875
37100,4728.1025390625
37101,12490.5009765625
37102,18188.9453125
37103,8662.2490234375
37104,7240.04248046875
37105,10528.9443359375
37106,11023.0478515625
37107,12177.79296875
37108,5966.751953125
37109,8268.677734375
37110,6852.98291015625
37111,9658.7900390625
37112,4579.03759765625
37113,6793.21044921875
37114,6373.908203125
37115,6232.31787109375
37116,8221.6484375
37117,6214.32177734375
37118,5286.5048828125
37119,8121.9873046875
37120,4216.1640625
37121,5511.04052734375
37122,6637.64404296875
37123,7839.17822265625
37124,10505.8681640625
37125,8684.486328125
37126,8254.2783203125
37127,6756.1376953125
37128,6905.68701171875
37129,9600.8076171875
37130,7510.1328125
37131,5919.76708984375
37132,5652.50537109375
37133,11059.8544921875
37134,4936.56396484375
37135,7351.50244140625
37136,3629.29541015625
37137,5985.4091796875
37138,8324.00390625
37139,7073.37255859375
37140,6412.83935546875
37141,9870.216796875
37142,10076.14453125
37143,12721.2314453125
37144,6777.56787109375
37145,10485.3916015625
37146,3316.1494140625
37147,5772.529296875
37148,6987.40673828125
37149,5506.58984375
37150,9176.7568359375
37151,5849.30078125
37152,5750.2626953125
37153,9415.2880859375
37154,12060.8515625
37155,9285.7578125
37156,5377.16259765625
37157,6100.716796875
37158,14832.330078125
37159,10099.4599609375
37160,6435.23046875
37161,5697.8330078125
37162,7797.75634765625
37163,10176.02734375
37164,5503.26318359375
37165,6639.79638671875
37166,9345.0107421875
37167,9125.42578125
37168,14677.439453125
37169,7678.38623046875
37170,13432.388671875
37171,7166.5947265625
37172,5905.61328125
37173,3652.196044921875
37174,6775.193359375
37175,6826.5927734375
37176,6164.63330078125
37177,7996.00390625
37178,5670.6123046875
37179,4651.216796875
37180,7520.71240234375
37181,5170.50341796875
37182,7170.673828125
37183,7560.482421875
37184,8382.798828125
37185,8899.62890625
37186,5611.734375
37187,9737.080078125
37188,6222.55322265625
37189,6606.83935546875
37190,6244.97412109375
37191,6103.86181640625
37192,11145.2373046875
37193,7008.89892578125
37194,5602.41357421875
37195,7832.96240234375
37196,8769.572265625
37197,8075.0673828125
37198,6481.97802734375
37199,9478.80078125
37200,6167.83740234375
37201,6725.4462890625
37202,6550.7548828125
37203,9115.76953125
37204,6620.01953125
37205,7181.779296875
37206,5697.7568359375
37207,6208.431640625
37208,5121.3056640625
37209,5609.419921875
37210,7034.015625
37211,10330.1376953125
37212,11112.95703125
37213,11718.17578125
37214,9074.1357421875
37215,8985.6455078125
37216,4508.0595703125
37217,11195.8837890625
37218,12101.46484375
37219,7574.60400390625
37220,8929.2724609375
37221,8816.1484375
37222,6560.16943359375
37223,3994.62353515625
37224,9587.8017578125
37225,7496.51123046875
37226,7955.5224609375
37227,6504.6142578125
37228,3355.6015625
37229,13020.25
37230,5910.9306640625
37231,8255.271484375
37232,4860.005859375
37233,5579.1962890625
37234,7191.423828125
37235,8902.89453125
37236,7524.72119140625
37237,5783.9228515625
37238,5184.6396484375
37239,5295.3095703125
37240,4266.93017578125
37241,8194.603515625
37242,18051.90625
37243,5005.7880859375
37244,6199.12353515625
37245,7400.8525390625
37246,5324.373046875
37247,5451.9921875
37248,5275.09912109375
37249,4938.8154296875
37250,7686.650390625
37251,6983.20849609375
37252,3965.83154296875
37253,10010.9736328125
37254,5758.33837890625
37255,5195.19189453125
37256,11383.9462890625
37257,9335.8125
37258,11251.611328125
37259,6186.64892578125
37260,7641.84521484375
37261,5254.58544921875
37262,5666.8291015625
37263,17709.748046875
37264,12002.357421875
37265,6786.806640625
37266,6641.7236328125
37267,4850.1669921875
37268,6112.40283203125
37269,4849.7236328125
37270,10532.021484375
37271,7143.6796875
37272,5476.333984375
37273,7756.716796875
37274,5314.5185546875
37275,6881.5439453125
37276,8275.8681640625
37277,8045.83837890625
37278,7727.865234375
37279,4957.19384765625
37280,5787.296875
37281,6236.98291015625
37282,9831.28125
37283,8779.6474609375
37284,7854.943359375
37285,5175.83642578125
37286,8076.86767578125
37287,6424.91748046875
37288,5601.6494140625
37289,7099.353515625
37290,7588.10009765625
37291,6846.2568359375
37292,6950.6640625
37293,7052.759765625
37294,7225.18115234375
37295,5916.7578125
37296,7234.4580078125
37297,6986.0283203125
37298,7197.408203125
37299,10721.068359375
37300,6978.9775390625
37301,5850.33056640625
37302,13407.2509765625
37303,6572.97412109375
37304,5081.84326171875
37305,8120.0927734375
37306,9414.685546875
37307,13473.421875
37308,5313.169921875
37309,6390.4052734375
37310,6380.62646484375
37311,7773.32568359375
37312,6926.7568359375
37313,9077.0205078125
37314,3918.848388671875
37315,6968.47216796875
37316,6821.31396484375
37317,6196.15869140625
37318,5892.70703125
37319,7682.2880859375
37320,9448.7265625
37321,6107.75537109375
37322,9479.2001953125
37323,8388.541015625
37324,9339.5400390625
37325,6592.81787109375
37326,7338.9951171875
37327,7302.248046875
37328,9476.5859375
37329,8370.2109375
37330,3885.289794921875
37331,9870.56640625
37332,7830.6689453125
37333,8049.04638671875
37334,5170.68505859375
37335,5068.3466796875
37336,9662.6259765625
37337,6090.2646484375
37338,9363.7890625
37339,7562.36279296875
37340,6325.86669921875
37341,7140.7861328125
37342,7370.63623046875
37343,7429.85107421875
37344,8223.2109375
37345,6443.728515625
37346,9871.62109375
37347,10981.962890625
37348,8582.197265625
37349,5293.4921875
37350,6891.181640625
37351,4509.53857421875
37352,3640.6357421875
37353,8540.2548828125
37354,6416.18603515625
37355,9725.7236328125
37356,5442.53173828125
37357,6182.16943359375
37358,5850.78271484375
37359,10889.4560546875
37360,6378.99462890625
37361,5602.39208984375
37362,6410.43798828125
37363,8018.943359375
37364,5519.2158203125
37365,8367.7587890625
37366,7848.80224609375
37367,9335.740234375
37368,8803.568359375
37369,7460.5458984375
37370,5952.6796875
37371,5812.890625
37372,5473.845703125
37373,11559.4580078125
37374,10855.8125
37375,10317.15234375
37376,14916.8701171875
37377,6239.185546875
37378,5164.82763671875
37379,6269.87451171875
37380,9069.318359375
37381,10698.5615234375
37382,8516.140625
37383,8809.6162109375
37384,8909.91796875
37385,7327.640625
37386,8243.419921875
37387,6029.09716796875
37388,5424.42333984375
37389,5751.06591796875
37390,4860.8916015625
37391,6041.3974609375
37392,9098.587890625
37393,18028.23046875
37394,7173.0205078125
37395,5893.60595703125
37396,8715.28515625
37397,4714.75244140625
37398,6799.37451171875
37399,4739.83251953125
37400,9613.3232421875
37401,7318.1005859375
37402,7028.640625
37403,13608.01171875
37404,12292.2998046875
37405,7238.29638671875
37406,7626.93115234375
37407,4162.01708984375
37408,5409.9892578125
37409,6105.4248046875
37410,8615.578125
37411,6467.0849609375
37412,4854.9580078125
37413,6725.1162109375
37414,6508.126953125
37415,7104.8818359375
37416,7480.97607421875
37417,4697.37744140625
37418,7651.314453125
37419,8553.583984375
37420,8047.25634765625
37421,6105.72802734375
37422,5425.021484375
37423,7545.30126953125
37424,5501.39404296875
37425,9968.4931640625
37426,5815.87646484375
37427,6327.033203125
37428,7746.01708984375
37429,6879.5390625
37430,5553.263671875
37431,7814.2216796875
37432,8807.03125
37433,10850.986328125
37434,11302.828125
37435,6545.9365234375
37436,3676.927001953125
37437,6450.51611328125
37438,6555.1162109375
37439,5289.07470703125
37440,7395.85302734375
37441,6378.03173828125
37442,11731.408203125
37443,9238.369140625
37444,6560.908203125
37445,8756.7724609375
37446,5907.8427734375
37447,9694.3173828125
37448,6452.92578125
37449,14473.658203125
37450,6995.419921875
37451,6141.47607421875
37452,5841.64013671875
37453,4663.138671875
37454,8441.078125
37455,21553.37109375
37456,4868.25146484375
37457,5372.9560546875
37458,8311.0927734375
37459,7059.11181640625
37460,8331.00390625
37461,9060.26953125
37462,6114.6083984375
37463,5782.919921875
37464,4835.27734375
37465,12045.3759765625
37466,6757.4833984375
37467,8267.2255859375
37468,8596.9560546875
37469,5679.76904296875
37470,8292.7197265625
37471,7214.50830078125
37472,4954.38525390625
37473,8957.0546875
37474,9773.2138671875
37475,5014.2890625
37476,8108.197265625
37477,7328.57861328125
37478,5534.6884765625
37479,10338.1328125
37480,7581.93798828125
37481,8426.0576171875
37482,5204.31005859375
37483,6190.3701171875
37484,8861.0341796875
37485,4178.9296875
37486,8682.509765625
37487,4477.01513671875
37488,5895.4580078125
37489,4975.935546875
37490,7219.1484375
37491,6284.2197265625
37492,7948.439453125
37493,7347.7841796875
37494,8011.67919921875
37495,6353.59033203125
37496,8186.1982421875
37497,7568.67724609375
37498,10050.6669921875
37499,10531.5390625
37500,7815.90771484375
37501,4507.2001953125
37502,5929.3759765625
37503,7261.40576171875
37504,5532.6396484375
37505,12397.78515625
37506,5928.30712890625
37507,8239.8232421875
37508,12062.2919921875
37509,7073.314453125
37510,4793.88623046875
37511,12947.873046875
37512,11161.7451171875
37513,6512.32861328125
37514,10534.0595703125
37515,10042.2021484375
37516,6744.45166015625
37517,7462.822265625
37518,8279.1728515625
37519,5853.43994140625
37520,5785.10888671875
37521,7852.345703125
37522,5164.46484375
37523,8199.294921875
37524,7579.27783203125
37525,7287.009765625
37526,8873.5673828125
37527,6485.86279296875
37528,7631.32275390625
37529,5335.671875
37530,8444.3544921875
37531,6977.20068359375
37532,7192.1748046875
37533,7451.01318359375
37534,7785.62890625
37535,9283.888671875
37536,6447.04345703125
37537,5447.99755859375
37538,6598.794921875
37539,7805.52783203125
37540,7708.17041015625
37541,4906.27392578125
37542,5144.310546875
37543,8494.7041015625
37544,7741.49853515625
37545,6151.951171875
37546,8137.2451171875
37547,7100.48193359375
37548,8129.57275390625
37549,5443.0341796875
37550,3164.132080078125
37551,8186.4482421875
37552,7082.955078125
37553,7352.4814453125
37554,10201.275390625
37555,10642.828125
37556,5705.93603515625
37557,7809.671875
37558,4722.271484375
37559,2494.67822265625
37560,7830.97705078125
37561,9556.599609375
37562,7347.9716796875
37563,7971.52734375
37564,4745.0400390625
37565,6822.5849609375
37566,10152.765625
37567,7517.1669921875
37568,6133.265625
37569,6175.90185546875
37570,4841.9677734375
37571,5501.0751953125
37572,5712.89794921875
37573,6319.93994140625
37574,5565.154296875
37575,5399.45166015625
37576,4584.29248046875
37577,7219.22119140625
37578,7565.8037109375
37579,5671.98779296875
37580,6681.7060546875
37581,8189.275390625
37582,6310.55615234375
37583,6056.0107421875
37584,10312.984375
37585,8253.9599609375
37586,6027.7138671875
37587,4392.0517578125
37588,11444.7900390625
37589,6776.2529296875
37590,6486.68701171875
37591,8745.591796875
37592,8841.6845703125
37593,7911.68994140625
37594,7040.9345703125
37595,7647.1875
37596,9972.72265625
37597,15637.6982421875
37598,5612.00244140625
37599,5677.6572265625
37600,5384.38232421875
37601,7112.6689453125
37602,6646.076171875
37603,9423.4814453125
37604,8732.271484375
37605,6239.17138671875
37606,4154.35107421875
37607,6460.41015625
37608,10768.3505859375
37609,5083.41015625
37610,8290.6279296875
37611,4396.00439453125
37612,8116.26171875
37613,8744.9921875
37614,7541.26611328125
37615,9397.130859375
37616,7103.39892578125
37617,4907.16015625
37618,7168.966796875
37619,8131.06982421875
37620,9457.4609375
37621,7383.70068359375
37622,8769.720703125
37623,6829.91015625
37624,4829.50634765625
37625,10267.3291015625
37626,4781.14990234375
37627,9549.9873046875
37628,6995.57421875
37629,4771.3779296875
37630,8233.9580078125
37631,6355.03076171875
37632,8002.89013671875
37633,7923.21142578125
37634,4626.62890625
37635,4591.193359375
37636,8932.0458984375
37637,10203.7578125
37638,9948.78125
37639,6772.2109375
37640,6490.619140625
37641,7439.62548828125
37642,7469.9794921875
37643,5297.97021484375
37644,10869.92578125
37645,9299.50390625
37646,12521.3662109375
37647,4234.4775390625
37648,6333.474609375
37649,10149.98046875
37650,9030.349609375
37651,6156.76220703125
37652,9876.8037109375
37653,6736.28857421875
37654,6539.30419921875
37655,6119.68603515625
37656,6089.06787109375
37657,4949.38232421875
37658,6239.818359375
37659,4983.61181640625
37660,5883.0263671875
37661,9211.4462890625
37662,7081.703125
37663,24312.625
37664,7488.11962890625
37665,5170.82568359375
37666,8855.2431640625
37667,11971.3671875
37668,7628.57763671875
37669,8376.8046875
37670,6607.9814453125
37671,8618.158203125
37672,8360.046875
37673,6459.17919921875
37674,6228.8037109375
37675,7484.25244140625
37676,8826.7607421875
37677,7924.15478515625
37678,10045.72265625
37679,7408.68408203125
37680,4980.97314453125
37681,9435.0234375
37682,11342.91796875
37683,11345.029296875
37684,11279.4736328125
37685,8740.201171875
37686,6369.693359375
37687,6242.23779296875
37688,5404.39501953125
37689,8483.3154296875
37690,11539.8603515625
37691,9955.7236328125
37692,6524.15087890625
37693,6734.28466796875
37694,5678.109375
37695,5971.92919921875
37696,12075.365234375
37697,7820.69970703125
37698,5615.89208984375
37699,6839.43212890625
37700,8023.34716796875
37701,3919.882080078125
37702,8366.6025390625
37703,5001.2265625
37704,6485.203125
37705,8012.2841796875
37706,6085.2119140625
37707,7887.72265625
37708,7519.12158203125
37709,5859.2373046875
37710,7612.28955078125
37711,7644.6474609375
37712,11916.126953125
37713,6964.1259765625
37714,9660.0498046875
37715,9160.8564453125
37716,11672.5283203125
37717,7797.31982421875
37718,10654.21484375
37719,6306.513671875
37720,5282.29345703125
37721,7273.1884765625
37722,6178.181640625
37723,9989.9423828125
37724,8747.4794921875
37725,6574.462890625
37726,8460.978515625
37727,7416.986328125
37728,10369.1015625
37729,4228.896484375
37730,14112.0146484375
37731,5798.744140625
37732,6185.4970703125
37733,9729.7080078125
37734,5261.4443359375
37735,8060.5595703125
37736,6758.4072265625
37737,8047.10986328125
37738,6831.7314453125
37739,6152.1591796875
37740,7592.42041015625
37741,8661.0302734375
37742,8704.404296875
37743,5136.8759765625
37744,7615.6083984375
37745,12600.244140625
37746,7425.35595703125
37747,6510.09228515625
37748,7743.5791015625
37749,5962.41796875
37750,6100.18212890625
37751,8038.05029296875
37752,4155.19775390625
37753,8670.4638671875
37754,6325.68359375
37755,8065.70703125
37756,10215.259765625
37757,5186.09228515625
37758,6262.6591796875
37759,5631.236328125
37760,9606.015625
37761,9363.2998046875
37762,5451.15283203125
37763,5644.48095703125
37764,7626.45263671875
37765,6210.46142578125
37766,6370.51318359375
37767,7236.439453125
37768,6375.47216796875
37769,8099.53515625
37770,6419.09326171875
37771,4806.7568359375
37772,8086.57470703125
37773,7663.46484375
37774,10196.5458984375
37775,8404.357421875
37776,8771.2216796875
37777,6587.17919921875
37778,10005.0107421875
37779,6521.5859375
37780,7754.0234375
37781,9361.0400390625
37782,7044.7041015625
37783,11731.9345703125
37784,9634.8349609375
37785,9324.4716796875
37786,6284.45947265625
37787,7704.1123046875
37788,8842.357421875
37789,6995.01513671875
37790,4076.397216796875
37791,7300.623046875
37792,9448.9951171875
37793,7043.1650390625
37794,5760.18896484375
37795,9540.8623046875
37796,7167.9833984375
37797,5666.650390625
37798,6666.51416015625
37799,5896.3955078125
37800,9331.2421875
37801,8086.0068359375
37802,8521.486328125
37803,5860.70751953125
37804,6382.150390625
37805,7148.4228515625
37806,4419.70361328125
37807,7467.1337890625
37808,7128.1572265625
37809,9898.107421875
37810,8215.0693359375
37811,7121.2919921875
37812,11860.3603515625
37813,7079.7978515625
37814,4568.23291015625
37815,11891.4892578125
37816,7825.7392578125
37817,8681.0
37818,8995.3232421875
37819,5166.8115234375
37820,6819.7705078125
37821,5937.1396484375
37822,8765.1708984375
37823,13245.9267578125
37824,7305.71533203125
37825,3631.0791015625
37826,5066.89501953125
37827,8926.77734375
37828,9615.029296875
37829,8787.9921875
37830,8428.16796875
37831,5337.94677734375
37832,5902.966796875
37833,3685.58544921875
37834,5983.70361328125
37835,6716.11767578125
37836,7519.13720703125
37837,7931.61181640625
37838,6892.53125
37839,8600.7822265625
37840,10408.6455078125
37841,8038.8291015625
37842,5129.27880859375
37843,10906.693359375
37844,13016.7099609375
37845,6206.6162109375
37846,9390.7744140625
37847,5704.42919921875
37848,7134.55908203125
37849,4636.94189453125
37850,9147.693359375
37851,6135.0615234375
37852,9872.3427734375
37853,8096.0400390625
37854,9785.3310546875
37855,9174.0390625
37856,5589.5517578125
37857,9833.375
37858,21290.705078125
37859,11959.9013671875
37860,7486.9580078125
37861,3554.23291015625
37862,7928.642578125
37863,10675.603515625
37864,6058.05810546875
37865,12728.533203125
37866,20380.337890625
37867,4961.67578125
37868,6200.22265625
37869,10080.0341796875
37870,5663.1015625
37871,9040.28125
37872,8044.80712890625
37873,8639.0478515625
37874,5120.666015625
37875,7559.994140625
37876,7686.24267578125
37877,8157.88916015625
37878,10721.07421875
37879,6546.6474609375
37880,6404.10302734375
37881,7651.7509765625
37882,6244.12744140625
37883,5274.38720703125
37884,9392.2587890625
37885,6700.11669921875
37886,6642.1513671875
37887,9209.4296875
37888,7627.716796875
37889,7425.283203125
37890,8658.6630859375
37891,8056.3388671875
37892,8733.9306640625
37893,9832.216796875
37894,9563.1767578125
37895,5637.298828125
37896,3509.9453125
37897,8366.6748046875
37898,6876.61572265625
37899,7035.27197265625
37900,5444.7158203125
37901,9457.671875
37902,7931.81982421875
37903,11214.375
37904,7740.42919921875
37905,6204.794921875
37906,5904.75732421875
37907,5247.75927734375
37908,11637.0048828125
37909,6072.060546875
37910,7399.75439453125
37911,17055.5078125
37912,6891.57421875
37913,6736.28564453125
37914,5629.58935546875
37915,5586.01123046875
37916,7817.75
37917,4146.75439453125
37918,6214.70751953125
37919,11300.046875
37920,5701.87890625
37921,17022.931640625
37922,15798.2158203125
37923,5691.1552734375
37924,7691.54541015625
37925,6449.1767578125
37926,7701.24658203125
37927,6748.5419921875
37928,11798.501953125
37929,7643.83447265625
37930,12096.3740234375
37931,6933.79150390625
37932,8222.869140625
37933,5953.68798828125
37934,9581.5927734375
37935,7612.44873046875
37936,6749.63134765625
37937,6957.26123046875
37938,6048.123046875
37939,9453.28515625
37940,10708.9697265625
37941,6323.787109375
37942,11238.7890625
37943,6729.8671875
37944,11603.4892578125
37945,5663.07666015625
37946,6238.1826171875
37947,6182.8935546875
37948,11789.0810546875
37949,7084.47021484375
37950,9061.2705078125
37951,8169.53076171875
37952,9276.66015625
37953,4209.0537109375
37954,10335.0791015625
37955,7945.080078125
37956,4380.64208984375
37957,12149.716796875
37958,18314.931640625
37959,8524.1767578125
37960,7381.41064453125
37961,11538.1064453125
37962,11664.7119140625
37963,12726.1435546875
37964,7048.62841796875
37965,8553.953125
37966,6808.47802734375
37967,9817.0908203125
37968,4319.0
37969,7224.52783203125
37970,6385.35498046875
37971,6558.4765625
37972,8735.625
37973,6147.240234375
37974,5372.71044921875
37975,8691.619140625
37976,4189.52099609375
37977,5650.33740234375
37978,7069.94287109375
37979,8471.7734375
37980,10601.9482421875
37981,9418.646484375
37982,8095.49609375
37983,6589.5732421875
37984,6969.904296875
37985,10490.9453125
37986,8026.998046875
37987,6173.3828125
37988,5944.93701171875
37989,10494.787109375
37990,4497.228515625
37991,7319.68505859375
37992,3171.19921875
37993,6107.36181640625
37994,8409.439453125
37995,7183.30712890625
37996,5790.24658203125
37997,9641.0771484375
37998,10400.369140625
37999,13447.3251953125
38000,6393.19482421875
38001,10400.04296875
38002,2723.45947265625
38003,6052.18505859375
38004,7159.38134765625
38005,5977.60986328125
38006,9199.0693359375
38007,6548.7978515625
38008,5774.95166015625
38009,9590.2216796875
38010,12193.3876953125
38011,10215.3076171875
38012,6145.02490234375
38013,5783.52734375
38014,13052.91015625
38015,8415.2666015625
38016,7269.9716796875
38017,5726.7001953125
38018,8177.61376953125
38019,11722.818359375
38020,4545.88525390625
38021,6945.869140625
38022,9213.72265625
38023,8815.4365234375
38024,14561.7646484375
38025,7981.0859375
38026,13408.05859375
38027,7411.7275390625
38028,6069.357421875
38029,3713.202880859375
38030,6811.90185546875
38031,6850.4638671875
38032,6461.083984375
38033,7175.95068359375
38034,5744.37109375
38035,4863.5478515625
38036,7364.1123046875
38037,4809.5556640625
38038,7798.69873046875
38039,7979.703125
38040,8661.59375
38041,9557.986328125
38042,6027.70166015625
38043,10393.119140625
38044,6540.541015625
38045,6844.978515625
38046,5807.57373046875
38047,5184.572265625
38048,11184.9248046875
38049,7376.65576171875
38050,6189.583984375
38051,7774.65576171875
38052,8733.314453125
38053,8288.888671875
38054,6846.16259765625
38055,9383.5302734375
38056,6415.90185546875
38057,6630.43359375
38058,7304.38671875
38059,8838.5751953125
38060,7239.79833984375
38061,6867.8447265625
38062,5597.56591796875
38063,6479.9873046875
38064,5062.4462890625
38065,5640.53369140625
38066,6998.0341796875
38067,10162.28515625
38068,11215.759765625
38069,11117.2001953125
38070,8863.875
38071,8723.2744140625
38072,4471.677734375
38073,11220.75
38074,11853.22265625
38075,7628.4248046875
38076,9628.103515625
38077,10684.2890625
38078,7246.20947265625
38079,4326.87255859375
38080,10574.2275390625
38081,7600.361328125
38082,8654.5986328125
38083,6705.77001953125
38084,3871.169189453125
38085,13521.9921875
38086,6334.814453125
38087,8580.4541015625
38088,4851.00146484375
38089,5218.77978515625
38090,7578.1396484375
38091,9666.984375
38092,7716.11376953125
38093,5700.41357421875
38094,5234.783203125
38095,5159.53662109375
38096,4371.88623046875
38097,8080.80322265625
38098,18440.943359375
38099,5960.03125
38100,5888.47802734375
38101,7558.794921875
38102,5212.9072265625
38103,6128.671875
38104,4938.55419921875
38105,5178.20068359375
38106,8437.921875
38107,7009.87158203125
38108,4251.3974609375
38109,10410.328125
38110,6654.81884765625
38111,5313.5849609375
38112,11347.9384765625
38113,9259.8701171875
38114,11558.2880859375
38115,6405.9833984375
38116,8462.8212890625
38117,5406.47314453125
38118,5981.8271484375
38119,16346.2041015625
38120,10496.078125
38121,6819.50341796875
38122,7043.93017578125
38123,4933.1064453125
38124,6061.50146484375
38125,5212.51318359375
38126,10853.03125
38127,6944.693359375
38128,6437.53271484375
38129,8232.166015625
38130,5573.33642578125
38131,7592.6884765625
38132,9287.7861328125
38133,7698.20654296875
38134,8247.9443359375
38135,5108.5634765625
38136,6044.92822265625
38137,6193.2529296875
38138,10487.3232421875
38139,8991.236328125
38140,7838.4892578125
38141,5291.9560546875
38142,8006.77783203125
38143,6739.23681640625
38144,4846.345703125
38145,7714.9072265625
38146,7720.06494140625
38147,7400.099609375
38148,7298.83251953125
38149,7107.9853515625
38150,7289.07421875
38151,6552.57275390625
38152,7518.18505859375
38153,7300.27490234375
38154,7687.6513671875
38155,10561.984375
38156,7275.2431640625
38157,5667.8095703125
38158,13685.5546875
38159,6414.3994140625
38160,5185.45849609375
38161,9025.865234375
38162,9511.267578125
38163,14195.12890625
38164,5119.90185546875
38165,6434.494140625
38166,6581.111328125
38167,7782.10595703125
38168,7242.123046875
38169,9060.474609375
38170,3907.4951171875
38171,7296.0107421875
38172,7127.86669921875
38173,6333.53759765625
38174,6253.78564453125
38175,7515.8525390625
38176,10165.7158203125
38177,6830.94189453125
38178,9426.4013671875
38179,8404.6357421875
38180,9415.4853515625
38181,5396.61279296875
38182,7702.1396484375
38183,8074.42919921875
38184,8843.435546875
38185,9274.9833984375
38186,4343.6591796875
38187,8677.326171875
38188,8370.9013671875
38189,8203.7158203125
38190,5551.6142578125
38191,5371.9482421875
38192,10283.4208984375
38193,7275.87841796875
38194,9607.607421875
38195,7587.95703125
38196,6747.3330078125
38197,8290.2236328125
38198,9109.236328125
38199,9096.1943359375
38200,9293.1328125
38201,7172.29638671875
38202,10176.2021484375
38203,11348.6728515625
38204,9396.0029296875
38205,5791.4501953125
38206,6881.59912109375
38207,4809.71630859375
38208,5087.76806640625
38209,9154.2470703125
38210,6085.58935546875
38211,10476.9560546875
38212,4992.28271484375
38213,6218.3271484375
38214,6536.23291015625
38215,10344.87890625
38216,5962.63037109375
38217,5903.8603515625
38218,6603.9248046875
38219,7992.6123046875
38220,5688.794921875
38221,7824.6005859375
38222,7063.00341796875
38223,9862.638671875
38224,8830.0732421875
38225,7498.91748046875
38226,5805.71240234375
38227,5974.03564453125
38228,5569.1416015625
38229,12700.462890625
38230,9921.5869140625
38231,10214.30078125
38232,15427.9921875
38233,6883.34423828125
38234,5587.33203125
38235,7292.23095703125
38236,9344.1728515625
38237,10546.9404296875
38238,8781.1953125
38239,9364.27734375
38240,9121.7744140625
38241,7627.2158203125
38242,8007.486328125
38243,6266.35400390625
38244,5539.505859375
38245,5508.84033203125
38246,4897.23193359375
38247,6058.6298828125
38248,9653.6171875
38249,18364.017578125
38250,7212.91943359375
38251,5158.31591796875
38252,9295.0859375
38253,4553.40478515625
38254,6384.826171875
38255,4298.4521484375
38256,9505.7685546875
38257,7036.6005859375
38258,7177.75537109375
38259,14049.1806640625
38260,12646.728515625
38261,7501.85595703125
38262,6972.96923828125
38263,3890.032958984375
38264,5489.41015625
38265,6317.52685546875
38266,8750.759765625
38267,7110.623046875
38268,4778.54736328125
38269,7323.43603515625
38270,6507.01953125
38271,7944.4755859375
38272,7865.134765625
38273,4830.48974609375
38274,7725.13427734375
38275,9007.2490234375
38276,7830.8359375
38277,6796.26220703125
38278,6126.32958984375
38279,7911.70166015625
38280,5808.86962890625
38281,10233.005859375
38282,5290.59814453125
38283,6212.03759765625
38284,7355.09228515625
38285,6884.23828125
38286,5358.9130859375
38287,7401.94140625
38288,8894.0146484375
38289,10790.078125
38290,11763.583984375
38291,6110.09814453125
38292,3879.264404296875
38293,6325.8046875
38294,7488.291015625
38295,5809.279296875
38296,8525.4521484375
38297,6430.0791015625
38298,12952.0908203125
38299,9101.505859375
38300,6039.33251953125
38301,7968.45947265625
38302,6722.9365234375
38303,9922.05859375
38304,6966.5048828125
38305,15093.552734375
38306,7357.50439453125
38307,6220.3681640625
38308,5934.52880859375
38309,4174.55078125
38310,8529.029296875
38311,20187.994140625
38312,4960.953125
38313,5323.865234375
38314,9706.8232421875
38315,7863.47607421875
38316,7602.3515625
38317,9512.185546875
38318,6906.2373046875
38319,5810.92529296875
38320,4928.25830078125
38321,12215.28515625
38322,7028.4658203125
38323,8181.77880859375
38324,9765.8408203125
38325,5660.080078125
38326,8643.73828125
38327,7529.42041015625
38328,4974.20166015625
38329,9024.8359375
38330,10073.1064453125
38331,5415.9619140625
38332,8214.064453125
38333,7448.765625
38334,4921.4609375
38335,10998.1259765625
38336,6972.43212890625
38337,8552.3125
38338,4865.6904296875
38339,6662.240234375
38340,7725.48095703125
38341,4230.08837890625
38342,9248.314453125
38343,4725.88427734375
38344,7094.47216796875
38345,5377.6103515625
38346,7028.35693359375
38347,6849.1630859375
38348,7448.994140625
38349,7592.5966796875
38350,8648.4326171875
38351,6414.8623046875
38352,8175.97607421875
38353,7790.8447265625
38354,10034.8251953125
38355,10895.6826171875
38356,8204.7548828125
38357,4336.29150390625
38358,6652.65869140625
38359,7602.99853515625
38360,5512.22265625
38361,12173.1611328125
38362,6130.44677734375
38363,8865.4140625
38364,12904.5771484375
38365,7813.509765625
38366,4526.23779296875
38367,13314.576171875
38368,10655.12890625
38369,6156.97021484375
38370,11743.2919921875
38371,10800.5380859375
38372,7107.28857421875
38373,8283.375
38374,8561.5478515625
38375,6537.83544921875
38376,6146.416015625
38377,7834.89111328125
38378,5327.68701171875
38379,8843.6259765625
38380,7443.79833984375
38381,7826.0029296875
38382,9480.9521484375
38383,6556.54541015625
38384,8100.150390625
38385,5912.099609375
38386,8765.3251953125
38387,7233.19189453125
38388,6604.71875
38389,7634.39599609375
38390,8402.451171875
38391,10295.822265625
38392,6578.86328125
38393,5852.42333984375
38394,6964.15576171875
38395,7045.72607421875
38396,8528.4189453125
38397,4536.6875
38398,5002.5341796875
38399,8309.53515625
38400,7404.11474609375
38401,6740.37744140625
38402,9074.376953125
38403,6888.2490234375
38404,8220.232421875
38405,5692.89453125
38406,3485.406494140625
38407,8921.515625
38408,7410.9609375
38409,8783.5322265625
38410,10797.2041015625
38411,10393.544921875
38412,5738.48583984375
38413,8450.65234375
38414,4538.17138671875
38415,2876.146484375
38416,8397.41796875
38417,10115.6552734375
38418,7888.75048828125
38419,8220.7841796875
38420,6130.59033203125
38421,7495.4033203125
38422,10092.248046875
38423,8310.638671875
38424,7393.48583984375
38425,5855.52099609375
38426,5534.044921875
38427,6449.78125
38428,5454.30224609375
38429,6334.7431640625
38430,5909.48095703125
38431,5572.5830078125
38432,4913.68212890625
38433,7701.0986328125
38434,8603.8349609375
38435,5924.361328125
38436,7092.56298828125
38437,8652.701171875
38438,6675.3271484375
38439,7328.88427734375
38440,9120.7890625
38441,8282.1884765625
38442,5358.7998046875
38443,4648.85888671875
38444,13959.056640625
38445,6752.9794921875
38446,7527.34521484375
38447,8793.54296875
38448,9421.73828125
38449,8313.71875
38450,7318.98974609375
38451,8186.1455078125
38452,10592.810546875
38453,15735.28515625
38454,5968.638671875
38455,6320.54833984375
38456,5256.05078125
38457,7352.3447265625
38458,5945.5380859375
38459,9926.7119140625
38460,9915.1015625
38461,7471.06689453125
38462,4208.77099609375
38463,6767.23681640625
38464,10564.1015625
38465,5538.91064453125
38466,8460.458984375
38467,4611.93359375
38468,7703.37890625
38469,9568.041015625
38470,7615.87255859375
38471,9194.6044921875
38472,6818.4072265625
38473,4730.2236328125
38474,6889.15234375
38475,9165.4033203125
38476,9953.294921875
38477,7444.90966796875
38478,8484.4736328125
38479,7340.85400390625
38480,4860.05810546875
38481,11119.4794921875
38482,5309.794921875
38483,10144.3955078125
38484,6373.84423828125
38485,5243.8544921875
38486,8994.7470703125
38487,7082.0927734375
38488,8165.16064453125
38489,7967.724609375
38490,5168.95263671875
38491,5400.16748046875
38492,9759.1943359375
38493,10587.044921875
38494,10107.693359375
38495,6330.39111328125
38496,7257.220703125
38497,8206.162109375
38498,7513.13720703125
38499,5995.916015625
38500,11022.3837890625
38501,9438.8232421875
38502,13418.0732421875
38503,4806.75732421875
38504,6581.1533203125
38505,10631.353515625
38506,10522.685546875
38507,7271.3701171875
38508,10524.2685546875
38509,7161.0654296875
38510,7746.953125
38511,6847.27001953125
38512,6960.31396484375
38513,5199.03076171875
38514,7001.244140625
38515,5834.7900390625
38516,5966.5615234375
38517,9925.6787109375
38518,6529.2041015625
38519,24665.171875
38520,7355.8671875
38521,5523.38330078125
38522,10140.041015625
38523,14114.7587890625
38524,8883.05078125
38525,11386.6318359375
38526,7178.76513671875
38527,10661.625
38528,11101.103515625
38529,8741.9892578125
38530,8113.49072265625
38531,10052.3056640625
38532,11080.630859375
38533,10561.1337890625
38534,11357.087890625
38535,8879.986328125
38536,6478.435546875
38537,10268.4755859375
38538,14419.263671875
38539,13986.447265625
38540,13037.9599609375
38541,12806.2001953125
38542,7673.63623046875
38543,8137.154296875
38544,6240.51513671875
38545,10014.41015625
38546,16015.11328125
38547,12432.453125
38548,9472.970703125
38549,8441.7783203125
38550,5764.537109375
38551,8409.8583984375
38552,14522.94921875
38553,9595.6708984375
38554,7529.37841796875
38555,9554.8876953125
38556,9622.875
38557,4860.55859375
38558,10664.51171875
38559,6779.81640625
38560,9844.2744140625
38561,9811.8740234375
38562,8559.125
38563,11133.873046875
38564,10164.3916015625
38565,8232.2236328125
38566,8806.091796875
38567,10480.87109375
38568,16925.984375
38569,8863.642578125
38570,12811.515625
38571,11215.486328125
38572,14264.1064453125
38573,10437.5693359375
38574,13924.0908203125
38575,7580.47021484375
38576,6108.677734375
38577,9154.0107421875
38578,8801.0546875
38579,12351.28515625
38580,11349.4658203125
38581,8134.14990234375
38582,10633.8212890625
38583,8182.470703125
38584,13665.4384765625
38585,4946.9140625
38586,17667.3046875
38587,6522.87060546875
38588,7381.9609375
38589,11746.513671875
38590,7926.96484375
38591,10632.3623046875
38592,8825.1396484375
38593,11757.2490234375
38594,9171.1083984375
38595,8071.7099609375
38596,10739.0361328125
38597,10802.5810546875
38598,10954.412109375
38599,7389.5439453125
38600,9217.0537109375
38601,16724.806640625
38602,8561.90625
38603,9031.6962890625
38604,9503.884765625
38605,7536.17919921875
38606,7299.83740234375
38607,9384.6845703125
38608,4909.03759765625
38609,12547.9931640625
38610,8378.314453125
38611,9969.392578125
38612,13814.5
38613,5512.60498046875
38614,8810.005859375
38615,7015.85546875
38616,12588.103515625
38617,11599.9755859375
38618,6961.31201171875
38619,6880.08251953125
38620,9588.6201171875
38621,8380.287109375
38622,8295.673828125
38623,9108.5986328125
38624,9364.4208984375
38625,9844.1171875
38626,8738.173828125
38627,5718.23876953125
38628,10379.4638671875
38629,10626.8759765625
38630,11685.42578125
38631,12315.8447265625
38632,12043.7890625
38633,9124.384765625
38634,13571.6904296875
38635,7734.55859375
38636,9829.810546875
38637,13718.3125
38638,9732.095703125
38639,13849.3203125
38640,10723.65625
38641,12159.8798828125
38642,8660.3212890625
38643,9070.97265625
38644,12142.220703125
38645,8737.216796875
38646,4341.05712890625
38647,7831.3662109375
38648,11884.8701171875
38649,8199.4794921875
38650,7386.03759765625
38651,12593.04296875
38652,8334.6552734375
38653,7255.75390625
38654,7950.22314453125
38655,7935.4296875
38656,10937.8916015625
38657,9965.373046875
38658,10843.1064453125
38659,8241.00390625
38660,8955.08984375
38661,9953.818359375
38662,5051.287109375
38663,9361.306640625
38664,9259.4990234375
38665,11012.2216796875
38666,9638.3154296875
38667,8216.1015625
38668,14119.4326171875
38669,7776.40673828125
38670,6516.62255859375
38671,14377.5673828125
38672,9129.029296875
38673,11808.078125
38674,9720.990234375
38675,7045.3056640625
38676,8447.1318359375
38677,7046.35107421875
38678,11280.9052734375
38679,17657.701171875
38680,9556.7197265625
38681,4648.61083984375
38682,6702.0478515625
38683,10862.2490234375
38684,12597.830078125
38685,10056.1552734375
38686,10912.7392578125
38687,5974.75048828125
38688,7007.7666015625
38689,3944.1826171875
38690,6286.5927734375
38691,9425.861328125
38692,10441.6748046875
38693,8546.716796875
38694,8362.5732421875
38695,10738.51953125
38696,13948.85546875
38697,10809.21484375
38698,7084.46923828125
38699,12501.7578125
38700,18676.884765625
38701,8826.1083984375
38702,10597.30078125
38703,7531.3271484375
38704,9101.5869140625
38705,7484.0615234375
38706,10690.4833984375
38707,8544.5810546875
38708,11302.009765625
38709,9261.9814453125
38710,13172.6962890625
38711,11652.8095703125
38712,7962.4873046875
38713,13920.703125
38714,24154.255859375
38715,16817.142578125
38716,10586.73046875
38717,4662.14697265625
38718,9145.181640625
38719,12968.4072265625
38720,7529.87646484375
38721,13632.2099609375
38722,20361.6484375
38723,5895.0361328125
38724,8189.587890625
38725,12120.2880859375
38726,7558.5654296875
38727,13613.5791015625
38728,10287.109375
38729,11863.2607421875
38730,5679.244140625
38731,8982.8779296875
38732,9672.23046875
38733,11021.9697265625
38734,14904.05078125
38735,9077.0732421875
38736,8032.87255859375
38737,9300.9423828125
38738,7874.80126953125
38739,6283.79150390625
38740,11341.4912109375
38741,9735.61328125
38742,8549.134765625
38743,10582.6875
38744,8362.0615234375
38745,8734.9482421875
38746,10122.8837890625
38747,10527.1142578125
38748,11477.1044921875
38749,13852.4375
38750,10087.4921875
38751,6077.1142578125
38752,5887.09912109375
38753,9841.2646484375
38754,8905.1494140625
38755,9380.212890625
38756,6400.74462890625
38757,11136.580078125
38758,10801.970703125
38759,14975.578125
38760,8799.78125
38761,8528.7900390625
38762,7319.6162109375
38763,7174.78662109375
38764,15362.53125
38765,8072.38623046875
38766,9412.369140625
38767,21416.140625
38768,9046.169921875
38769,8121.462890625
38770,7533.37841796875
38771,5913.04736328125
38772,10244.5263671875
38773,5707.34716796875
38774,7517.8447265625
38775,12634.6748046875
38776,6964.5546875
38777,20834.58203125
38778,17479.4140625
38779,6964.87646484375
38780,9202.0556640625
38781,7379.09716796875
38782,9854.3076171875
38783,8343.4130859375
38784,14745.2724609375
38785,9860.1376953125
38786,14797.0
38787,8088.453125
38788,9564.162109375
38789,8993.9736328125
38790,11174.4638671875
38791,10015.5927734375
38792,9555.958984375
38793,8804.6689453125
38794,6975.8564453125
38795,12627.69140625
38796,12899.521484375
38797,8649.494140625
38798,15343.7255859375
38799,9171.8125
38800,14293.10546875
38801,7012.806640625
38802,7964.533203125
38803,9074.8876953125
38804,16702.953125
38805,9282.466796875
38806,11452.3427734375
38807,10554.9462890625
38808,11888.240234375
38809,6537.84912109375
38810,11718.2109375
38811,9368.4150390625
38812,5906.619140625
38813,14070.63671875
38814,21056.76171875
38815,11381.7216796875
38816,10292.4130859375
38817,14654.12890625
38818,14702.9609375
38819,14395.0078125
38820,8281.1201171875
38821,11581.232421875
38822,8852.83203125
38823,11953.9892578125
38824,4766.02392578125
38825,9253.361328125
38826,8390.7314453125
38827,8096.1337890625
38828,10384.4189453125
38829,7450.64794921875
38830,8274.1689453125
38831,10295.05078125
38832,5999.439453125
38833,7534.2578125
38834,8074.3837890625
38835,9992.5166015625
38836,14637.8544921875
38837,11700.6298828125
38838,10117.4892578125
38839,8606.599609375
38840,9491.01953125
38841,12473.458984375
38842,9770.4052734375
38843,8219.62890625
38844,7683.9833984375
38845,13826.767578125
38846,5250.615234375
38847,10465.083984375
38848,5494.919921875
38849,7044.31787109375
38850,10724.0
38851,9031.3154296875
38852,8630.3671875
38853,11931.583984375
38854,13180.0048828125
38855,14981.2392578125
38856,8555.3486328125
38857,12549.6611328125
38858,3937.332763671875
38859,6975.740234375
38860,8743.94140625
38861,7374.916015625
38862,9601.46875
38863,8064.46630859375
38864,7789.02587890625
38865,11965.75
38866,15287.4130859375
38867,12630.0146484375
38868,6985.85498046875
38869,8158.79296875
38870,16725.07421875
38871,10247.9501953125
38872,9068.9716796875
38873,8068.14453125
38874,10019.2060546875
38875,14055.4931640625
38876,6959.16015625
38877,9027.654296875
38878,12192.4677734375
38879,11030.4453125
38880,17776.646484375
38881,9662.423828125
38882,16081.33203125
38883,9373.2646484375
38884,7838.7255859375
38885,4640.6572265625
38886,8317.51171875
38887,9459.1728515625
38888,8710.82421875
38889,9914.1201171875
38890,7634.25634765625
38891,6733.994140625
38892,8814.90625
38893,6223.0146484375
38894,9135.4853515625
38895,10426.330078125
38896,10724.1650390625
38897,12441.5693359375
38898,8388.193359375
38899,11957.5283203125
38900,7507.978515625
38901,8354.5458984375
38902,8076.29541015625
38903,6812.28515625
38904,14302.423828125
38905,9434.5048828125
38906,7892.01904296875
38907,10848.521484375
38908,11968.03515625
38909,11426.1357421875
38910,8851.8134765625
38911,11962.3701171875
38912,8569.001953125
38913,7990.31787109375
38914,9213.6357421875
38915,11518.2353515625
38916,9805.3203125
38917,9532.3388671875
38918,8055.82373046875
38919,8222.171875
38920,6400.3203125
38921,7792.93896484375
38922,9903.0595703125
38923,13713.673828125
38924,13476.6669921875
38925,15262.2099609375
38926,11866.84375
38927,11314.6513671875
38928,5821.62939453125
38929,13445.71875
38930,15444.6142578125
38931,11894.5927734375
38932,11325.6787109375
38933,11884.6240234375
38934,7584.861328125
38935,5808.04345703125
38936,11890.55859375
38937,10166.640625
38938,11237.1083984375
38939,9182.962890625
38940,4589.48388671875
38941,15948.732421875
38942,8835.201171875
38943,9831.0185546875
38944,6090.0869140625
38945,7631.08447265625
38946,9465.255859375
38947,13651.6337890625
38948,9500.7548828125
38949,6951.634765625
38950,7154.20263671875
38951,6501.4658203125
38952,4249.59716796875
38953,10301.3974609375
38954,20751.2109375
38955,6531.55322265625
38956,8175.72265625
38957,9743.8251953125
38958,6888.005859375
38959,8165.93359375
38960,6955.74609375
38961,6198.2685546875
38962,11326.185546875
38963,9273.6787109375
38964,6096.3759765625
38965,13209.8271484375
38966,9097.6796875
38967,6962.50537109375
38968,15333.669921875
38969,12399.408203125
38970,13421.3623046875
38971,8127.54833984375
38972,10366.1962890625
38973,7250.8115234375
38974,7636.32666015625
38975,18261.978515625
38976,15425.46875
38977,9775.1982421875
38978,9203.5703125
38979,6918.1875
38980,7799.86865234375
38981,5943.91162109375
38982,14469.626953125
38983,7756.1181640625
38984,7804.60400390625
38985,11493.4951171875
38986,7693.93408203125
38987,8419.88671875
38988,9777.2177734375
38989,10633.0595703125
38990,10717.0400390625
38991,6239.62939453125
38992,7214.4140625
38993,8523.2138671875
38994,13017.38671875
38995,11372.9599609375
38996,10732.51953125
38997,6817.7607421875
38998,9828.8818359375
38999,7658.763671875
39000,7093.27880859375
39001,9449.091796875
39002,9952.525390625
39003,9223.4892578125
39004,9532.5654296875
39005,8902.0791015625
39006,8213.109375
39007,8663.4326171875
39008,8935.1025390625
39009,9455.0009765625
39010,11289.1171875
39011,13335.01171875
39012,8833.431640625
39013,6605.728515625
39014,17698.302734375
39015,8703.806640625
39016,5968.7509765625
39017,10096.5419921875
39018,11615.017578125
39019,15806.9873046875
39020,6158.72509765625
39021,8756.1181640625
39022,7621.234375
39023,9796.83984375
39024,9518.2841796875
39025,13418.69921875
39026,4703.9453125
39027,9331.1708984375
39028,9580.439453125
39029,7668.41455078125
39030,7830.501953125
39031,9576.7509765625
39032,12133.154296875
39033,7521.02294921875
39034,12262.2451171875
39035,11563.3017578125
39036,13209.6943359375
39037,7651.61328125
39038,9517.091796875
39039,9775.1337890625
39040,11922.15234375
39041,11146.5537109375
39042,5731.10205078125
39043,8996.76171875
39044,10643.634765625
39045,11365.162109375
39046,6969.04638671875
39047,5815.13623046875
39048,14343.40234375
39049,8965.0419921875
39050,12333.18359375
39051,9876.76171875
39052,7769.07958984375
39053,10225.8544921875
39054,11450.2041015625
39055,12042.8349609375
39056,10698.5751953125
39057,8764.6953125
39058,12392.2421875
39059,14825.09375
39060,9787.3310546875
39061,7355.4111328125
39062,9220.341796875
39063,6626.388671875
39064,4989.73046875
39065,11168.4189453125
39066,7873.7587890625
39067,13264.2705078125
39068,7561.91845703125
39069,8187.99951171875
39070,8225.9736328125
39071,13052.962890625
39072,7041.755859375
39073,7356.2724609375
39074,9409.7216796875
39075,9398.07421875
39076,8021.064453125
39077,10595.162109375
39078,9277.6171875
39079,11720.7841796875
39080,10730.9833984375
39081,9228.712890625
39082,7864.11181640625
39083,7029.5908203125
39084,7089.55419921875
39085,15785.5283203125
39086,12843.8046875
39087,13261.9052734375
39088,16988.798828125
39089,8224.7802734375
39090,6597.388671875
39091,9464.7685546875
39092,11753.3759765625
39093,15170.4765625
39094,11017.384765625
39095,11895.0283203125
39096,12841.318359375
39097,8752.525390625
39098,9814.3369140625
39099,8764.90625
39100,7211.86962890625
39101,7688.8369140625
39102,6027.6044921875
39103,8571.615234375
39104,12214.052734375
39105,22135.525390625
39106,9304.64453125
39107,7810.64794921875
39108,10803.2705078125
39109,6299.92138671875
39110,9667.1572265625
39111,5207.9892578125
39112,13726.775390625
39113,9789.49609375
39114,9493.3583984375
39115,18947.8671875
39116,13939.7138671875
39117,11438.2041015625
39118,9977.10546875
39119,5109.91455078125
39120,6466.62646484375
39121,7503.2958984375
39122,11495.5830078125
39123,8971.494140625
39124,6799.02392578125
39125,8144.68896484375
39126,8092.74560546875
39127,9388.349609375
39128,10135.181640625
39129,4307.89599609375
39130,9700.7138671875
39131,11943.716796875
39132,12025.3642578125
39133,9473.8310546875
39134,7125.24853515625
39135,8844.607421875
39136,6880.40576171875
39137,13223.6787109375
39138,6412.27587890625
39139,8715.103515625
39140,10351.990234375
39141,8696.1484375
39142,6805.3095703125
39143,9306.1416015625
39144,10998.0009765625
39145,13227.7880859375
39146,14906.16015625
39147,8306.470703125
39148,5554.23388671875
39149,7533.0322265625
39150,8574.3134765625
39151,7107.14599609375
39152,10020.8984375
39153,7971.732421875
39154,15050.8837890625
39155,12501.8330078125
39156,8371.2998046875
39157,10091.380859375
39158,8085.83544921875
39159,12359.744140625
39160,7942.70068359375
39161,16959.353515625
39162,9665.8505859375
39163,7884.390625
39164,9663.3994140625
39165,6109.2705078125
39166,11135.2158203125
39167,24857.759765625
39168,6468.18017578125
39169,7618.86865234375
39170,12445.8779296875
39171,10114.916015625
39172,10778.146484375
39173,11824.4423828125
39174,9113.6513671875
39175,7771.76123046875
39176,6593.0517578125
39177,14533.7255859375
39178,9016.7763671875
39179,9797.345703125
39180,10396.4716796875
39181,6847.021484375
39182,10360.3681640625
39183,8727.9248046875
39184,5784.09326171875
39185,12524.05859375
39186,12479.693359375
39187,6827.15283203125
39188,10491.67578125
39189,10524.4677734375
39190,7436.314453125
39191,12942.75390625
39192,9642.4375
39193,10432.099609375
39194,6514.2451171875
39195,7752.43798828125
39196,9276.810546875
39197,6028.681640625
39198,11167.376953125
39199,5724.67041015625
39200,7846.91162109375
39201,6304.65087890625
39202,9643.478515625
39203,6934.40869140625
39204,9505.234375
39205,10234.40625
39206,10857.08203125
39207,9347.7939453125
39208,10878.322265625
39209,8960.9345703125
39210,12416.185546875
39211,13534.5654296875
39212,9750.92578125
39213,5274.849609375
39214,7657.2685546875
39215,10172.7919921875
39216,6519.0302734375
39217,15564.109375
39218,9095.125
39219,10379.05859375
39220,14503.0224609375
39221,8677.1455078125
39222,6470.01953125
39223,15918.556640625
39224,14385.63671875
39225,7453.82666015625
39226,12857.7275390625
39227,13706.0126953125
39228,8868.486328125
39229,8650.201171875
39230,10157.775390625
39231,8401.5830078125
39232,7579.1591796875
39233,9831.7890625
39234,6720.599609375
39235,9246.92578125
39236,10155.8955078125
39237,9161.56640625
39238,12926.8046875
39239,8500.3193359375
39240,10377.7841796875
39241,7635.5126953125
39242,10113.0068359375
39243,9814.5517578125
39244,8834.0068359375
39245,8292.740234375
39246,10847.7109375
39247,14701.076171875
39248,8435.955078125
39249,7049.09521484375
39250,9480.099609375
39251,9492.798828125
39252,9519.32421875
39253,5796.9091796875
39254,5640.1845703125
39255,9512.2734375
39256,7815.09619140625
39257,8427.6220703125
39258,11865.388671875
39259,8827.5146484375
39260,9905.19921875
39261,7764.78515625
39262,4824.4833984375
39263,11325.927734375
39264,9889.416015625
39265,10831.0537109375
39266,12957.7470703125
39267,13399.47265625
39268,6334.5771484375
39269,11403.6474609375
39270,5590.22021484375
39271,3907.5810546875
39272,11726.6875
39273,13356.642578125
39274,10471.6259765625
39275,11076.595703125
39276,7370.7861328125
39277,9438.2138671875
39278,13856.708984375
39279,9371.560546875
39280,10662.2587890625
39281,7192.24609375
39282,6669.84228515625
39283,7499.4892578125
39284,6872.9501953125
39285,7164.46337890625
39286,7677.6162109375
39287,7749.3984375
39288,5405.296875
39289,8707.6806640625
39290,10783.455078125
39291,8411.5712890625
39292,8141.0888671875
39293,10255.1376953125
39294,8879.1455078125
39295,7282.361328125
39296,12903.294921875
39297,10229.5400390625
39298,7639.27392578125
39299,6373.208984375
39300,17120.767578125
39301,9078.2568359375
39302,9685.3125
39303,12453.9462890625
39304,11088.3515625
39305,11738.2939453125
39306,8519.1015625
39307,9336.93359375
39308,12528.4609375
39309,19565.796875
39310,8034.7861328125
39311,7709.94189453125
39312,7086.93994140625
39313,9607.6591796875
39314,8262.7734375
39315,11298.9462890625
39316,12825.0498046875
39317,8024.9189453125
39318,5997.2890625
39319,9405.6962890625
39320,13260.2353515625
39321,7036.61865234375
39322,11651.7333984375
39323,5737.12646484375
39324,10163.953125
39325,11293.1650390625
39326,10701.58203125
39327,11077.2177734375
39328,9860.2958984375
39329,6797.61572265625
39330,8807.361328125
39331,10352.4140625
39332,11587.4541015625
39333,10706.36328125
39334,11217.6494140625
39335,9150.7138671875
39336,6111.10546875
39337,12753.6689453125
39338,6247.30859375
39339,12526.9931640625
39340,9104.912109375
39341,7551.32177734375
39342,11386.7431640625
39343,8148.57421875
39344,10235.0947265625
39345,10398.080078125
39346,7681.8330078125
39347,6611.95556640625
39348,12444.935546875
39349,12247.98828125
39350,12285.9580078125
39351,8440.1162109375
39352,8061.2470703125
39353,10630.5341796875
39354,9359.9775390625
39355,7033.04248046875
39356,15206.484375
39357,13233.4443359375
39358,14139.9765625
39359,6171.27197265625
39360,8713.05859375
39361,11724.5771484375
39362,13543.396484375
39363,8562.291015625
39364,15146.8173828125
39365,8663.1748046875
39366,9704.8212890625
39367,8746.1845703125
39368,8809.3056640625
39369,6651.1171875
39370,9174.845703125
39371,7699.404296875
39372,7824.05078125
39373,14169.423828125
39374,9164.71484375
39375,27731.51171875
39376,10251.599609375
39377,0.0
39378,0.0
39379,0.0
39380,0.0
39381,0.0
39382,0.0
39383,0.0
39384,0.0
39385,0.0
39386,0.0
39387,0.0
39388,0.0
39389,0.0
39390,0.0
39391,0.0
39392,0.0
39393,0.0
39394,0.0
39395,0.0
39396,0.0
39397,0.0
39398,0.0
39399,0.0
39400,0.0
39401,0.0
39402,0.0
39403,0.0
39404,0.0
39405,0.0
39406,0.0
39407,0.0
39408,0.0
39409,0.0
39410,0.0
39411,0.0
39412,0.0
39413,0.0
39414,0.0
39415,0.0
39416,0.0
39417,0.0
39418,0.0
39419,0.0
39420,0.0
39421,0.0
39422,0.0
39423,0.0
39424,0.0
39425,0.0
39426,0.0
39427,0.0
39428,0.0
39429,0.0
39430,0.0
39431,0.0
39432,0.0
39433,0.0
39434,0.0
39435,0.0
39436,0.0
39437,0.0
39438,0.0
39439,0.0
39440,0.0
39441,0.0
39442,0.0
39443,0.0
39444,0.0
39445,0.0
39446,0.0
39447,0.0
39448,0.0
39449,0.0
39450,0.0
39451,0.0
39452,0.0
39453,0.0
39454,0.0
39455,0.0
39456,0.0
39457,0.0
39458,0.0
39459,0.0
39460,0.0
39461,0.0
39462,0.0
39463,0.0
39464,0.0
39465,0.0
39466,0.0
39467,0.0
39468,6389.6494140625
39469,0.0
39470,0.0
39471,0.0
39472,0.0
39473,0.0
39474,0.0
39475,0.0
39476,0.0
39477,0.0
39478,0.0
39479,0.0
39480,0.0
39481,0.0
39482,0.0
39483,0.0
39484,0.0
39485,0.0
39486,0.0
39487,0.0
39488,0.0
39489,0.0
39490,0.0
39491,0.0
39492,0.0
39493,0.0
39494,0.0
39495,0.0
39496,0.0
39497,0.0
39498,0.0
39499,0.0
39500,0.0
39501,0.0
39502,0.0
39503,0.0
39504,0.0
39505,0.0
39506,0.0
39507,0.0
39508,0.0
39509,0.0
39510,0.0
39511,0.0
39512,0.0
39513,0.0
39514,0.0
39515,0.0
39516,0.0
39517,0.0
39518,0.0
39519,0.0
39520,0.0
39521,0.0
39522,0.0
39523,0.0
39524,0.0
39525,0.0
39526,0.0
39527,0.0
39528,0.0
39529,0.0
39530,0.0
39531,0.0
39532,0.0
39533,0.0
39534,0.0
39535,0.0
39536,3401.738037109375
39537,0.0
39538,0.0
39539,0.0
39540,0.0
39541,0.0
39542,0.0
39543,0.0
39544,0.0
39545,0.0
39546,0.0
39547,0.0
39548,0.0
39549,0.0
39550,0.0
39551,0.0
39552,0.0
39553,0.0
39554,0.0
39555,0.0
39556,0.0
39557,0.0
39558,0.0
39559,0.0
39560,0.0
39561,0.0
39562,0.0
39563,0.0
39564,0.0
39565,0.0
39566,0.0
39567,0.0
39568,0.0
39569,0.0
39570,0.0
39571,0.0
39572,0.0
39573,0.0
39574,0.0
39575,0.0
39576,0.0
39577,16779.724609375
39578,31930.26953125
39579,0.0
39580,0.0
39581,0.0
39582,0.0
39583,0.0
39584,0.0
39585,0.0
39586,7782.95947265625
39587,0.0
39588,0.0
39589,0.0
39590,0.0
39591,0.0
39592,0.0
39593,0.0
39594,0.0
39595,0.0
39596,0.0
39597,0.0
39598,0.0
39599,0.0
39600,0.0
39601,0.0
39602,0.0
39603,0.0
39604,0.0
39605,7015.248046875
39606,0.0
39607,0.0
39608,0.0
39609,0.0
39610,0.0
39611,0.0
39612,0.0
39613,0.0
39614,0.0
39615,4347.30322265625
39616,0.0
39617,0.0
39618,0.0
39619,0.0
39620,0.0
39621,0.0
39622,0.0
39623,0.0
39624,0.0
39625,0.0
39626,0.0
39627,0.0
39628,0.0
39629,0.0
39630,0.0
39631,0.0
39632,0.0
39633,8792.7099609375
39634,0.0
39635,0.0
39636,0.0
39637,0.0
39638,0.0
39639,0.0
39640,0.0
39641,0.0
39642,0.0
39643,0.0
39644,0.0
39645,0.0
39646,0.0
39647,0.0
39648,0.0
39649,0.0
39650,10099.4248046875
39651,0.0
39652,0.0
39653,0.0
39654,0.0
39655,0.0
39656,0.0
39657,0.0
39658,0.0
39659,0.0
39660,0.0
39661,0.0
39662,0.0
39663,0.0
39664,0.0
39665,0.0
39666,0.0
39667,0.0
39668,0.0
39669,0.0
39670,0.0
39671,0.0
39672,0.0
39673,0.0
39674,0.0
39675,0.0
39676,0.0
39677,0.0
39678,0.0
39679,0.0
39680,0.0
39681,0.0
39682,0.0
39683,0.0
39684,0.0
39685,0.0
39686,0.0
39687,0.0
39688,0.0
39689,0.0
39690,0.0
39691,0.0
39692,0.0
39693,0.0
39694,0.0
39695,0.0
39696,0.0
39697,0.0
39698,0.0
39699,0.0
39700,0.0
39701,0.0
39702,0.0
39703,0.0
39704,0.0
39705,0.0
39706,0.0
39707,0.0
39708,0.0
39709,0.0
39710,0.0
39711,0.0
39712,2403.859375
39713,0.0
39714,0.0
39715,0.0
39716,0.0
39717,0.0
39718,0.0
39719,0.0
39720,0.0
39721,0.0
39722,0.0
39723,0.0
39724,0.0
39725,0.0
39726,9383.8447265625
39727,0.0
39728,0.0
39729,0.0
39730,0.0
39731,0.0
39732,0.0
39733,0.0
39734,0.0
39735,0.0
39736,0.0
39737,0.0
39738,0.0
39739,0.0
39740,0.0
39741,0.0
39742,0.0
39743,0.0
39744,0.0
39745,0.0
39746,0.0
39747,0.0
39748,0.0
39749,0.0
39750,0.0
39751,0.0
39752,0.0
39753,0.0
39754,0.0
39755,0.0
39756,0.0
39757,0.0
39758,0.0
39759,0.0
39760,0.0
39761,0.0
39762,0.0
39763,0.0
39764,0.0
39765,0.0
39766,0.0
39767,0.0
39768,0.0
39769,8921.193359375
39770,0.0
39771,0.0
39772,0.0
39773,0.0
39774,0.0
39775,0.0
39776,0.0
39777,0.0
39778,0.0
39779,4894.51953125
39780,0.0
39781,0.0
39782,0.0
39783,7796.44580078125
39784,0.0
39785,0.0
39786,0.0
39787,0.0
39788,0.0
39789,0.0
39790,0.0
39791,0.0
39792,0.0
39793,0.0
39794,0.0
39795,0.0
39796,0.0
39797,0.0
39798,0.0
39799,0.0
39800,0.0
39801,0.0
39802,0.0
39803,0.0
39804,0.0
39805,0.0
39806,0.0
39807,0.0
39808,0.0
39809,0.0
39810,22418.96484375
39811,0.0
39812,0.0
39813,0.0
39814,0.0
39815,0.0
39816,0.0
39817,0.0
39818,0.0
39819,0.0
39820,0.0
39821,0.0
39822,0.0
39823,0.0
39824,7003.40771484375
39825,0.0
39826,0.0
39827,0.0
39828,0.0
39829,0.0
39830,0.0
39831,0.0
39832,0.0
39833,0.0
39834,0.0
39835,0.0
39836,0.0
39837,0.0
39838,0.0
39839,0.0
39840,0.0
39841,0.0
39842,0.0
39843,0.0
39844,0.0
39845,0.0
39846,0.0
39847,0.0
39848,0.0
39849,0.0
39850,0.0
39851,0.0
39852,0.0
39853,0.0
39854,0.0
39855,0.0
39856,0.0
39857,0.0
39858,0.0
39859,0.0
39860,0.0
39861,0.0
39862,0.0
39863,0.0
39864,0.0
39865,0.0
39866,0.0
39867,0.0
39868,0.0
39869,0.0
39870,0.0
39871,0.0
39872,0.0
39873,0.0
39874,0.0
39875,0.0
39876,0.0
39877,0.0
39878,0.0
39879,0.0
39880,0.0
39881,0.0
39882,0.0
39883,0.0
39884,0.0
39885,0.0
39886,0.0
39887,0.0
39888,0.0
39889,0.0
39890,0.0
39891,0.0
39892,0.0
39893,0.0
39894,0.0
39895,0.0
39896,0.0
39897,0.0
39898,0.0
39899,13368.029296875
39900,0.0
39901,0.0
39902,0.0
39903,0.0
39904,0.0
39905,0.0
39906,0.0
39907,0.0
39908,0.0
39909,0.0
39910,0.0
39911,0.0
39912,0.0
39913,0.0
39914,0.0
39915,0.0
39916,0.0
39917,0.0
39918,0.0
39919,0.0
39920,0.0
39921,0.0
39922,0.0
39923,0.0
39924,0.0
39925,0.0
39926,0.0
39927,0.0
39928,0.0
39929,0.0
39930,0.0
39931,0.0
39932,0.0
39933,0.0
39934,0.0
39935,0.0
39936,0.0
39937,0.0
39938,0.0
39939,0.0
39940,0.0
39941,0.0
39942,0.0
39943,7222.625
39944,17196.142578125
39945,0.0
39946,0.0
39947,0.0
39948,0.0
39949,0.0
39950,0.0
39951,0.0
39952,0.0
39953,0.0
39954,0.0
39955,0.0
39956,0.0
39957,0.0
39958,0.0
39959,0.0
39960,0.0
39961,0.0
39962,0.0
39963,0.0
39964,0.0
39965,0.0
39966,0.0
39967,0.0
39968,0.0
39969,0.0
39970,0.0
39971,0.0
39972,13049.8564453125
39973,0.0
39974,0.0
39975,0.0
39976,0.0
39977,0.0
39978,0.0
39979,0.0
39980,0.0
39981,0.0
39982,0.0
39983,0.0
39984,0.0
39985,0.0
39986,0.0
39987,0.0
39988,0.0
39989,0.0
39990,0.0
39991,0.0
39992,0.0
39993,0.0
39994,0.0
39995,0.0
39996,0.0
39997,0.0
39998,0.0
39999,0.0
40000,0.0
40001,0.0
40002,0.0
40003,0.0
40004,0.0
40005,0.0
40006,0.0
40007,0.0
40008,0.0
40009,0.0
40010,0.0
40011,0.0
40012,0.0
40013,0.0
40014,0.0
40015,0.0
40016,0.0
40017,0.0
40018,0.0
40019,0.0
40020,0.0
40021,0.0
40022,0.0
40023,0.0
40024,0.0
40025,0.0
40026,0.0
40027,0.0
40028,0.0
40029,0.0
40030,0.0
40031,0.0
40032,0.0
40033,0.0
40034,0.0
40035,0.0
40036,0.0
40037,0.0
40038,0.0
40039,0.0
40040,0.0
40041,0.0
40042,4206.50244140625
40043,0.0
40044,0.0
40045,0.0
40046,3103.63671875
40047,0.0
40048,0.0
40049,0.0
40050,0.0
40051,0.0
40052,0.0
40053,0.0
40054,0.0
40055,0.0
40056,0.0
40057,0.0
40058,0.0
40059,0.0
40060,0.0
40061,0.0
40062,0.0
40063,0.0
40064,0.0
40065,0.0
40066,0.0
40067,0.0
40068,0.0
40069,0.0
40070,0.0
40071,0.0
40072,0.0
40073,0.0
40074,0.0
40075,0.0
40076,0.0
40077,0.0
40078,0.0
40079,0.0
40080,0.0
40081,0.0
40082,0.0
40083,0.0
40084,0.0
40085,0.0
40086,0.0
40087,0.0
40088,0.0
40089,0.0
40090,0.0
40091,0.0
40092,0.0
40093,0.0
40094,0.0
40095,0.0
40096,0.0
40097,3934.484130859375
40098,0.0
40099,0.0
40100,0.0
40101,0.0
40102,0.0
40103,0.0
40104,0.0
40105,0.0
40106,0.0
40107,0.0
40108,0.0
40109,0.0
40110,0.0
40111,0.0
40112,12744.171875
40113,0.0
40114,0.0
40115,0.0
40116,0.0
40117,0.0
40118,0.0
40119,0.0
40120,0.0
40121,0.0
40122,0.0
40123,0.0
40124,0.0
40125,0.0
40126,0.0
40127,0.0
40128,0.0
40129,0.0
40130,0.0
40131,0.0
40132,0.0
40133,0.0
40134,0.0
40135,0.0
40136,0.0
40137,0.0
40138,0.0
40139,0.0
40140,0.0
40141,0.0
40142,0.0
40143,0.0
40144,0.0
40145,0.0
40146,0.0
40147,0.0
40148,0.0
40149,0.0
40150,0.0
40151,0.0
40152,0.0
40153,0.0
40154,0.0
40155,0.0
40156,0.0
40157,0.0
40158,0.0
40159,0.0
40160,0.0
40161,0.0
40162,0.0
40163,0.0
40164,0.0
40165,0.0
40166,0.0
40167,0.0
40168,0.0
40169,0.0
40170,0.0
40171,0.0
40172,0.0
40173,0.0
40174,0.0
40175,0.0
40176,5953.94189453125
40177,0.0
40178,0.0
40179,0.0
40180,0.0
40181,0.0
40182,0.0
40183,0.0
40184,0.0
40185,0.0
40186,0.0
40187,0.0
40188,0.0
40189,0.0
40190,0.0
40191,0.0
40192,0.0
40193,0.0
40194,0.0
40195,0.0
40196,0.0
40197,0.0
40198,0.0
40199,0.0
40200,0.0
40201,0.0
40202,0.0
40203,0.0
40204,0.0
40205,0.0
40206,0.0
40207,0.0
40208,0.0
40209,0.0
40210,0.0
40211,0.0
40212,0.0
40213,0.0
40214,0.0
40215,0.0
40216,0.0
40217,14706.458984375
40218,5721.513671875
40219,0.0
40220,0.0
40221,0.0
40222,0.0
40223,0.0
40224,0.0
40225,0.0
40226,0.0
40227,0.0
40228,0.0
40229,0.0
40230,0.0
40231,0.0
40232,0.0
40233,4776.59912109375
40234,4336.47705078125
40235,8511.927734375
40236,4603.6552734375
40237,6983.9130859375
40238,4851.6767578125
40239,5925.552734375
40240,6363.49365234375
40241,5151.85205078125
40242,3056.757080078125
40243,5827.6396484375
40244,6272.63134765625
40245,4223.6513671875
40246,8053.2255859375
40247,5140.80517578125
40248,3593.049560546875
40249,5661.02587890625
40250,7480.134765625
40251,8964.8115234375
40252,5713.5947265625
40253,8093.92431640625
40254,4241.82568359375
40255,6195.06689453125
40256,3003.76123046875
40257,8746.240234375
40258,7391.52587890625
40259,10270.3720703125
40260,6266.86279296875
40261,4303.65966796875
40262,4480.763671875
40263,5908.50439453125
40264,7009.56689453125
40265,4417.03662109375
40266,6290.9853515625
40267,6280.10107421875
40268,5664.74755859375
40269,2507.921875
40270,8182.85498046875
40271,4719.72998046875
40272,7278.9853515625
40273,6090.70068359375
40274,4737.73388671875
40275,8743.91015625
40276,6194.05224609375
40277,4896.85595703125
40278,4338.7041015625
40279,7852.365234375
40280,10418.5341796875
40281,6475.83349609375
40282,6007.79052734375
40283,9155.3857421875
40284,7765.486328125
40285,6308.43603515625
40286,6450.65576171875
40287,3070.6123046875
40288,3147.254150390625
40289,4888.97265625
40290,6940.92041015625
40291,9208.3681640625
40292,6311.57763671875
40293,4544.7314453125
40294,8865.439453125
40295,9813.07421875
40296,5870.8798828125
40297,3464.70849609375
40298,12004.599609375
40299,2639.65380859375
40300,5973.02294921875
40301,7909.2392578125
40302,4599.95947265625
40303,5607.6357421875
40304,2854.591064453125
40305,6359.23779296875
40306,5179.73193359375
40307,6027.7255859375
40308,8437.0
40309,7106.3349609375
40310,5638.96875
40311,3734.31005859375
40312,8426.8603515625
40313,13939.3984375
40314,7493.98486328125
40315,4968.673828125
40316,5977.1044921875
40317,6560.32861328125
40318,6928.65625
40319,10156.7578125
40320,2877.100830078125
40321,8335.8369140625
40322,5583.859375
40323,5614.5068359375
40324,9528.2578125
40325,3813.410400390625
40326,4922.22998046875
40327,5957.75048828125
40328,8365.828125
40329,7515.08544921875
40330,4920.09423828125
40331,4697.54052734375
40332,7474.88818359375
40333,7119.34375
40334,4853.2099609375
40335,6182.1328125
40336,4577.2138671875
40337,6244.0498046875
40338,4340.83740234375
40339,4448.1474609375
40340,6504.69775390625
40341,6254.34716796875
40342,6003.5947265625
40343,7403.7099609375
40344,8526.19140625
40345,4695.2939453125
40346,8766.259765625
40347,3634.775390625
40348,3603.2548828125
40349,9264.201171875
40350,7560.02294921875
40351,7507.345703125
40352,10158.63671875
40353,7478.46728515625
40354,5291.11669921875
40355,7395.107421875
40356,7862.90380859375
40357,4838.109375
40358,3333.028076171875
40359,5399.47509765625
40360,5839.16015625
40361,4633.12353515625
40362,3496.197021484375
40363,6405.7880859375
40364,6358.390625
40365,6320.0625
40366,6906.001953125
40367,3356.0087890625
40368,7285.22216796875
40369,7418.6572265625
40370,4549.8603515625
40371,5453.66259765625
40372,4380.00537109375
40373,5534.5830078125
40374,3044.0380859375
40375,5319.39453125
40376,5701.73779296875
40377,7998.83056640625
40378,7999.85986328125
40379,7263.33349609375
40380,14882.287109375
40381,4534.1865234375
40382,5847.28271484375
40383,10372.3681640625
40384,6477.5810546875
40385,8046.25439453125
40386,7292.41650390625
40387,6041.19677734375
40388,6597.580078125
40389,5888.84228515625
40390,5550.3330078125
40391,9593.1083984375
40392,4902.79638671875
40393,3809.289794921875
40394,3779.52880859375
40395,7547.2021484375
40396,8545.2421875
40397,5769.958984375
40398,5798.546875
40399,5188.47412109375
40400,2043.634765625
40401,1922.3658447265625
40402,3792.304931640625
40403,7148.708984375
40404,7468.896484375
40405,4790.9921875
40406,5058.87451171875
40407,8258.8359375
40408,8552.330078125
40409,8659.19921875
40410,5300.66796875
40411,9113.5908203125
40412,11227.6298828125
40413,4160.68408203125
40414,4904.21826171875
40415,5619.2099609375
40416,6773.8837890625
40417,3872.31884765625
40418,5386.0380859375
40419,4473.87890625
40420,9543.46875
40421,6334.92333984375
40422,8634.8173828125
40423,7639.7529296875
40424,6054.62890625
40425,9140.2158203125
40426,17740.603515625
40427,8467.1435546875
40428,4681.71533203125
40429,4068.743896484375
40430,6594.80859375
40431,7146.69482421875
40432,5191.82861328125
40433,9197.783203125
40434,19520.94921875
40435,5078.8427734375
40436,3262.552001953125
40437,11111.8447265625
40438,4143.146484375
40439,5157.4404296875
40440,3963.611328125
40441,6892.443359375
40442,5233.87109375
40443,5906.24169921875
40444,5506.33984375
40445,6638.8173828125
40446,9206.8125
40447,6865.73193359375
40448,6393.3037109375
40449,7922.13623046875
40450,4588.58251953125
40451,6722.84814453125
40452,10392.5283203125
40453,5460.63232421875
40454,6142.32470703125
40455,5176.763671875
40456,3988.68017578125
40457,5801.62890625
40458,5399.97021484375
40459,5872.158203125
40460,8274.083984375
40461,11291.6357421875
40462,8030.14306640625
40463,4690.2978515625
40464,4144.6611328125
40465,5553.783203125
40466,5586.89794921875
40467,6395.884765625
40468,4884.95849609375
40469,5836.400390625
40470,6011.00341796875
40471,8912.7705078125
40472,6219.61328125
40473,4415.87060546875
40474,3309.02001953125
40475,3816.650390625
40476,9553.6982421875
40477,6942.00390625
40478,5104.50390625
40479,13612.53125
40480,7236.05615234375
40481,4570.5087890625
40482,6186.111328125
40483,3488.7802734375
40484,4403.3955078125
40485,3327.942626953125
40486,4110.4677734375
40487,9380.4638671875
40488,4158.34521484375
40489,9467.234375
40490,10650.37109375
40491,6406.9970703125
40492,4860.47802734375
40493,4662.857421875
40494,5862.162109375
40495,4928.1845703125
40496,11962.05859375
40497,6111.52783203125
40498,7992.84130859375
40499,3169.97412109375
40500,6319.36669921875
40501,5803.96923828125
40502,9304.865234375
40503,7422.48876953125
40504,6113.541015625
40505,6979.162109375
40506,5715.07177734375
40507,9010.76953125
40508,8262.2275390625
40509,6742.30859375
40510,10717.0390625
40511,7359.66357421875
40512,8611.8935546875
40513,3653.19775390625
40514,6612.892578125
40515,5968.4375
40516,9248.9150390625
40517,7345.06982421875
40518,7079.11376953125
40519,7701.63134765625
40520,8547.751953125
40521,4652.46435546875
40522,6963.181640625
40523,7075.1796875
40524,3287.4697265625
40525,8637.5361328125
40526,17019.810546875
40527,7941.02880859375
40528,5980.267578125
40529,7226.74609375
40530,9110.4609375
40531,9282.2265625
40532,3792.793212890625
40533,4880.8212890625
40534,6022.34716796875
40535,9210.7314453125
40536,3393.874267578125
40537,3737.052490234375
40538,4877.37109375
40539,5550.72021484375
40540,5680.12890625
40541,3219.475830078125
40542,3216.360595703125
40543,7815.3642578125
40544,4489.36376953125
40545,4842.18359375
40546,5343.89111328125
40547,5058.01318359375
40548,9984.5732421875
40549,11962.5302734375
40550,5807.919921875
40551,7675.61474609375
40552,7208.3408203125
40553,8663.1435546875
40554,4666.8408203125
40555,3543.45849609375
40556,4919.84326171875
40557,13297.0498046875
40558,4358.1806640625
40559,7632.62939453125
40560,2075.591552734375
40561,3468.653076171875
40562,6306.91357421875
40563,7163.15283203125
40564,4631.0908203125
40565,9830.2041015625
40566,9977.4501953125
40567,7856.42529296875
40568,4733.345703125
40569,10868.689453125
40570,2166.976318359375
40571,4300.951171875
40572,7030.951171875
40573,4934.2646484375
40574,10154.8203125
40575,2141.5087890625
40576,6451.1689453125
40577,6566.9140625
40578,7927.87939453125
40579,11347.9482421875
40580,4851.06494140625
40581,3076.4814453125
40582,11971.986328125
40583,10287.1484375
40584,4799.12841796875
40585,5129.4912109375
40586,10001.029296875
40587,7359.955078125
40588,4918.8134765625
40589,4120.751953125
40590,7729.88232421875
40591,4460.11083984375
40592,11708.6376953125
40593,9445.7578125
40594,11568.19140625
40595,7258.759765625
40596,5641.71728515625
40597,1437.2689208984375
40598,5341.341796875
40599,6299.0537109375
40600,4449.80615234375
40601,9248.8935546875
40602,5337.484375
40603,2701.573974609375
40604,7360.01513671875
40605,4152.8984375
40606,8996.189453125
40607,6859.82421875
40608,7421.37939453125
40609,8471.1044921875
40610,5141.24658203125
40611,8107.17138671875
40612,7588.4208984375
40613,5934.79736328125
40614,7337.29736328125
40615,4174.4814453125
40616,8978.54296875
40617,6553.7880859375
40618,3492.820556640625
40619,5623.03369140625
40620,7952.2236328125
40621,6263.0908203125
40622,4117.533203125
40623,6033.75390625
40624,6429.13623046875
40625,5739.2314453125
40626,4657.32958984375
40627,9501.951171875
40628,3811.905517578125
40629,3850.293701171875
40630,5452.88134765625
40631,5724.3095703125
40632,3558.7451171875
40633,5800.23828125
40634,8022.23486328125
40635,8890.35546875
40636,10683.8486328125
40637,8521.4443359375
40638,8645.5234375
40639,8281.1044921875
40640,4697.365234375
40641,10859.265625
40642,9086.3154296875
40643,6208.91162109375
40644,5889.08056640625
40645,5975.20458984375
40646,5113.0146484375
40647,2848.48974609375
40648,11673.2890625
40649,6882.9189453125
40650,6780.462890625
40651,4753.21533203125
40652,596.6530151367188
40653,8818.5693359375
40654,5852.07373046875
40655,5408.6611328125
40656,4080.571533203125
40657,4807.64453125
40658,7054.70458984375
40659,4235.71875
40660,11547.466796875
40661,5421.830078125
40662,4773.5419921875
40663,3453.46240234375
40664,3328.969970703125
40665,5654.92578125
40666,15965.3681640625
40667,3935.197265625
40668,6109.29736328125
40669,5260.5302734375
40670,3942.09423828125
40671,3007.017822265625
40672,6187.01611328125
40673,2813.511962890625
40674,10657.2578125
40675,5472.453125
40676,2397.730224609375
40677,9207.3134765625
40678,1740.779052734375
40679,4414.95166015625
40680,10920.05859375
40681,9016.0087890625
40682,9014.498046875
40683,3013.2783203125
40684,5405.14208984375
40685,5484.6806640625
40686,4652.025390625
40687,15922.927734375
40688,12161.443359375
40689,5723.8515625
40690,2601.310546875
40691,5682.474609375
40692,4458.15087890625
40693,3266.39208984375
40694,8652.4873046875
40695,5438.34716796875
40696,4736.0498046875
40697,7573.4970703125
40698,5205.45166015625
40699,4777.0810546875
40700,5732.47216796875
40701,7265.7294921875
40702,7583.27392578125
40703,3498.945068359375
40704,6775.419921875
40705,5741.64013671875
40706,8556.7890625
40707,6415.0009765625
40708,8511.6494140625
40709,3213.794921875
40710,10387.3388671875
40711,5619.05224609375
40712,4126.2646484375
40713,4649.080078125
40714,5213.8974609375
40715,4198.953125
40716,6974.2587890625
40717,5486.35498046875
40718,5671.97119140625
40719,5052.64599609375
40720,7988.6923828125
40721,8443.17578125
40722,5612.021484375
40723,7913.28173828125
40724,6591.8642578125
40725,3548.59716796875
40726,12021.12890625
40727,3932.93017578125
40728,3628.816162109375
40729,6304.42626953125
40730,11308.7919921875
40731,9214.8916015625
40732,4526.416015625
40733,5119.49609375
40734,6721.71630859375
40735,6820.416015625
40736,4299.4130859375
40737,7988.74951171875
40738,3923.62158203125
40739,5235.36572265625
40740,3399.750244140625
40741,3003.627197265625
40742,4061.32177734375
40743,7406.4287109375
40744,7618.9462890625
40745,6856.73486328125
40746,5584.8349609375
40747,8340.056640625
40748,8636.107421875
40749,4125.82080078125
40750,5736.79248046875
40751,6245.91259765625
40752,8937.076171875
40753,5830.13037109375
40754,2124.166015625
40755,6790.283203125
40756,7280.64111328125
40757,6476.32275390625
40758,5942.3818359375
40759,3605.441650390625
40760,9491.2705078125
40761,2821.39794921875
40762,9043.5185546875
40763,4828.06591796875
40764,4375.1767578125
40765,6889.89013671875
40766,5412.28955078125
40767,4542.46826171875
40768,7973.0908203125
40769,3102.07080078125
40770,7484.46875
40771,9844.294921875
40772,7404.60009765625
40773,2806.14990234375
40774,5869.42919921875
40775,4103.072265625
40776,2199.41796875
40777,4891.5146484375
40778,5988.26611328125
40779,6655.44580078125
40780,5360.42724609375
40781,4931.97802734375
40782,5139.57763671875
40783,7863.33837890625
40784,5526.65283203125
40785,6077.482421875
40786,4514.0068359375
40787,5738.341796875
40788,5546.794921875
40789,7990.04150390625
40790,7673.9736328125
40791,7481.50634765625
40792,8230.9580078125
40793,5694.3798828125
40794,5283.7841796875
40795,3219.32861328125
40796,6521.11767578125
40797,9710.318359375
40798,5897.72412109375
40799,9291.203125
40800,15458.5732421875
40801,3096.592529296875
40802,4047.114990234375
40803,4014.2255859375
40804,8916.19921875
40805,8564.8740234375
40806,7967.560546875
40807,8461.767578125
40808,8509.625
40809,7634.9375
40810,6583.171875
40811,5679.70947265625
40812,3399.381103515625
40813,5689.9248046875
40814,3935.265869140625
40815,3049.34130859375
40816,6579.8076171875
40817,16625.724609375
40818,5895.54931640625
40819,3978.17919921875
40820,4441.49365234375
40821,4554.51171875
40822,6150.49609375
40823,3371.341552734375
40824,7092.693359375
40825,7460.1259765625
40826,4810.72314453125
40827,13343.994140625
40828,12575.4453125
40829,4730.775390625
40830,6190.1181640625
40831,3950.301025390625
40832,3589.110595703125
40833,5794.6416015625
40834,7866.7353515625
40835,4388.26123046875
40836,4583.3720703125
40837,4040.326171875
40838,5822.4423828125
40839,5241.59912109375
40840,6831.0732421875
40841,3675.610595703125
40842,8321.1865234375
40843,7756.7578125
40844,5556.8564453125
40845,5016.11328125
40846,4382.7216796875
40847,5759.60546875
40848,5268.07958984375
40849,11164.375
40850,4753.2724609375
40851,4671.58447265625
40852,6337.1259765625
40853,4860.91015625
40854,6269.560546875
40855,4585.66259765625
40856,5749.380859375
40857,10843.8681640625
40858,7651.359375
40859,6249.16357421875
40860,4298.9609375
40861,5270.716796875
40862,6356.6640625
40863,4082.302490234375
40864,6022.7861328125
40865,5663.0537109375
40866,12438.8134765625
40867,7091.9931640625
40868,4981.59423828125
40869,6657.48388671875
40870,4030.163818359375
40871,8610.7734375
40872,5562.412109375
40873,8700.5224609375
40874,7474.62451171875
40875,4870.98779296875
40876,4046.3623046875
40877,2475.244140625
40878,4357.4892578125
40879,21253.505859375
40880,2011.152587890625
40881,5797.94970703125
40882,5865.7216796875
40883,6374.7705078125
40884,6150.71044921875
40885,8801.0849609375
40886,5340.17626953125
40887,6764.00341796875
40888,3191.695068359375
40889,9650.26953125
40890,4481.75927734375
40891,7008.080078125
40892,9973.7177734375
40893,5844.5185546875
40894,8473.7548828125
40895,6876.25244140625
40896,3146.994873046875
40897,6722.9169921875
40898,7833.32861328125
40899,3194.4169921875
40900,8458.81640625
40901,8209.7392578125
40902,5737.68359375
40903,8784.693359375
40904,8966.6826171875
40905,7033.73974609375
40906,5418.955078125
40907,4458.08984375
40908,7052.7080078125
40909,3885.574951171875
40910,7306.12548828125
40911,3006.006103515625
40912,6335.95947265625
40913,3250.58984375
40914,5924.02880859375
40915,5089.2646484375
40916,5148.05224609375
40917,5695.59619140625
40918,8869.3896484375
40919,5617.86474609375
40920,7651.7978515625
40921,6344.92138671875
40922,6316.94921875
40923,10303.8095703125
40924,7768.55078125
40925,3776.356201171875
40926,6440.3330078125
40927,6661.78076171875
40928,3098.50390625
40929,12937.1708984375
40930,6008.8671875
40931,6408.9248046875
40932,9492.1728515625
40933,6593.3076171875
40934,2094.87841796875
40935,12053.66796875
40936,9462.15234375
40937,5452.38525390625
40938,7816.380859375
40939,7370.61376953125
40940,8283.39453125
40941,5843.9453125
40942,4197.22998046875
40943,3962.4326171875
40944,5481.3857421875
40945,8134.69970703125
40946,2837.781494140625
40947,9664.4619140625
40948,6302.7841796875
40949,5249.59765625
40950,7222.521484375
40951,5648.86865234375
40952,6896.89306640625
40953,4563.9560546875
40954,5353.82861328125
40955,5061.4990234375
40956,5220.28271484375
40957,6550.43994140625
40958,6399.658203125
40959,8926.41796875
40960,6228.115234375
40961,3314.93505859375
40962,5284.6005859375
40963,7333.703125
40964,6604.697265625
40965,3578.96484375
40966,4966.33935546875
40967,8881.791015625
40968,7113.54052734375
40969,4668.64208984375
40970,7395.17138671875
40971,6894.3818359375
40972,5817.04931640625
40973,4279.40478515625
40974,1576.4052734375
40975,7977.384765625
40976,6670.2666015625
40977,5657.7412109375
40978,9156.013671875
40979,7252.2685546875
40980,3823.7568359375
40981,6167.599609375
40982,3315.720458984375
40983,1001.0944213867188
40984,5881.58349609375
40985,8362.4462890625
40986,5174.7138671875
40987,5271.4111328125
40988,3095.57568359375
40989,5389.23095703125
40990,8228.1728515625
40991,5389.10498046875
40992,7671.7109375
40993,4928.69921875
40994,4622.07763671875
40995,4005.55419921875
40996,6787.818359375
40997,3969.47900390625
40998,3252.3251953125
40999,3569.566162109375
41000,4626.1171875
41001,8350.9052734375
41002,4770.85888671875
41003,5461.5771484375
41004,5864.8193359375
41005,7899.86328125
41006,6008.67041015625
41007,4057.796142578125
41008,9901.55078125
41009,6903.92578125
41010,6484.09912109375
41011,2088.953857421875
41012,4596.46533203125
41013,5437.716796875
41014,4437.9287109375
41015,6480.86181640625
41016,8447.322265625
41017,7306.533203125
41018,6608.5927734375
41019,6177.97021484375
41020,5981.185546875
41021,10780.671875
41022,3227.84716796875
41023,4443.9560546875
41024,5445.81103515625
41025,5564.8779296875
41026,6822.171875
41027,8052.154296875
41028,6232.28857421875
41029,6333.40185546875
41030,2793.3115234375
41031,6404.796875
41032,9917.3125
41033,3726.526123046875
41034,7003.93798828125
41035,3954.902587890625
41036,7240.75048828125
41037,6935.109375
41038,5391.9765625
41039,6910.98681640625
41040,5069.17724609375
41041,5068.45263671875
41042,7225.28564453125
41043,5447.74951171875
41044,9427.365234375
41045,6089.95849609375
41046,9643.8974609375
41047,6205.47314453125
41048,4074.924072265625
41049,9219.8818359375
41050,3469.257568359375
41051,9714.6484375
41052,5973.828125
41053,5220.9443359375
41054,7840.267578125
41055,4906.56787109375
41056,4893.42724609375
41057,5616.044921875
41058,3901.390380859375
41059,2950.977294921875
41060,6725.83740234375
41061,7540.09423828125
41062,11219.2861328125
41063,6082.5126953125
41064,6202.455078125
41065,4411.8232421875
41066,7155.0341796875
41067,3694.660888671875
41068,10404.9833984375
41069,8543.4697265625
41070,11540.2412109375
41071,6412.56884765625
41072,5652.015625
41073,9851.5693359375
41074,8637.12890625
41075,3355.94580078125
41076,8605.8837890625
41077,6301.81884765625
41078,6162.78564453125
41079,6910.65576171875
41080,4930.9326171875
41081,2583.807861328125
41082,5182.07275390625
41083,4466.54736328125
41084,3087.68896484375
41085,8228.0966796875
41086,6916.90673828125
41087,24140.53515625
41088,6952.51171875
